{
  "v3_filtered": {
    "exp_id": "p521_lstm_l3_v3_filtered_s2026",
    "model": "lstm",
    "seed": "2026",
    "selection_mode": "fixed_override",
    "auc": 0.8224925563093939,
    "f1": 0.536839222130923,
    "global_ratio": 1.0137815147282947,
    "global_wmape": 1.3905519668857795,
    "sku_p50": 0.8131630660651719,
    "ice_sku_p50": 0.28022272884845734,
    "four_25_ratio": 0.35118237472878566,
    "four_25_wmape_like": 0.7003038817170698,
    "four_25_sku_p50": 0.2898963987827301,
    "ice_4_25_sku_p50": 0.1555603542174669,
    "blockbuster_sku_p50": 0.07388885850188819
  },
  "v5_lite": {
    "exp_id": "p527_lstm_l3_v5_lite_s2027",
    "model": "lstm",
    "seed": "2027",
    "selection_mode": "fixed_override",
    "auc": 0.8627485219063766,
    "f1": 0.5882352941176471,
    "global_ratio": 0.9360691786900472,
    "global_wmape": 1.270310701653166,
    "sku_p50": 0.870988130569458,
    "ice_sku_p50": 0.3013180047273636,
    "four_25_ratio": 0.3735186567267386,
    "four_25_wmape_like": 0.6826516833228998,
    "four_25_sku_p50": 0.33348938416482793,
    "ice_4_25_sku_p50": 0.1657968973569205,
    "blockbuster_sku_p50": 0.10017782900535446
  }
}