{
  "source_candidate_key": "p57_covact_lr005_l63_hard_g025",
  "selected_candidate": "sep098_oct093",
  "delivery_ready": false,
  "next_stage": "phase6_tree_stabilization",
  "needs_monthaware_refit": true,
  "candidate_summary": [
    {
      "candidate_key": "base_g025",
      "base_mode": "base",
      "sep_scale": 1.0,
      "oct_scale": 1.0,
      "use_ld080_q3": false,
      "global_ratio": 1.0448664880009537,
      "global_wmape": 0.8593063563846063,
      "4_25_ratio": 0.6447347359411105,
      "4_25_wmape_like": 0.4707740984147035,
      "4_25_sku_p50": 0.6123325585164634,
      "4_25_under_wape": 0.41301968123679655,
      "ice_sku_p50": 0.8454097658035715,
      "ice_4_25_sku_p50": 0.5185664621082704,
      "1_3_ratio": 1.4096397137029792,
      "1_3_over_wape": 0.5329095630636086,
      "blockbuster_ratio": 0.4723294654815676,
      "blockbuster_wmape_like": 0.553371952775392,
      "blockbuster_sku_p50": 0.4149336227362215,
      "blockbuster_under_wape": 0.5405212436469121,
      "blockbuster_within_50pct_rate": 0.3357140388470312,
      "top20_true_volume_capture": 0.6213059722144356,
      "rank_corr_positive_skus": 0.7365244419144066,
      "auc": 0.9551696529059313,
      "f1": 0.7558363709424608,
      "anchor_passes": 2,
      "delivery_ready": false
    },
    {
      "candidate_key": "base_g025_ld080_q3",
      "base_mode": "ld080_q3",
      "sep_scale": 1.0,
      "oct_scale": 1.0,
      "use_ld080_q3": true,
      "global_ratio": 0.9568638225257425,
      "global_wmape": 0.8017137742265155,
      "4_25_ratio": 0.6338379625343096,
      "4_25_wmape_like": 0.4816708718215046,
      "4_25_sku_p50": 0.5891679160688726,
      "4_25_under_wape": 0.42391645464359756,
      "ice_sku_p50": 0.7398740114583333,
      "ice_4_25_sku_p50": 0.48358170698158254,
      "1_3_ratio": 1.2257252260960687,
      "1_3_over_wape": 0.40576175782361773,
      "blockbuster_ratio": 0.4723294654815676,
      "blockbuster_wmape_like": 0.553371952775392,
      "blockbuster_sku_p50": 0.4149336227362215,
      "blockbuster_under_wape": 0.5405212436469121,
      "blockbuster_within_50pct_rate": 0.3357140388470312,
      "top20_true_volume_capture": 0.6213059722144356,
      "rank_corr_positive_skus": 0.7365244419144066,
      "auc": 0.9551696529059313,
      "f1": 0.7558363709424608,
      "anchor_passes": 2,
      "delivery_ready": false
    },
    {
      "candidate_key": "sep095_oct090",
      "base_mode": "base",
      "sep_scale": 0.95,
      "oct_scale": 0.9,
      "use_ld080_q3": false,
      "global_ratio": 1.001731790401665,
      "global_wmape": 0.8484905405735259,
      "4_25_ratio": 0.6197486125120748,
      "4_25_wmape_like": 0.4817613958352742,
      "4_25_sku_p50": 0.5890595072865246,
      "4_25_under_wape": 0.4310063916615997,
      "ice_sku_p50": 0.8122634037857144,
      "ice_4_25_sku_p50": 0.4986483884570403,
      "1_3_ratio": 1.3586508212190147,
      "1_3_over_wape": 0.49242571375935157,
      "blockbuster_ratio": 0.45393092801521445,
      "blockbuster_wmape_like": 0.5676340195772012,
      "blockbuster_sku_p50": 0.3987659588820591,
      "blockbuster_under_wape": 0.5568515457809934,
      "blockbuster_within_50pct_rate": 0.3025926821962628,
      "top20_true_volume_capture": 0.6213059722144356,
      "rank_corr_positive_skus": 0.7365244419144066,
      "auc": 0.9551696529059313,
      "f1": 0.7558363709424608,
      "anchor_passes": 4,
      "delivery_ready": false
    },
    {
      "candidate_key": "sep095_oct090_ld080_q3",
      "base_mode": "ld080_q3",
      "sep_scale": 0.95,
      "oct_scale": 0.9,
      "use_ld080_q3": true,
      "global_ratio": 0.9147650666694065,
      "global_wmape": 0.7945899527471103,
      "4_25_ratio": 0.6076180256761275,
      "4_25_wmape_like": 0.4938919826712216,
      "4_25_sku_p50": 0.556923443134139,
      "4_25_under_wape": 0.443136978497547,
      "ice_sku_p50": 0.7075147717209062,
      "ice_4_25_sku_p50": 0.46346129142549986,
      "1_3_ratio": 1.177136251680368,
      "1_3_over_wape": 0.3715103682803632,
      "blockbuster_ratio": 0.45393092801521445,
      "blockbuster_wmape_like": 0.5676340195772012,
      "blockbuster_sku_p50": 0.3987659588820591,
      "blockbuster_under_wape": 0.5568515457809934,
      "blockbuster_within_50pct_rate": 0.3025926821962628,
      "top20_true_volume_capture": 0.6213059722144356,
      "rank_corr_positive_skus": 0.7365244419144066,
      "auc": 0.9551696529059313,
      "f1": 0.7558363709424608,
      "anchor_passes": 2,
      "delivery_ready": false
    },
    {
      "candidate_key": "sep098_oct093",
      "base_mode": "base",
      "sep_scale": 0.98,
      "oct_scale": 0.93,
      "use_ld080_q3": false,
      "global_ratio": 1.0188056903185592,
      "global_wmape": 0.852616457852175,
      "4_25_ratio": 0.6299951447113596,
      "4_25_wmape_like": 0.477255630971861,
      "4_25_sku_p50": 0.5986382444937415,
      "4_25_under_wape": 0.42363024313025066,
      "ice_sku_p50": 0.8257619988535714,
      "ice_4_25_sku_p50": 0.506851106864445,
      "1_3_ratio": 1.3801092607212884,
      "1_3_over_wape": 0.5096425540230832,
      "blockbuster_ratio": 0.4606554530812972,
      "blockbuster_wmape_like": 0.5620361077464936,
      "blockbuster_sku_p50": 0.4047904535181246,
      "blockbuster_under_wape": 0.5506903273325982,
      "blockbuster_within_50pct_rate": 0.3206769429275823,
      "top20_true_volume_capture": 0.6213059722144356,
      "rank_corr_positive_skus": 0.7365244419144066,
      "auc": 0.9551696529059313,
      "f1": 0.7558363709424608,
      "anchor_passes": 4,
      "delivery_ready": false
    },
    {
      "candidate_key": "sep098_oct093_ld080_q3",
      "base_mode": "ld080_q3",
      "sep_scale": 0.98,
      "oct_scale": 0.93,
      "use_ld080_q3": true,
      "global_ratio": 0.9315077460048742,
      "global_wmape": 0.7972595680026283,
      "4_25_ratio": 0.6185039825434839,
      "4_25_wmape_like": 0.4887467931397368,
      "4_25_sku_p50": 0.5714574329248836,
      "4_25_under_wape": 0.4351214052981265,
      "ice_sku_p50": 0.7202039899583333,
      "ice_4_25_sku_p50": 0.47270716839520766,
      "1_3_ratio": 1.1977707603437018,
      "1_3_over_wape": 0.38659680895478615,
      "blockbuster_ratio": 0.4606554530812972,
      "blockbuster_wmape_like": 0.5620361077464936,
      "blockbuster_sku_p50": 0.4047904535181246,
      "blockbuster_under_wape": 0.5506903273325982,
      "blockbuster_within_50pct_rate": 0.3206769429275823,
      "top20_true_volume_capture": 0.6213059722144356,
      "rank_corr_positive_skus": 0.7365244419144066,
      "auc": 0.9551696529059313,
      "f1": 0.7558363709424608,
      "anchor_passes": 2,
      "delivery_ready": false
    },
    {
      "candidate_key": "sep100_oct095",
      "base_mode": "base",
      "sep_scale": 1.0,
      "oct_scale": 0.95,
      "use_ld080_q3": false,
      "global_ratio": 1.0301882902631552,
      "global_wmape": 0.8556254374987087,
      "4_25_ratio": 0.6368261661775496,
      "4_25_wmape_like": 0.4744945320491155,
      "4_25_sku_p50": 0.6050240692985528,
      "4_25_under_wape": 0.41883418293578295,
      "ice_sku_p50": 0.8347610622321429,
      "ice_4_25_sku_p50": 0.5123195858027149,
      "1_3_ratio": 1.3944148870561377,
      "1_3_over_wape": 0.5212990010302962,
      "blockbuster_ratio": 0.465138469792019,
      "blockbuster_wmape_like": 0.5585144716158609,
      "blockbuster_sku_p50": 0.4088067832755015,
      "blockbuster_under_wape": 0.5466880009119208,
      "blockbuster_within_50pct_rate": 0.3406159996313449,
      "top20_true_volume_capture": 0.6213059722144356,
      "rank_corr_positive_skus": 0.7365244419144066,
      "auc": 0.9551696529059313,
      "f1": 0.7558363709424608,
      "anchor_passes": 2,
      "delivery_ready": false
    },
    {
      "candidate_key": "sep100_oct095_ld080_q3",
      "base_mode": "ld080_q3",
      "sep_scale": 1.0,
      "oct_scale": 0.95,
      "use_ld080_q3": true,
      "global_ratio": 0.9426607157336264,