{
  "selected_candidate": "sep098_oct093",
  "strict_rnd_ready": false,
  "relaxed_rnd_ready": true,
  "next_stage": "manual_review_required",
  "candidate_summary": [
    {
      "candidate_key": "base_g025_ld080_q3",
      "track": "event_tree_anchor_calibration",
      "global_ratio": 0.9568638225257425,
      "global_wmape": 0.8017137742265155,
      "4_25_ratio": 0.6338379625343096,
      "4_25_wmape_like": 0.4816708718215046,
      "4_25_sku_p50": 0.5891679160688726,
      "4_25_under_wape": 0.42391645464359756,
      "ice_sku_p50": 0.7398740114583333,
      "ice_4_25_sku_p50": 0.4835817069815825,
      "1_3_ratio": 1.2257252260960687,
      "1_3_over_wape": 0.40576175782361773,
      "blockbuster_ratio": 0.4723294654815676,
      "blockbuster_wmape_like": 0.553371952775392,
      "blockbuster_sku_p50": 0.4149336227362215,
      "blockbuster_under_wape": 0.5405212436469121,
      "blockbuster_within_50pct_rate": 0.33571403884703116,
      "top20_true_volume_capture": 0.6213059722144356,
      "rank_corr_positive_skus": 0.7365244419144066,
      "auc": 0.9551696529059313,
      "f1": 0.7558363709424608,
      "anchor_passes": 2,
      "strict_rnd_ready": false,
      "relaxed_rnd_ready": false
    },
    {
      "candidate_key": "sep095_oct090",
      "track": "event_tree_anchor_calibration",
      "global_ratio": 1.001731790401665,
      "global_wmape": 0.848490540573526,
      "4_25_ratio": 0.6197486125120748,
      "4_25_wmape_like": 0.4817613958352742,
      "4_25_sku_p50": 0.5890595072865246,
      "4_25_under_wape": 0.4310063916615997,
      "ice_sku_p50": 0.8122634037857144,
      "ice_4_25_sku_p50": 0.4986483884570403,
      "1_3_ratio": 1.3586508212190147,
      "1_3_over_wape": 0.4924257137593515,
      "blockbuster_ratio": 0.45393092801521445,
      "blockbuster_wmape_like": 0.5676340195772012,
      "blockbuster_sku_p50": 0.3987659588820591,
      "blockbuster_under_wape": 0.5568515457809934,
      "blockbuster_within_50pct_rate": 0.30259268219626273,
      "top20_true_volume_capture": 0.6213059722144356,
      "rank_corr_positive_skus": 0.7365244419144066,
      "auc": 0.9551696529059313,
      "f1": 0.7558363709424608,
      "anchor_passes": 4,
      "strict_rnd_ready": false,
      "relaxed_rnd_ready": true
    },
    {
      "candidate_key": "sep098_oct093",
      "track": "event_tree_anchor_calibration",
      "global_ratio": 1.0188056903185592,
      "global_wmape": 0.8526164578521751,
      "4_25_ratio": 0.6299951447113596,
      "4_25_wmape_like": 0.47725563097186097,
      "4_25_sku_p50": 0.5986382444937415,
      "4_25_under_wape": 0.42363024313025066,
      "ice_sku_p50": 0.8257619988535714,
      "ice_4_25_sku_p50": 0.506851106864445,
      "1_3_ratio": 1.3801092607212884,
      "1_3_over_wape": 0.5096425540230832,
      "blockbuster_ratio": 0.4606554530812972,
      "blockbuster_wmape_like": 0.5620361077464935,
      "blockbuster_sku_p50": 0.4047904535181246,
      "blockbuster_under_wape": 0.5506903273325982,
      "blockbuster_within_50pct_rate": 0.32067694292758225,
      "top20_true_volume_capture": 0.6213059722144356,
      "rank_corr_positive_skus": 0.7365244419144066,
      "auc": 0.9551696529059313,
      "f1": 0.7558363709424608,
      "anchor_passes": 4,
      "strict_rnd_ready": false,
      "relaxed_rnd_ready": true
    },
    {
      "candidate_key": "p6c_monthaware_g025",
      "track": "event_tree_monthaware_refit",
      "global_ratio": 1.1026070238922094,
      "global_wmape": 0.9765547616430008,
      "4_25_ratio": 0.6180183715521153,
      "4_25_wmape_like": 0.49834098318754516,
      "4_25_sku_p50": 0.5833598629373629,
      "4_25_under_wape": 0.44016130581771495,
      "ice_sku_p50": 0.8425331225,
      "ice_4_25_sku_p50": 0.5000837632257542,
      "1_3_ratio": 1.4852066274279518,
      "1_3_over_wape": 0.6155029990348553,
      "blockbuster_ratio": 0.4273576195387114,
      "blockbuster_wmape_like": 0.6006630914654196,
      "blockbuster_sku_p50": 0.33977829175433216,
      "blockbuster_under_wape": 0.5866527359633542,
      "blockbuster_within_50pct_rate": 0.26728762010091933,
      "top20_true_volume_capture": 0.6039689906774267,
      "rank_corr_positive_skus": 0.6868269643388559,
      "auc": 0.9417829296409002,
      "f1": 0.7254248209251581,
      "anchor_passes": 2,
      "strict_rnd_ready": false,
      "relaxed_rnd_ready": false
    },
    {
      "candidate_key": "p6c_monthaware_g025_ld080_q3",
      "track": "event_tree_monthaware_refit",
      "global_ratio": 1.0044895526467783,
      "global_wmape": 0.9080851032960336,
      "4_25_ratio": 0.6061732899318855,
      "4_25_wmape_like": 0.5101860648077751,
      "4_25_sku_p50": 0.5551425625664551,
      "4_25_under_wape": 0.45200638743794486,
      "ice_sku_p50": 0.7401625248442458,
      "ice_4_25_sku_p50": 0.46087476962518026,
      "1_3_ratio": 1.3075779124406184,
      "1_3_over_wape": 0.48976321300748715,
      "blockbuster_ratio": 0.4273576195387114,
      "blockbuster_wmape_like": 0.6006630914654196,
      "blockbuster_sku_p50": 0.33977829175433216,
      "blockbuster_under_wape": 0.5866527359633542,
      "blockbuster_within_50pct_rate": 0.26728762010091933,
      "top20_true_volume_capture": 0.6039689906774267,
      "rank_corr_positive_skus": 0.6868269643388559,
      "auc": 0.9417829296409002,
      "f1": 0.7254248209251581,
      "anchor_passes": 2,
      "strict_rnd_ready": false,
      "relaxed_rnd_ready": false
    }
  ],
  "reference_summary": [
    {
      "candidate_key": "p531",
      "track": "event_tree_backup",
      "global_ratio": 1.1717381195761287,
      "global_wmape": 1.0316612139131693,
      "4_25_ratio": 0.6222829582984257,
      "4_25_wmape_like": 0.49518609696200144,
      "4_25_sku_p50": 0.586637670696069,
      "4_25_under_wape": 0.4364515693317879,
      "ice_sku_p50": 0.8896334693891406,
      "ice_4_25_sku_p50": 0.5014599896161938,
      "1_3_ratio": 1.498068571944332,
      "1_3_over_wape": 0.6107978519083743,
      "blockbuster_ratio": 0.4335113704711013,
      "blockbuster_wmape_like": 0.5922756840054826,
      "blockbuster_sku_p50": 0.35637890282538576,
      "blockbuster_under_wape": 0.5793821567671906,
      "blockbuster_within_50pct_rate": 0.26415405174995965,
      "top20_true_volume_capture": 0.6080932440687414,
      "rank_corr_positive_skus": 0.6918181918150808,
      "auc": 0.9436656469791971,
      "f1": 0.7286535253047746
    },
    {
      "candidate_key": "p535",
      "track": "event_tree_confirmed",
      "global_ratio": 1.1791046585902438,
      "global_wmape": 1.036445078567604,
      "4_25_ratio": 0.6236317225756365,
      "4_25_wmape_like": 0.4925958359877278,
      "4_25_sku_p50": 0.5864471169266209,
      "4_25_under_wape": 0.4344820567060457,
      "ice_sku_p50": 0.8855321647916667,
      "ice_4_25_sku_p50": 0.5008638906696105,
      "1_3_ratio": 1.5038073794543991,
      "1_3_over_wape": 0.6162267410429598,
      "blockbuster_ratio": 0.435962933818687,
      "blockbuster_wmape_like": 0.5940661221316693,
      "blockbuster_sku_p50": 0.3561138554466955,
      "blockbuster_under_wape": 0.5790515941564911,
      "blockbuster_within_50pct_rate": 0.2550004608188751,
      "top20_true_volume_capture": 0.6079927590367874,
      "rank_corr_positive_skus": 0.691321860385389,
      "auc": 0.9431642933054039,
      "f1": 0.7271772034083361
    },
    {
      "candidate_key": "p527",
      "track": "sequence_baseline",
      "global_ratio": 1.0451192685906814,
      "global_wmape": 1.4735406703105032,
      "4_25_ratio": 0.2644609756292867,
      "4_25_wmape_like": 0.7483578734150069,
      "4_25_sku_p50": 0.2329409650556974,
      "4_25_under_wape": 0.7419484488928602,
      "ice_sku_p50": 0.17061292387308444,
      "ice_4_25_sku_p50": 0.08650624396891397,
      "1_3_ratio": 0.9109288114379535,
      "1_3_over_wape": 0.24680207769986237,
      "blockbuster_ratio": 0.1350686366058328,
      "blockbuster_wmape_like": 0.8649313633941672,
      "blockbuster_sku_p50": 0.10003764667328996,