{
  "selected_candidate": "sep098_oct093",
  "freeze_current_tree_mainline": true,
  "phase6f_trigger": true,
  "trigger_flags": {
    "lightgbm_mainline_stands": true,
    "structural_shortfall_present": true,
    "no_meaningful_lgbm_gain_left": true
  },
  "next_stage": "phase6f_tree_family_compare",
  "candidate_summary": [
    {
      "candidate_key": "sep098_oct093",
      "track": "event_tree_mainline",
      "global_ratio": 1.0188056903185592,
      "global_wmape": 0.852616457852175,
      "4_25_ratio": 0.6299951447113596,
      "4_25_wmape_like": 0.477255630971861,
      "4_25_sku_p50": 0.5986382444937415,
      "4_25_under_wape": 0.42363024313025066,
      "ice_sku_p50": 0.8257619988535714,
      "ice_4_25_sku_p50": 0.506851106864445,
      "1_3_ratio": 1.3801092607212884,
      "1_3_over_wape": 0.5096425540230832,
      "blockbuster_ratio": 0.4606554530812972,
      "blockbuster_wmape_like": 0.5620361077464936,
      "blockbuster_sku_p50": 0.4047904535181246,
      "blockbuster_under_wape": 0.5506903273325982,
      "blockbuster_within_50pct_rate": 0.3206769429275823,
      "blockbuster_catastrophic_under_rate": 0.3391396511601115,
      "blockbuster_top10_true_volume_capture": 0.18159695553181332,
      "blockbuster_top20_true_volume_capture": 0.30696384292006473,
      "top10_true_volume_capture": 0.45219367820755973,
      "top20_true_volume_capture": 0.6213059722144356,
      "rank_corr_positive_skus": 0.7365244419144066,
      "false_zero_rate": 0.0372165926213992,
      "false_positive_rate_zero_true": 0.2017268347807167,
      "zero_true_pred_ge_3_rate": 0.018304959977940138,
      "true_gt_10_pred_le_1_rate": 0.0010204081632653062,
      "repl0_fut0_ratio": 0.7271051989131804,
      "repl0_fut0_under_wape": 0.5524603261797603,
      "repl0_fut1_ratio": 1.4358857324858312,
      "repl0_fut1_under_wape": 0.21354806721271158,
      "repl1_fut0_ratio": 2.152478918168623,
      "repl1_fut0_under_wape": 0.36900156295571035,
      "repl1_fut1_ratio": 1.1455993318655873,
      "repl1_fut1_under_wape": 0.26975318979661056,
      "auc": 0.9551696529059313,
      "f1": 0.7558363709424608,
      "repl0_fut0_rows": 26094,
      "repl0_fut1_rows": 689,
      "repl1_fut0_rows": 9030,
      "repl1_fut1_rows": 5147,
      "anchor_passes": 4,
      "source_phase": "phase6e_tree_validation_pack",
      "category_worst5_ratio": "[{\"category\": \"连体裤\", \"ratio\": 6.954764869333334, \"total_true\": 6.0, \"total_pred\": 41.728589216}, {\"category\": \"背心\", \"ratio\": 3.8152585236945415, \"total_true\": 168.000002, \"total_pred\": 640.9634396112}, {\"category\": \"连衣裙\", \"ratio\": 2.2072496097291205, \"total_true\": 381.9999975, \"total_pred\": 843.1693453984}, {\"category\": \"皮草\", \"ratio\": 2.1878973923076925, \"total_true\": 13.0, \"total_pred\": 28.4426661}, {\"category\": \"皮衣\", \"ratio\": 1.943035086427257, \"total_true\": 40.9999995, \"total_pred\": 79.664437572}]",
      "category_worst5_under_wape": "[{\"category\": \"连体裤\", \"under_wape\": 0.594536864, \"total_true\": 6.0, \"total_pred\": 41.728589216}, {\"category\": \"棉服\", \"under_wape\": 0.5603808305396504, \"total_true\": 454.0000105, \"total_pred\": 264.299135962}, {\"category\": \"卫衣\", \"under_wape\": 0.5305889052357713, \"total_true\": 360.000007, \"total_pred\": 280.441810654}, {\"category\": \"毛衣\", \"under_wape\": 0.4542613984936462, \"total_true\": 4077.0000245, \"total_pred\": 4047.6835723821}, {\"category\": \"毛衣开衫\", \"under_wape\": 0.43980126616257803, \"total_true\": 1839.000015, \"total_pred\": 1776.907510581}]",
      "primary_layer_ok": true,
      "secondary_ok": true,
      "guardrail_ok": true,
      "global_ratio_gap": 0.018805690318559165
    },
    {
      "candidate_key": "sep095_oct090",
      "track": "event_tree_conservative",
      "global_ratio": 1.001731790401665,
      "global_wmape": 0.8484905405735259,
      "4_25_ratio": 0.6197486125120748,
      "4_25_wmape_like": 0.4817613958352742,
      "4_25_sku_p50": 0.5890595072865246,
      "4_25_under_wape": 0.4310063916615997,
      "ice_sku_p50": 0.8122634037857144,
      "ice_4_25_sku_p50": 0.4986483884570403,
      "1_3_ratio": 1.3586508212190147,
      "1_3_over_wape": 0.49242571375935157,
      "blockbuster_ratio": 0.45393092801521445,
      "blockbuster_wmape_like": 0.5676340195772012,
      "blockbuster_sku_p50": 0.3987659588820591,
      "blockbuster_under_wape": 0.5568515457809934,
      "blockbuster_within_50pct_rate": 0.3025926821962628,
      "blockbuster_catastrophic_under_rate": 0.36278829980876015,
      "blockbuster_top10_true_volume_capture": 0.18159695553181332,
      "blockbuster_top20_true_volume_capture": 0.30696384292006473,
      "top10_true_volume_capture": 0.45219367820755973,
      "top20_true_volume_capture": 0.6213059722144356,
      "rank_corr_positive_skus": 0.7365244419144066,
      "false_zero_rate": 0.0372165926213992,
      "false_positive_rate_zero_true": 0.2017268347807167,
      "zero_true_pred_ge_3_rate": 0.017572644843991455,
      "true_gt_10_pred_le_1_rate": 0.0010204081632653062,
      "repl0_fut0_ratio": 0.7141454311503939,
      "repl0_fut0_under_wape": 0.5578806672314482,
      "repl0_fut1_ratio": 1.4169991919010079,
      "repl0_fut1_under_wape": 0.21956816280983857,
      "repl1_fut0_ratio": 2.108612387374585,
      "repl1_fut0_under_wape": 0.3753102113433387,
      "repl1_fut1_ratio": 1.1275684997045725,
      "repl1_fut1_under_wape": 0.2771146396453793,
      "auc": 0.9551696529059313,
      "f1": 0.7558363709424608,
      "repl0_fut0_rows": 26094,
      "repl0_fut1_rows": 689,
      "repl1_fut0_rows": 9030,
      "repl1_fut1_rows": 5147,
      "anchor_passes": 4,
      "source_phase": "phase6e_tree_validation_pack",
      "category_worst5_ratio": "[{\"category\": \"连体裤\", \"ratio\": 6.759433968333333, \"total_true\": 6.0, \"total_pred\": 40.55660381}, {\"category\": \"背心\", \"ratio\": 3.71189567797148, \"total_true\": 168.000002, \"total_pred\": 623.598481323}, {\"category\": \"皮草\", \"ratio\": 2.1878973923076925, \"total_true\": 13.0, \"total_pred\": 28.4426661}, {\"category\": \"连衣裙\", \"ratio\": 2.1607156073593954, \"total_true\": 381.9999975, \"total_pred\": 825.3933566095}, {\"category\": \"皮衣\", \"ratio\": 1.9099863997559317, \"total_true\": 40.9999995, \"total_pred\": 78.309441435}]",
      "category_worst5_under_wape": "[{\"category\": \"连体裤\", \"under_wape\": 0.60184696, \"total_true\": 6.0, \"total_pred\": 40.55660381}, {\"category\": \"棉服\", \"under_wape\": 0.5633650789750367, \"total_true\": 454.0000105, \"total_pred\": 262.4852686}, {\"category\": \"卫衣\", \"under_wape\": 0.5327844707930798, \"total_true\": 360.000007, \"total_pred\": 277.956593125}, {\"category\": \"毛衣\", \"under_wape\": 0.45892429841338106, \"total_true\": 4077.0000245, \"total_pred\": 3995.641538037}, {\"category\": \"毛衣开衫\", \"under_wape\": 0.4451444450722313, \"total_true\": 1839.000015, \"total_pred\": 1748.52750741}]",
      "primary_layer_ok": true,
      "secondary_ok": true,
      "guardrail_ok": true,
      "global_ratio_gap": 0.0017317904016649344
    },
    {
      "candidate_key": "p535",
      "track": "event_tree_confirmed",
      "global_ratio": 1.1791046585902438,
      "global_wmape": 1.036445078567604,
      "4_25_ratio": 0.6236317225756365,
      "4_25_wmape_like": 0.4925958359877278,
      "4_25_sku_p50": 0.5864471169266209,
      "4_25_under_wape": 0.4344820567060457,
      "ice_sku_p50": 0.8855321647916667,
      "ice_4_25_sku_p50": 0.5008638906696105,
      "1_3_ratio": 1.5038073794543991,
      "1_3_over_wape": 0.6162267410429598,
      "blockbuster_ratio": 0.435962933818687,
      "blockbuster_wmape_like": 0.5940661221316693,
      "blockbuster_sku_p50": 0.3561138554466955,
      "blockbuster_under_wape": 0.5790515941564911,
      "blockbuster_within_50pct_rate": 0.2550004608188751,
      "blockbuster_catastrophic_under_rate": 0.4327054676159535,
      "blockbuster_top10_true_volume_capture": 0.18801540230640434,