{
  "selected_candidate": "sep098_base",
  "primary_gate_ok": true,
  "guardrail_ok": true,
  "candidate_summary": [
    {
      "candidate_key": "sep098_base",
      "track": "event_tree_micro_calibration",
      "base_family": "sep098",
      "sep_ld_factor": NaN,
      "sep_ld_max_qty": NaN,
      "global_ratio": 1.0188056903185592,
      "global_wmape": 0.852616457852175,
      "4_25_ratio": 0.6299951447113596,
      "4_25_wmape_like": 0.477255630971861,
      "4_25_sku_p50": 0.5986382444937415,
      "4_25_under_wape": 0.42363024313025066,
      "ice_sku_p50": 0.8257619988535714,
      "ice_4_25_sku_p50": 0.506851106864445,
      "1_3_ratio": 1.3801092607212884,
      "1_3_over_wape": 0.5096425540230832,
      "blockbuster_ratio": 0.4606554530812972,
      "blockbuster_wmape_like": 0.5620361077464936,
      "blockbuster_sku_p50": 0.4047904535181246,
      "blockbuster_under_wape": 0.5506903273325982,
      "blockbuster_within_50pct_rate": 0.3206769429275823,
      "top20_true_volume_capture": 0.6213059722144356,
      "rank_corr_positive_skus": 0.7365244419144066,
      "auc": 0.9551696529059313,
      "f1": 0.7558363709424608,
      "anchor_passes": 4,
      "guardrail_ok": true,
      "primary_gate_ok": true,
      "secondary_ok": true
    },
    {
      "candidate_key": "sep098_sep_ld095_q3",
      "track": "event_tree_micro_calibration",
      "base_family": "sep098",
      "sep_ld_factor": 0.95,
      "sep_ld_max_qty": 3.0,
      "global_ratio": 1.0139871138431085,
      "global_wmape": 0.8492513013202516,
      "4_25_ratio": 0.6294875248690781,
      "4_25_wmape_like": 0.4777632508141426,
      "4_25_sku_p50": 0.5982045274790356,
      "4_25_under_wape": 0.42413786297253225,
      "ice_sku_p50": 0.8199266508423765,
      "ice_4_25_sku_p50": 0.504607122423783,
      "1_3_ratio": 1.369413084182574,
      "1_3_over_wape": 0.5017036284725604,
      "blockbuster_ratio": 0.4606554530812972,
      "blockbuster_wmape_like": 0.5620361077464936,
      "blockbuster_sku_p50": 0.4047904535181246,
      "blockbuster_under_wape": 0.5506903273325982,
      "blockbuster_within_50pct_rate": 0.3206769429275823,
      "top20_true_volume_capture": 0.6213059722144356,
      "rank_corr_positive_skus": 0.7365244419144066,
      "auc": 0.9551696529059313,
      "f1": 0.7558363709424608,
      "anchor_passes": 4,
      "guardrail_ok": true,
      "primary_gate_ok": true,
      "secondary_ok": true
    },
    {
      "candidate_key": "sep098_sep_ld090_q3",
      "track": "event_tree_micro_calibration",
      "base_family": "sep098",
      "sep_ld_factor": 0.9,
      "sep_ld_max_qty": 3.0,
      "global_ratio": 1.009168537367658,
      "global_wmape": 0.8459806782840599,
      "4_25_ratio": 0.6289799050267966,
      "4_25_wmape_like": 0.4782708706564242,
      "4_25_sku_p50": 0.5973866347915356,
      "4_25_under_wape": 0.42464548281481385,
      "ice_sku_p50": 0.8131077868795153,
      "ice_4_25_sku_p50": 0.5033304310271558,
      "1_3_ratio": 1.3587169076438594,
      "1_3_over_wape": 0.4940527386314479,
      "blockbuster_ratio": 0.4606554530812972,
      "blockbuster_wmape_like": 0.5620361077464936,
      "blockbuster_sku_p50": 0.4047904535181246,
      "blockbuster_under_wape": 0.5506903273325982,
      "blockbuster_within_50pct_rate": 0.3206769429275823,
      "top20_true_volume_capture": 0.6213059722144356,
      "rank_corr_positive_skus": 0.7365244419144066,
      "auc": 0.9551696529059313,
      "f1": 0.7558363709424608,
      "anchor_passes": 4,
      "guardrail_ok": true,
      "primary_gate_ok": true,
      "secondary_ok": true
    },
    {
      "candidate_key": "sep098_sep_ld095_q4",
      "track": "event_tree_micro_calibration",
      "base_family": "sep098",
      "sep_ld_factor": 0.95,
      "sep_ld_max_qty": 4.0,
      "global_ratio": 1.012851578503228,
      "global_wmape": 0.8489138935133397,
      "4_25_ratio": 0.6287539857477192,
      "4_25_wmape_like": 0.4784967899355015,
      "4_25_sku_p50": 0.5958560846340356,
      "4_25_under_wape": 0.4248714020938912,
      "ice_sku_p50": 0.8194391268736265,
      "ice_4_25_sku_p50": 0.5043099219781128,
      "1_3_ratio": 1.3667720638207108,
      "1_3_over_wape": 0.49907946040083123,
      "blockbuster_ratio": 0.4606554530812972,
      "blockbuster_wmape_like": 0.5620361077464936,
      "blockbuster_sku_p50": 0.4047904535181246,
      "blockbuster_under_wape": 0.5506903273325982,
      "blockbuster_within_50pct_rate": 0.3206769429275823,
      "top20_true_volume_capture": 0.6213059722144356,
      "rank_corr_positive_skus": 0.7365244419144066,
      "auc": 0.9551696529059313,
      "f1": 0.7558363709424608,
      "anchor_passes": 4,
      "guardrail_ok": true,
      "primary_gate_ok": true,
      "secondary_ok": true
    },
    {
      "candidate_key": "sep095_base",
      "track": "event_tree_micro_calibration",
      "base_family": "sep095",
      "sep_ld_factor": NaN,
      "sep_ld_max_qty": NaN,
      "global_ratio": 1.001731790401665,
      "global_wmape": 0.8484905405735259,
      "4_25_ratio": 0.6197486125120748,
      "4_25_wmape_like": 0.4817613958352742,
      "4_25_sku_p50": 0.5890595072865246,
      "4_25_under_wape": 0.4310063916615997,
      "ice_sku_p50": 0.8122634037857144,
      "ice_4_25_sku_p50": 0.4986483884570403,
      "1_3_ratio": 1.3586508212190147,
      "1_3_over_wape": 0.49242571375935157,
      "blockbuster_ratio": 0.45393092801521445,
      "blockbuster_wmape_like": 0.5676340195772012,
      "blockbuster_sku_p50": 0.3987659588820591,
      "blockbuster_under_wape": 0.5568515457809934,
      "blockbuster_within_50pct_rate": 0.3025926821962628,
      "top20_true_volume_capture": 0.6213059722144356,
      "rank_corr_positive_skus": 0.7365244419144066,
      "auc": 0.9551696529059313,
      "f1": 0.7558363709424608,
      "anchor_passes": 4,
      "guardrail_ok": true,
      "primary_gate_ok": true,
      "secondary_ok": true
    },
    {
      "candidate_key": "sep095_sep_ld095_q3",
      "track": "event_tree_micro_calibration",
      "base_family": "sep095",
      "sep_ld_factor": 0.95,
      "sep_ld_max_qty": 3.0,
      "global_ratio": 0.9969337703072401,
      "global_wmape": 0.8452654205098483,
      "4_25_ratio": 0.6191663353127514,
      "4_25_wmape_like": 0.4823436730345977,
      "4_25_sku_p50": 0.5886390673232892,
      "4_25_under_wape": 0.4315886688609232,
      "ice_sku_p50": 0.8066066888769029,
      "ice_4_25_sku_p50": 0.496473097417623,
      "1_3_ratio": 1.348004026093207,
      "1_3_over_wape": 0.4846544266881719,
      "blockbuster_ratio": 0.45393092801521445,
      "blockbuster_wmape_like": 0.5676340195772012,
      "blockbuster_sku_p50": 0.3987659588820591,
      "blockbuster_under_wape": 0.5568515457809934,
      "blockbuster_within_50pct_rate": 0.3025926821962628,
      "top20_true_volume_capture": 0.6213059722144356,
      "rank_corr_positive_skus": 0.7365244419144066,
      "auc": 0.9551696529059313,
      "f1": 0.7558363709424608,
      "anchor_passes": 4,
      "guardrail_ok": true,
      "primary_gate_ok": true,
      "secondary_ok": true
    },
    {
      "candidate_key": "sep095_sep_ld090_q3",
      "track": "event_tree_micro_calibration",
      "base_family": "sep095",
      "sep_ld_factor": 0.9,
      "sep_ld_max_qty": 3.0,
      "global_ratio": 0.9921357502128152,
      "global_wmape": 0.8421319722935887,
      "4_25_ratio": 0.618584058113428,
      "4_25_wmape_like": 0.4829259502339211,
      "4_25_sku_p50": 0.5878462121670393,
      "4_25_under_wape": 0.43217094606024653,
      "ice_sku_p50": 0.7999965656475987,
      "ice_4_25_sku_p50": 0.4950224543892239,
      "1_3_ratio": 1.3373572309673993,
      "1_3_over_wape": 0.47716245612168395,
      "blockbuster_ratio": 0.45393092801521445,
      "blockbuster_wmape_like": 0.5676340195772012,
      "blockbuster_sku_p50": 0.3987659588820591,
      "blockbuster_under_wape": 0.5568515457809934,
      "blockbuster_within_50pct_rate": 0.3025926821962628,