candidate_key,uplift_rule,uplift_mult,selected_count,selected_rate,global_wmape,global_ratio,4_25_under_wape,4_25_sku_p50,ice_4_25_sku_p50,blockbuster_under_wape,blockbuster_sku_p50,top20_true_volume_capture,rank_corr_positive_skus,1_3_ratio,false_positive_rate_zero_true,zero_true_pred_ge_3_rate,max_anchor_global_ratio,anchor_ratio_over_110_count,global_wmape_delta_vs_router,global_wmape_delta_vs_phase7,global_ratio_delta_vs_router,global_ratio_delta_vs_phase7,4_25_under_wape_delta_vs_router,4_25_under_wape_delta_vs_phase7,4_25_sku_p50_delta_vs_router,4_25_sku_p50_delta_vs_phase7,ice_4_25_sku_p50_delta_vs_router,ice_4_25_sku_p50_delta_vs_phase7,blockbuster_under_wape_delta_vs_router,blockbuster_under_wape_delta_vs_phase7,blockbuster_sku_p50_delta_vs_router,blockbuster_sku_p50_delta_vs_phase7,top20_true_volume_capture_delta_vs_router,top20_true_volume_capture_delta_vs_phase7,rank_corr_positive_skus_delta_vs_router,rank_corr_positive_skus_delta_vs_phase7,1_3_ratio_delta_vs_router,1_3_ratio_delta_vs_phase7,false_positive_rate_zero_true_delta_vs_router,false_positive_rate_zero_true_delta_vs_phase7,zero_true_pred_ge_3_rate_delta_vs_router,zero_true_pred_ge_3_rate_delta_vs_phase7,wmape_improvement_pct_vs_phase7,blockbuster_under_improvement_pct_vs_phase7,anchor_ratio_safe,phase7_style_gate,strict_router_win,phase8_final_recommended_gate
uplift_pred_ge_20_prob_ge_0.50_signal_ge_20_x12,pred_ge_20_prob_ge_0.50_signal_ge_20,1.2,194,0.004783037475345167,0.6481537036340077,1.0578375290116457,0.34599535798882225,0.6645964776513806,0.5981425138069462,0.3100758076925382,0.6854550891199628,0.6524430436550572,0.8078380076548581,1.2758658087999175,0.15645560130135022,0.0145398666145235,1.0992656187884295,0,-0.010898464052783385,-0.03815449057401088,0.037988293762413194,0.04193611599106606,-0.0005723041242092219,-0.010622629251780757,0.0,0.005788572184315499,0.0,0.012867598852152384,-0.07189744711003032,-0.10639891994782502,0.08974897122452574,0.1315202292440497,0.0,0.0030646053646500304,-1.0998776556192524e-08,0.003421802576298427,-2.220446049250313e-16,-0.024031482740530352,5.551115123125783e-17,-0.005535163004978028,5.0306980803327406e-17,-0.0014192961756265485,5.559381469725879,25.547509341239856,True,True,True,True
uplift_pred_ge_20_prob_ge_0.50_signal_ge_80_x12,pred_ge_20_prob_ge_0.50_signal_ge_80,1.2,193,0.0047583826429980275,0.6481742363257318,1.0577381425199568,0.3461043162944461,0.6645964776513806,0.5981425138069462,0.3100758076925382,0.6854550891199628,0.6524430436550572,0.8078380026554143,1.2758658087999175,0.15645560130135022,0.0145398666145235,1.0992656187884295,0,-0.010877931361059301,-0.038133957882286795,0.03788890727072425,0.04183672949937711,-0.00046334581858537005,-0.010513670946156906,0.0,0.005788572184315499,0.0,0.012867598852152384,-0.07189744711003032,-0.10639891994782502,0.08974897122452574,0.1315202292440497,0.0,0.0030646053646500304,-1.5998220415092135e-08,0.0034217975768545683,-2.220446049250313e-16,-0.024031482740530352,5.551115123125783e-17,-0.005535163004978028,5.0306980803327406e-17,-0.0014192961756265485,5.556389710062018,25.547509341239856,True,True,True,True
uplift_pred_ge_20_prob_ge_0.70_signal_ge_20_x12,pred_ge_20_prob_ge_0.70_signal_ge_20,1.2,191,0.004709072978303748,0.6480390620783139,1.0575163722111731,0.34599535798882225,0.6645964776513806,0.5981425138069462,0.31042225322349165,0.6812347871499077,0.6524430436550572,0.8078378779192891,1.2758658087999175,0.15645560130135022,0.0145398666145235,1.0983940220760964,0,-0.011013105608477236,-0.03826913212970473,0.03766713696194057,0.04161495919059344,-0.0005723041242092219,-0.010622629251780757,0.0,0.005788572184315499,0.0,0.012867598852152384,-0.07155100157907684,-0.10605247441687154,0.08552866925447067,0.12729992727399464,0.0,0.0030646053646500304,-1.4073434562167364e-07,0.0034216728407293617,-2.220446049250313e-16,-0.024031482740530352,5.551115123125783e-17,-0.005535163004978028,5.0306980803327406e-17,-0.0014192961756265485,5.576085562240197,25.464324094222263,True,True,True,True
uplift_pred_ge_20_prob_ge_0.70_signal_ge_80_x12,pred_ge_20_prob_ge_0.70_signal_ge_80,1.2,190,0.004684418145956607,0.6480595947700379,1.0574169857194842,0.3461043162944461,0.6645964776513806,0.5981425138069462,0.31042225322349165,0.6812347871499077,0.6524430436550572,0.807837882918733,1.2758658087999175,0.15645560130135022,0.0145398666145235,1.0983940220760964,0,-0.010992572916753152,-0.038248599437980646,0.037567750470251626,0.04151557269890449,-0.00046334581858537005,-0.010513670946156906,0.0,0.005788572184315499,0.0,0.012867598852152384,-0.07155100157907684,-0.10605247441687154,0.08552866925447067,0.12729992727399464,0.0,0.0030646053646500304,-1.3573490165175173e-07,0.0034216778401733317,-2.220446049250313e-16,-0.024031482740530352,5.551115123125783e-17,-0.005535163004978028,5.0306980803327406e-17,-0.0014192961756265485,5.573093802576336,25.464324094222263,True,True,True,True
uplift_pred_ge_20_prob_ge_0.50_signal_ge_120_x12,pred_ge_20_prob_ge_0.50_signal_ge_120,1.2,186,0.004585798816568047,0.6488534091310687,1.0570098134749488,0.3463009943877283,0.6645964776513806,0.5981425138069462,0.3119582677992091,0.6775144272326269,0.6524430436550572,0.8078375601241266,1.2758658087999175,0.15645560130135022,0.0145398666145235,1.0989126220854366,0,-0.010198758555722387,-0.03745478507694988,0.03716057822571628,0.04110840045436914,-0.0002666677253031491,-0.010316992852874685,0.0,0.005788572184315499,0.0,0.012867598852152384,-0.0700149870033594,-0.1045164598411541,0.08180830933718986,0.12357956735671383,0.0,0.0030646053646500304,-4.5852950814051496e-07,0.003421355045566843,-2.220446049250313e-16,-0.024031482740530352,5.551115123125783e-17,-0.005535163004978028,5.0306980803327406e-17,-0.0014192961756265485,5.457429387124207,25.09551070080939,True,True,True,True
uplift_pred_ge_20_prob_ge_0.70_signal_ge_120_x12,pred_ge_20_prob_ge_0.70_signal_ge_120,1.2,183,0.0045118343195266275,0.648738767575375,1.0566886566744762,0.3463009943877283,0.6645964776513806,0.5981425138069462,0.3123047133301625,0.6732941252625718,0.6524430436550572,0.8078374328882796,1.2758658087999175,0.15645560130135022,0.0145398666145235,1.0980410253731037,0,-0.010313400111416127,-0.03756942663264362,0.03683942142524366,0.04078724365389652,-0.0002666677253031491,-0.010316992852874685,0.0,0.005788572184315499,0.0,0.012867598852152384,-0.06966854147240598,-0.10417001431020068,0.07758800736713478,0.11935926538665875,0.0,0.0030646053646500304,-5.857653551100128e-07,0.0034212278097198734,-2.220446049250313e-16,-0.024031482740530352,5.551115123125783e-17,-0.005535163004978028,5.0306980803327406e-17,-0.0014192961756265485,5.474133479638509,25.01232545379181,True,True,True,True
uplift_pred_ge_20_prob_ge_0.85_signal_ge_20_x12,pred_ge_20_prob_ge_0.85_signal_ge_20,1.2,187,0.004610453648915188,0.6487451531098204,1.0568102811796662,0.34599535798882225,0.6645964776513806,0.5981425138069462,0.3125468402230069,0.6812347871499077,0.6524430436550572,0.8078376069110662,1.2758658087999175,0.15645560130135022,0.0145398666145235,1.0983940220760964,0,-0.010307014576970697,-0.03756304109819819,0.0369610459304337,0.040908868159086564,-0.0005723041242092219,-0.010622629251780757,0.0,0.005788572184315499,0.0,0.012867598852152384,-0.06942641457956161,-0.10392788741735631,0.08552866925447067,0.12729992727399464,0.0,0.0030646053646500304,-4.1174256848464097e-07,0.0034214018325064988,-2.220446049250313e-16,-0.024031482740530352,5.551115123125783e-17,-0.005535163004978028,5.0306980803327406e-17,-0.0014192961756265485,5.473203061715582,24.954188218378707,True,True,True,True
uplift_pred_ge_20_prob_ge_0.85_signal_ge_80_x12,pred_ge_20_prob_ge_0.85_signal_ge_80,1.2,186,0.004585798816568047,0.6487656858015445,1.0567108946879775,0.3461043162944461,0.6645964776513806,0.5981425138069462,0.3125468402230069,0.6812347871499077,0.6524430436550572,0.8078376119105102,1.2758658087999175,0.15645560130135022,0.0145398666145235,1.0983940220760964,0,-0.010286481885246612,-0.03754250840647411,0.036861659438744976,0.04080948166739784,-0.00046334581858537005,-0.010513670946156906,0.0,0.005788572184315499,0.0,0.012867598852152384,-0.06942641457956161,-0.10392788741735631,0.08552866925447067,0.12729992727399464,0.0,0.0030646053646500304,-4.0674312451471906e-07,0.0034214068319504687,-2.220446049250313e-16,-0.024031482740530352,5.551115123125783e-17,-0.005535163004978028,5.0306980803327406e-17,-0.0014192961756265485,5.470211302051721,24.954188218378707,True,True,True,True
uplift_pred_ge_20_prob_ge_0.85_signal_ge_120_x12,pred_ge_20_prob_ge_0.85_signal_ge_120,1.2,179,0.004413214990138067,0.6494448586068815,1.0559825656429696,0.3463009943877283,0.6645964776513806,0.5981425138069462,0.31442930032967775,0.6732941252625718,0.6524430436550572,0.8078371819734586,1.2758658087999175,0.15645560130135022,0.0145398666145235,1.0980410253731037,0,-0.009607309079909587,-0.03686333560113708,0.036133330393737007,0.04008115262238987,-0.0002666677253031491,-0.010316992852874685,0.0,0.005788572184315499,0.0,0.012867598852152384,-0.06754395447289074,-0.10204542731068544,0.07758800736713478,0.11935926538665875,0.0,0.0030646053646500304,-8.366801761416909e-07,0.0034209768948988417,-2.220446049250313e-16,-0.024031482740530352,5.551115123125783e-17,-0.005535163004978028,5.0306980803327406e-17,-0.0014192961756265485,5.371250979113894,24.50218957794825,True,True,True,True
uplift_pred_ge_20_prob_ge_0.50_signal_ge_20_x115,pred_ge_20_prob_ge_0.50_signal_ge_20,1.15,194,0.004783037475345167,0.6496481953187712,1.0483404555710423,0.34599953482029516,0.6645964776513806,0.5981425138069462,0.3262949280653116,0.6633664004530414,0.6524430436550572,0.8078380214033288,1.2758658087999175,0.15645560130135022,0.0145398666145235,1.0942847276814631,0,-0.00940397236801993,-0.036659998889247425,0.02849122032180973,0.03243904255046259,-0.000568127292736309,-0.010618452420307845,0.0,0.005788572184315499,0.0,0.012867598852152384,-0.05567832673725692,-0.09017979957505162,0.06766028255760437,0.10943154057712834,0.0,0.0030646053646500304,2.749694139048131e-09,0.0034218163247691225,-2.220446049250313e-16,-0.024031482740530352,5.551115123125783e-17,-0.005535163004978028,5.0306980803327406e-17,-0.0014192961756265485,5.3416233695930275,21.653126490048212,True,True,True,True
uplift_pred_ge_20_prob_ge_0.50_signal_ge_80_x115,pred_ge_20_prob_ge_0.50_signal_ge_80,1.15,193,0.0047583826429980275,0.6496935746334174,1.0482659157022756,0.346108493125919,0.6645964776513806,0.5981425138069462,0.3262949280653116,0.6633664004530414,0.6524430436550572,0.807838016403885,1.2758658087999175,0.15645560130135022,0.0145398666145235,1.0942847276814631,0,-0.00935859305337372,-0.036614619574601215,0.02841668045304302,0.032364502681695884,-0.00045916898711245713,-0.010509494114683993,0.0,0.005788572184315499,0.0,0.012867598852152384,-0.05567832673725692,-0.09017979957505162,0.06766028255760437,0.10943154057712834,0.0,0.0030646053646500304,-2.2497497198514793e-09,0.0034218113253252636,-2.220446049250313e-16,-0.024031482740530352,5.551115123125783e-17,-0.005535163004978028,5.0306980803327406e-17,-0.0014192961756265485,5.335011279714285,21.653126490048212,True,True,True,True
uplift_pred_ge_20_prob_ge_0.70_signal_ge_20_x115,pred_ge_20_prob_ge_0.70_signal_ge_20,1.15,191,0.004709072978303748,0.6495622141520005,1.0480995879706876,0.34599953482029516,0.6645964776513806,0.5981425138069462,0.32655476221352664,0.6593219443984052,0.6524430436550572,0.8078378916677599,1.2758658087999175,0.15645560130135022,0.0145398666145235,1.0936310301472132,0,-0.00948995353479054,-0.036745980056018035,0.02825035272145504,0.032198174950107905,-0.000568127292736309,-0.010618452420307845,0.0,0.005788572184315499,0.0,0.012867598852152384,-0.05541849258904186,-0.08991996542683656,0.06361582650296815,0.10538708452249212,0.0,0.0030646053646500304,-1.2698587481541068e-07,0.003421686589200168,-2.220446049250313e-16,-0.024031482740530352,5.551115123125783e-17,-0.005535163004978028,5.0306980803327406e-17,-0.0014192961756265485,5.354151438978798,21.59073755478503,True,True,True,True
uplift_pred_ge_20_prob_ge_0.70_signal_ge_80_x115,pred_ge_20_prob_ge_0.70_signal_ge_80,1.15,190,0.004684418145956607,0.649607593466647,1.048025048101921,0.346108493125919,0.6645964776513806,0.5981425138069462,0.32655476221352664,0.6593219443984052,0.6524430436550572,0.8078378966672037,1.2758658087999175,0.15645560130135022,0.0145398666145235,1.0936310301472132,0,-0.009444574220144109,-0.0367006007413716,0.028175812852688553,0.03212363508134142,-0.00045916898711245713,-0.010509494114683993,0.0,0.005788572184315499,0.0,0.012867598852152384,-0.05541849258904186,-0.08991996542683656,0.06361582650296815,0.10538708452249212,0.0,0.0030646053646500304,-1.2198643095651107e-07,0.003421691588644027,-2.220446049250313e-16,-0.024031482740530352,5.551115123125783e-17,-0.005535163004978028,5.0306980803327406e-17,-0.0014192961756265485,5.347539349100024,21.59073755478503,True,True,True,True
uplift_pred_ge_20_prob_ge_0.50_signal_ge_120_x115,pred_ge_20_prob_ge_0.50_signal_ge_120,1.15,186,0.004585798816568047,0.6502398214171734,1.0477196689185195,0.3463009943877283,0.6645964776513806,0.5981425138069462,0.3277067731453147,0.6575739770219748,0.6524430436550572,0.807837604119233,1.2758658087999175,0.15645560130135022,0.0145398666145235,1.0940199801542183,0,-0.008812346269617688,-0.03606837279084518,0.027870433669286987,0.03181825589793985,-0.0002666677253031491,-0.010316992852874685,0.0,0.005788572184315499,0.0,0.012867598852152384,-0.054266481657253784,-0.08876795449504848,0.061867859126537805,0.10363911714606178,0.0,0.0030646053646500304,-4.1453440169370026e-07,0.0034213990406732897,-2.220446049250313e-16,-0.024031482740530352,5.551115123125783e-17,-0.005535163004978028,5.0306980803327406e-17,-0.0014192961756265485,5.255419226411412,21.314127509725374,True,True,True,True
uplift_pred_ge_20_prob_ge_0.70_signal_ge_120_x115,pred_ge_20_prob_ge_0.70_signal_ge_120,1.15,183,0.0045118343195266275,0.6501538402504029,1.047478801318165,0.3463009943877283,0.6645964776513806,0.5981425138069462,0.32796660729352983,0.6535295209673386,0.6524430436550572,0.8078374671344704,1.2758658087999175,0.15645560130135022,0.0145398666145235,1.0933662826199686,0,-0.008898327436388187,-0.03615435395761568,0.02762956606893252,0.031577388297585385,-0.0002666677253031491,-0.010316992852874685,0.0,0.005788572184315499,0.0,0.012867598852152384,-0.05400664750903866,-0.08850812034683336,0.05782340307190159,0.09959466109142556,0.0,0.0030646053646500304,-5.515191643379325e-07,0.0034212620559106455,-2.220446049250313e-16,-0.024031482740530352,5.551115123125783e-17,-0.005535163004978028,5.0306980803327406e-17,-0.0014192961756265485,5.267947295797167,21.251738574462177,True,True,True,True
uplift_pred_ge_20_prob_ge_0.85_signal_ge_20_x115,pred_ge_20_prob_ge_0.85_signal_ge_20,1.15,187,0.004610453648915188,0.6500917824256306,1.0475700196970577,0.34599953482029516,0.6645964776513806,0.5981425138069462,0.32814820246316306,0.6593219443984052,0.6524430436550572,0.8078377092966005,1.2758658087999175,0.15645560130135022,0.0145398666145235,1.0936310301472132,0,-0.008960385261160497,-0.03621641178238799,0.02772078444782511,0.03166860667647797,-0.000568127292736309,-0.010618452420307845,0.0,0.005788572184315499,0.0,0.012867598852152384,-0.05382505233940543,-0.08832652517720013,0.06361582650296815,0.10538708452249212,0.0,0.0030646053646500304,-3.093570342116436e-07,0.0034215042180407718,-2.220446049250313e-16,-0.024031482740530352,5.551115123125783e-17,-0.005535163004978028,5.0306980803327406e-17,-0.0014192961756265485,5.2769895635853175,21.20813564790236,True,True,True,True
uplift_pred_ge_20_prob_ge_0.85_signal_ge_80_x115,pred_ge_20_prob_ge_0.85_signal_ge_80,1.15,186,0.004585798816568047,0.6501371617402769,1.0474954798282912,0.346108493125919,0.6645964776513806,0.5981425138069462,0.32814820246316306,0.6593219443984052,0.6524430436550572,0.8078377142960443,1.2758658087999175,0.15645560130135022,0.0145398666145235,1.0936310301472132,0,-0.008915005946514176,-0.03617103246774167,0.02764624457905862,0.031594066807711485,-0.00045916898711245713,-0.010509494114683993,0.0,0.005788572184315499,0.0,0.012867598852152384,-0.05382505233940543,-0.08832652517720013,0.06361582650296815,0.10538708452249212,0.0,0.0030646053646500304,-3.04357590352744e-07,0.0034215092174846307,-2.220446049250313e-16,-0.024031482740530352,5.551115123125783e-17,-0.005535163004978028,5.0306980803327406e-17,-0.0014192961756265485,5.270377473706558,21.20813564790236,True,True,True,True
uplift_pred_ge_15_prob_ge_0.50_signal_ge_80_x112,pred_ge_15_prob_ge_0.50_signal_ge_80,1.12,317,0.007815581854043392,0.6485094087075427,1.0488061505119308,0.34226870967282136,0.6654243124324537,0.5984138300812903,0.328944293296793,0.6647544726005663,0.6524430436550572,0.8078378155365784,1.2762070334180138,0.15645560130135022,0.0145398666145235,1.099978025477777,0,-0.01054275897924839,-0.037798785500475884,0.02895691526269828,0.032904737491351144,-0.004298952440210113,-0.014349277567781649,0.0008278347810730668,0.006616406965388566,0.00027131627434417993,0.013138915126496564,-0.05302896150577552,-0.08753043434357022,0.06904835470512927,0.11081961272465324,0.0,0.0030646053646500304,-2.031170562855067e-07,0.003421610458018698,0.00034122461809604765,-0.023690258122434082,5.551115123125783e-17,-0.005535163004978028,5.0306980803327406e-17,-0.0014192961756265485,5.5075527029215605,21.016985793950752,True,True,True,True
uplift_pred_ge_15_prob_ge_0.70_signal_ge_20_x112,pred_ge_15_prob_ge_0.70_signal_ge_20,1.12,316,0.007790927021696253,0.6483409895106576,1.0487130906951159,0.3420863164140426,0.665670120614272,0.5984138300812903,0.32915216061536506,0.6608155240951814,0.6524430436550572,0.8078377721810508,1.2762070334180138,0.15645560130135022,0.0145398666145235,1.0996150769241988,0,-0.01071117817613354,-0.037967204697361034,0.028863855445883324,0.03281167767453619,-0.004481345698988892,-0.014531670826560428,0.0010736429628913635,0.006862215147206863,0.00027131627434417993,0.013138915126496564,-0.05282109418720343,-0.08732256702499813,0.06510940619974437,0.10688066421926834,0.0,0.0030646053646500304,-2.464725838979831e-07,0.0034215671024910854,0.00034122461809604765,-0.023690258122434082,5.551115123125783e-17,-0.005535163004978028,5.0306980803327406e-17,-0.0014192961756265485,5.532092581405673,20.967074645740198,True,True,True,True
uplift_pred_ge_15_prob_ge_0.70_signal_ge_80_x112,pred_ge_15_prob_ge_0.70_signal_ge_80,1.12,314,0.007741617357001972,0.6484406237741263,1.0486134564316474,0.34226870967282136,0.6654243124324537,0.5984138300812903,0.32915216061536506,0.6608155240951814,0.6524430436550572,0.8078377697916668,1.2762070334180138,0.15645560130135022,0.0145398666145235,1.0994550674503771,0,-0.010611543912664834,-0.03786757043389233,0.02876422118241484,0.032712043411067704,-0.004298952440210113,-0.014349277567781649,0.0008278347810730668,0.006616406965388566,0.00027131627434417993,0.013138915126496564,-0.05282109418720343,-0.08732256702499813,0.06510940619974437,0.10688066421926834,0.0,0.0030646053646500304,-2.488619679219539e-07,0.0034215647131070615,0.00034122461809604765,-0.023690258122434082,5.551115123125783e-17,-0.005535163004978028,5.0306980803327406e-17,-0.0014192961756265485,5.517575158430171,20.967074645740198,True,True,True,True
uplift_pred_ge_20_prob_ge_0.85_signal_ge_120_x115,pred_ge_20_prob_ge_0.85_signal_ge_120,1.15,179,0.004413214990138067,0.650683408524033,1.0469492330445354,0.3463009943877283,0.6645964776513806,0.5981425138069462,0.32956004754316626,0.6535295209673386,0.6524430436550572,0.8078372862855383,1.2758658087999175,0.15645560130135022,0.0145398666145235,1.0933662826199686,0,-0.008368759162758144,-0.03562478568398564,0.02709999779530281,0.031047820023955675,-0.0002666677253031491,-0.010316992852874685,0.0,0.005788572184315499,0.0,0.012867598852152384,-0.05241320725940224,-0.08691468009719694,0.05782340307190159,0.09959466109142556,0.0,0.0030646053646500304,-7.323680963899903e-07,0.0034210812069785934,-2.220446049250313e-16,-0.024031482740530352,5.551115123125783e-17,-0.005535163004978028,5.0306980803327406e-17,-0.0014192961756265485,5.190785420403685,20.86913666757951,True,True,True,True
uplift_pred_ge_15_prob_ge_0.85_signal_ge_20_x112,pred_ge_15_prob_ge_0.85_signal_ge_20,1.12,308,0.007593688362919132,0.6489028173872993,1.048063880402304,0.3420863164140426,0.665670120614272,0.5984138300812903,0.3310074365392125,0.6608155240951814,0.6524430436550572,0.8078355711395523,1.2762070334180138,0.15645560130135022,0.0145398666145235,1.0994398522785696,0,-0.010149350299491822,-0.037405376820719316,0.02821464515307137,0.032162467381724236,-0.004481345698988892,-0.014531670826560428,0.0010736429628913635,0.006862215147206863,0.00027131627434417993,0.013138915126496564,-0.050965818263356,-0.0854672911011507,0.06510940619974437,0.10688066421926834,0.0,0.0030646053646500304,-2.4475140824042896e-06,0.003419366060992579,0.00034122461809604765,-0.023690258122434082,5.551115123125783e-17,-0.005535163004978028,5.0306980803327406e-17,-0.0014192961756265485,5.450230251714264,20.52160321597087,True,True,True,True
uplift_pred_ge_15_prob_ge_0.85_signal_ge_80_x112,pred_ge_15_prob_ge_0.85_signal_ge_80,1.12,306,0.007544378698224852,0.6490024516507682,1.047964246138835,0.34226870967282136,0.6654243124324537,0.5984138300812903,0.3310074365392125,0.6608155240951814,0.6524430436550572,0.8078355777365805,1.2762070334180138,0.15645560130135022,0.0145398666145235,1.0992798428047479,0,-0.010049716036022893,-0.03730574255725039,0.028115010889602443,0.03206283311825531,-0.004298952440210113,-0.014349277567781649,0.0008278347810730668,0.006616406965388566,0.00027131627434417993,0.013138915126496564,-0.050965818263356,-0.0854672911011507,0.06510940619974437,0.10688066421926834,0.0,0.0030646053646500304,-2.4409170541472847e-06,0.003419372658020836,0.00034122461809604765,-0.023690258122434082,5.551115123125783e-17,-0.005535163004978028,5.0306980803327406e-17,-0.0014192961756265485,5.435712828738731,20.52160321597087,True,True,True,True
uplift_pred_ge_15_prob_ge_0.50_signal_ge_120_x112,pred_ge_15_prob_ge_0.50_signal_ge_120,1.12,297,0.007322485207100592,0.6493663803842301,1.0477498996119141,0.3426880318793199,0.6651924940400842,0.5984138300812903,0.33120530607746806,0.6633529320874378,0.6524430436550572,0.8078328544591419,1.2762070334180138,0.15645560130135022,0.0145398666145235,1.0986656097352396,0,-0.009685787302560978,-0.03694181382378847,0.02790066436268157,0.031848486591334435,-0.003879630233711573,-0.013929955361283108,0.0005960163887035463,0.0063845885730190455,0.00027131627434417993,0.013138915126496564,-0.05076794872510043,-0.08526942156289513,0.0676468141920008,0.10941807221152478,0.0,0.0030646053646500304,-5.16419449281269e-06,0.0034166493805821707,0.00034122461809604765,-0.023690258122434082,5.551115123125783e-17,-0.005535163004978028,5.0306980803327406e-17,-0.0014192961756265485,5.382685816015695,20.474092640869078,True,True,True,True
uplift_pred_ge_15_prob_ge_0.70_signal_ge_120_x112,pred_ge_15_prob_ge_0.70_signal_ge_120,1.12,294,0.007248520710059172,0.6492975954508137,1.0475572055316307,0.3426880318793199,0.6651924940400842,0.5984138300812903,0.33141317339604015,0.659413983582053,0.6524430436550572,0.8078327914661488,1.2762070334180138,0.15645560130135022,0.0145398666145235,1.0981426517078396,0,-0.009754572235977421,-0.037010598757204916,0.02770797028239813,0.031655792511050995,-0.003879630233711573,-0.013929955361283108,0.0005960163887035463,0.0063845885730190455,0.00027131627434417993,0.013138915126496564,-0.050560081406528345,-0.08506155424432305,0.06370786568661602,0.10547912370613999,0.0,0.0030646053646500304,-5.22718748585671e-06,0.0034165863875891267,0.00034122461809604765,-0.023690258122434082,5.551115123125783e-17,-0.005535163004978028,5.0306980803327406e-17,-0.0014192961756265485,5.392708271524306,20.424181492658523,True,True,True,True
uplift_pred_ge_15_prob_ge_0.85_signal_ge_120_x112,pred_ge_15_prob_ge_0.85_signal_ge_120,1.12,287,0.007075936883629191,0.6499031145355407,1.0469516864469035,0.3426880318793199,0.6651924940400842,0.5984138300812903,0.33326844931988764,0.659413983582053,0.6524430436550572,0.8078303482700666,1.2762070334180138,0.15645560130135022,0.0145398666145235,1.0979674270622104,0,-0.009149053151250364,-0.03640507967247786,0.027102451197670963,0.031050273426323827,-0.003879630233711573,-0.013929955361283108,0.0005960163887035463,0.0063845885730190455,0.00027131627434417993,0.013138915126496564,-0.04870480548268086,-0.08320627832047556,0.06370786568661602,0.10547912370613999,0.0,0.0030646053646500304,-7.670383568081363e-06,0.003414143191506902,0.00034122461809604765,-0.023690258122434082,5.551115123125783e-17,-0.005535163004978028,5.0306980803327406e-17,-0.0014192961756265485,5.30447982112298,19.97871006288918,True,True,True,True
uplift_pred_ge_20_prob_ge_0.50_signal_ge_20_x112,pred_ge_20_prob_ge_0.50_signal_ge_20,1.12,194,0.004783037475345167,0.6508039285734463,1.0426422115066802,0.3460386305616427,0.6645964776513806,0.5981425138069462,0.336386515337633,0.6493233761445973,0.6524430436550572,0.8078380214033288,1.2758658087999175,0.15645560130135022,0.0145398666145235,1.0912961930172833,0,-0.008248239113344824,-0.03550426563457232,0.022792976257447695,0.02674079848610056,-0.0005290315513887811,-0.010579356678960317,0.0,0.005788572184315499,0.0,0.012867598852152384,-0.04558673946493552,-0.08008821230273022,0.053617258249160304,0.09538851626868428,0.0,0.0030646053646500304,2.749694139048131e-09,0.0034218163247691225,-2.220446049250313e-16,-0.024031482740530352,5.551115123125783e-17,-0.005535163004978028,5.0306980803327406e-17,-0.0014192961756265485,5.173224789417427,19.230029336111,True,True,True,True
uplift_pred_ge_20_prob_ge_0.50_signal_ge_80_x112,pred_ge_20_prob_ge_0.50_signal_ge_80,1.12,193,0.0047583826429980275,0.6508635604684596,1.042582579611667,0.34614699337828087,0.6645964776513806,0.5981425138069462,0.336386515337633,0.6493233761445973,0.6524430436550572,0.807838016403885,1.2758658087999175,0.15645560130135022,0.0145398666145235,1.0912961930172833,0,-0.008188607218331478,-0.03544463373955897,0.02273334436243446,0.026681166591087324,-0.0004206687347506066,-0.010470993862322142,0.0,0.005788572184315499,0.0,0.012867598852152384,-0.04558673946493552,-0.08008821230273022,0.053617258249160304,0.09538851626868428,0.0,0.0030646053646500304,-2.2497497198514793e-09,0.0034218113253252636,-2.220446049250313e-16,-0.024031482740530352,5.551115123125783e-17,-0.005535163004978028,5.0306980803327406e-17,-0.0014192961756265485,5.164535996901674,19.230029336111,True,True,True,True
uplift_pred_ge_20_prob_ge_0.70_signal_ge_20_x112,pred_ge_20_prob_ge_0.70_signal_ge_20,1.12,191,0.004709072978303748,0.6507351436400299,1.0424495174263968,0.3460386305616427,0.6645964776513806,0.5981425138069462,0.3365943826562051,0.6453844276392124,0.6524430436550572,0.8078379656595295,1.2758658087999175,0.15645560130135022,0.0145398666145235,1.0907732349898833,0,-0.008317024046761157,-0.03557305056798865,0.022600282177164255,0.02654810440581712,-0.0005290315513887811,-0.010579356678960317,0.0,0.005788572184315499,0.0,0.012867598852152384,-0.04537887214636338,-0.07988034498415808,0.049678309743775406,0.09144956776329938,0.0,0.0030646053646500304,-5.299410521519832e-08,0.003421760580969768,-2.220446049250313e-16,-0.024031482740530352,5.551115123125783e-17,-0.005535163004978028,5.0306980803327406e-17,-0.0014192961756265485,5.183247244926021,19.18011818790043,True,True,True,True
uplift_pred_ge_20_prob_ge_0.70_signal_ge_80_x112,pred_ge_20_prob_ge_0.70_signal_ge_80,1.12,190,0.004684418145956607,0.6507947755350433,1.0423898855313833,0.34614699337828087,0.6645964776513806,0.5981425138069462,0.3365943826562051,0.6453844276392124,0.6524430436550572,0.8078379706589733,1.2758658087999175,0.15645560130135022,0.0145398666145235,1.0907732349898833,0,-0.008257392151747811,-0.035513418672975305,0.022540650282150798,0.026488472510803662,-0.0004206687347506066,-0.010470993862322142,0.0,0.005788572184315499,0.0,0.012867598852152384,-0.04537887214636338,-0.07988034498415808,0.049678309743775406,0.09144956776329938,0.0,0.0030646053646500304,-4.799466135629871e-08,0.003421765580413627,-2.220446049250313e-16,-0.024031482740530352,5.551115123125783e-17,-0.005535163004978028,5.0306980803327406e-17,-0.0014192961756265485,5.174558452410269,19.18011818790043,True,True,True,True
uplift_pred_ge_15_prob_ge_0.50_signal_ge_20_x11,pred_ge_15_prob_ge_0.50_signal_ge_20,1.1,320,0.007889546351084813,0.6496018012134659,1.0440986016991234,0.3427158558261101,0.665670120614272,0.5984138300812903,0.3369771735001531,0.653751292571018,0.6524430436550572,0.8078380269027171,1.2761501626483311,0.15645560130135022,0.0145398666145235,1.0966720381864263,0,-0.0094503664733252,-0.036706392994552695,0.02424936644989084,0.028197188678543705,-0.0038518062869213887,-0.013902131414492924,0.0010736429628913635,0.006862215147206863,0.00027131627434417993,0.013138915126496564,-0.04499608130241539,-0.07949755414021009,0.05804517467558101,0.09981643269510498,0.0,0.0030646053646500304,8.249082417144393e-09,0.0034218218241574005,0.00028435384841341005,-0.02374712889211672,5.551115123125783e-17,-0.005535163004978028,5.0306980803327406e-17,-0.0014192961756265485,5.348383321710284,19.088206045687915,True,True,True,True
uplift_pred_ge_15_prob_ge_0.50_signal_ge_80_x11,pred_ge_15_prob_ge_0.50_signal_ge_80,1.1,317,0.007815581854043392,0.6497204049444416,1.0439799979681479,0.3428678502084258,0.6654243124324537,0.5984138300812903,0.33709653380668764,0.653751292571018,0.6524430436550572,0.8078378210359667,1.2761501626483311,0.15645560130135022,0.0145398666145235,1.0965386969582414,0,-0.009331762742349481,-0.036587789263576975,0.024130762718915344,0.028078584947568208,-0.0036998119046056654,-0.013750137032177201,0.0008278347810730668,0.006616406965388566,0.00027131627434417993,0.013138915126496564,-0.04487672099588086,-0.07937819383367556,0.05804517467558101,0.09981643269510498,0.0,0.0030646053646500304,-1.9761766800741043e-07,0.003421615957406976,0.00028435384841341005,-0.02374712889211672,5.551115123125783e-17,-0.005535163004978028,5.0306980803327406e-17,-0.0014192961756265485,5.3311019119913485,19.05954636993501,True,True,True,True
uplift_pred_ge_12_prob_ge_0.50_signal_ge_120_x11,pred_ge_12_prob_ge_0.50_signal_ge_120,1.1,404,0.009960552268244575,0.6487408498418727,1.0466024062235773,0.339061618966644,0.6688587265249009,0.5998444152674479,0.33709912276380444,0.6542963460357872,0.652443043655057,0.8078309917904338,1.2761501626483311,0.15645560130135022,0.0145398666145235,1.0997678214337785,0,-0.010311317844918344,-0.03756734436614584,0.02675317097434471,0.030700993202997573,-0.0075060431463874755,-0.01755636827395901,0.004262248873520225,0.010050821057835724,0.0017019014605017535,0.014569500312654138,-0.04487413203876406,-0.07937560487655876,0.0585902281403502,0.10036148615987417,-2.220446049250313e-16,0.0030646053646498084,-7.026863200865208e-06,0.003414786711874118,0.00028435384841341005,-0.02374712889211672,5.551115123125783e-17,-0.005535163004978028,5.0306980803327406e-17,-0.0014192961756265485,5.47383007855495,19.058924733868047,True,True,True,True
uplift_pred_ge_15_prob_ge_0.70_signal_ge_20_x11,pred_ge_15_prob_ge_0.70_signal_ge_20,1.1,316,0.007790927021696253,0.649580055613704,1.0439024481208021,0.3427158558261101,0.665670120614272,0.5984138300812903,0.33726975657216435,0.6498826824318009,0.6524430436550572,0.8078377661817181,1.2761501626483311,0.15645560130135022,0.0145398666145235,1.0962362398302596,0,-0.009472112073087069,-0.03672813859431456,0.024053212871569585,0.02800103510022245,-0.0038518062869213887,-0.013902131414492924,0.0010736429628913635,0.006862215147206863,0.00027131627434417993,0.013138915126496564,-0.04470349823040415,-0.07920497106819885,0.05417656453636388,0.09594782255588785,0.0,0.0030646053646500304,-2.52471916595276e-07,0.003421561103158388,0.00028435384841341005,-0.02374712889211672,5.551115123125783e-17,-0.005535163004978028,5.0306980803327406e-17,-0.0014192961756265485,5.351551810728103,19.01795374642622,True,True,True,True
uplift_pred_ge_15_prob_ge_0.70_signal_ge_80_x11,pred_ge_15_prob_ge_0.70_signal_ge_80,1.1,314,0.007741617357001972,0.6496630841665946,1.0438194195679114,0.3428678502084258,0.6654243124324537,0.5984138300812903,0.33726975657216435,0.6498826824318009,0.6524430436550572,0.8078377637923341,1.2761501626483311,0.15645560130135022,0.0145398666145235,1.0961028986020749,0,-0.009389083520196517,-0.03664511004142401,0.02397018431867881,0.027918006547331675,-0.0036998119046056654,-0.013750137032177201,0.0008278347810730668,0.006616406965388566,0.00027131627434417993,0.013138915126496564,-0.04470349823040415,-0.07920497106819885,0.05417656453636388,0.09594782255588785,0.0,0.0030646053646500304,-2.5486130061924683e-07,0.003421558713774364,0.00028435384841341005,-0.02374712889211672,5.551115123125783e-17,-0.005535163004978028,5.0306980803327406e-17,-0.0014192961756265485,5.339453958248523,19.01795374642622,True,True,True,True
uplift_pred_ge_12_prob_ge_0.70_signal_ge_120_x11,pred_ge_12_prob_ge_0.70_signal_ge_120,1.1,400,0.009861932938856016,0.648711332365188,1.0464140245221787,0.3391121430029018,0.6688587265249009,0.5998444152674479,0.3372723455292812,0.65042773589657,0.652443043655057,0.8078308100606483,1.2761501626483311,0.15645560130135022,0.0145398666145235,1.0993320230776118,0,-0.010340835321603126,-0.03759686184283062,0.026564789272946143,0.030512611501599007,-0.007455519110129649,-0.017505844237701185,0.004262248873520225,0.010050821057835724,0.0017019014605017535,0.014569500312654138,-0.04470090927328729,-0.07920238211108199,0.054721618001132954,0.09649287602065693,-2.220446049250313e-16,0.0030646053646498084,-7.208592986418516e-06,0.003414604982088565,0.00028435384841341005,-0.02374712889211672,5.551115123125783e-17,-0.005535163004978028,5.0306980803327406e-17,-0.0014192961756265485,5.4781309854847935,19.01733211035924,True,True,True,True
uplift_pred_ge_20_prob_ge_0.50_signal_ge_120_x112,pred_ge_20_prob_ge_0.50_signal_ge_120,1.12,186,0.004585798816568047,0.6513005578954645,1.0421455821846624,0.3463009943877283,0.6645964776513806,0.5981425138069462,0.33751599140163546,0.6477243940373605,0.6524430436550572,0.8078376714186404,1.2758658087999175,0.15645560130135022,0.0145398666145235,1.0910843949954874,0,-0.007751609791326608,-0.0350076363125541,0.02229634693542981,0.026244169164082676,-0.0002666677253031491,-0.010316992852874685,0.0,0.005788572184315499,0.0,0.012867598852152384,-0.044457263400933034,-0.07895873623872773,0.05201827614192345,0.09378953416144742,0.0,0.0030646053646500304,-3.4723499431343896e-07,0.00342146634008067,-2.220446049250313e-16,-0.024031482740530352,5.551115123125783e-17,-0.005535163004978028,5.0306980803327406e-17,-0.0014192961756265485,5.10086235425937,18.958830151852734,True,True,True,True
uplift_pred_ge_20_prob_ge_0.70_signal_ge_120_x112,pred_ge_20_prob_ge_0.70_signal_ge_120,1.12,183,0.0045118343195266275,0.651231772962048,1.0419528881043787,0.3463009943877283,0.6645964776513806,0.5981425138069462,0.3377238587202076,0.6437854455319757,0.6524430436550572,0.8078376084256473,1.2758658087999175,0.15645560130135022,0.0145398666145235,1.0905614369680876,0,-0.007820394724743052,-0.035076421245970546,0.02210365285514615,0.026051475083799014,-0.0002666677253031491,-0.010316992852874685,0.0,0.005788572184315499,0.0,0.012867598852152384,-0.04424939608236089,-0.07875086892015559,0.04807932763653866,0.08985058565606263,0.0,0.0030646053646500304,-4.102279873574588e-07,0.003421403347087626,-2.220446049250313e-16,-0.024031482740530352,5.551115123125783e-17,-0.005535163004978028,5.0306980803327406e-17,-0.0014192961756265485,5.110884809767979,18.908919003642165,True,True,True,True
uplift_pred_ge_20_prob_ge_0.85_signal_ge_20_x112,pred_ge_20_prob_ge_0.85_signal_ge_20,1.12,187,0.004610453648915188,0.6511587982589339,1.0420258628074928,0.3460386305616427,0.6645964776513806,0.5981425138069462,0.3378691348559142,0.6453844276392124,0.6524430436550572,0.8078378230672989,1.2758658087999175,0.15645560130135022,0.0145398666145235,1.0907732349898833,0,-0.007893369427857233,-0.03514939594908473,0.02217662755826022,0.026124449786913084,-0.0005290315513887811,-0.010579356678960317,0.0,0.005788572184315499,0.0,0.012867598852152384,-0.04410411994665431,-0.07860559278444901,0.049678309743775406,0.09144956776329938,0.0,0.0030646053646500304,-1.9558633579386253e-07,0.0034216179887391895,-2.220446049250313e-16,-0.024031482740530352,5.551115123125783e-17,-0.005535163004978028,5.0306980803327406e-17,-0.0014192961756265485,5.1215177446112525,18.87403666239431,True,True,True,True
uplift_pred_ge_20_prob_ge_0.85_signal_ge_80_x112,pred_ge_20_prob_ge_0.85_signal_ge_80,1.12,186,0.004585798816568047,0.6512184301539472,1.0419662309124795,0.34614699337828087,0.6645964776513806,0.5981425138069462,0.3378691348559142,0.6453844276392124,0.6524430436550572,0.8078378280667428,1.2758658087999175,0.15645560130135022,0.0145398666145235,1.0907732349898833,0,-0.007833737532843887,-0.03508976405407138,0.022116995663246986,0.02606481789189985,-0.0004206687347506066,-0.010470993862322142,0.0,0.005788572184315499,0.0,0.012867598852152384,-0.04410411994665431,-0.07860559278444901,0.049678309743775406,0.09144956776329938,0.0,0.0030646053646500304,-1.9058689193496292e-07,0.0034216229881830484,-2.220446049250313e-16,-0.024031482740530352,5.551115123125783e-17,-0.005535163004978028,5.0306980803327406e-17,-0.0014192961756265485,5.1128289520955,18.87403666239431,True,True,True,True
uplift_pred_ge_15_prob_ge_0.85_signal_ge_20_x11,pred_ge_15_prob_ge_0.85_signal_ge_20,1.1,308,0.007593688362919132,0.6500482455109056,1.0433614395434587,0.3427158558261101,0.665670120614272,0.5984138300812903,0.33881581984203724,0.6498826824318009,0.6524430436550572,0.8078356977079191,1.2761501626483311,0.15645560130135022,0.0145398666145235,1.0960902192922355,0,-0.009003922175885526,-0.03625994869711302,0.02351220429422618,0.027460026522879044,-0.0038518062869213887,-0.013902131414492924,0.0010736429628913635,0.006862215147206863,0.00027131627434417993,0.013138915126496564,-0.04315743496053126,-0.07765890779832596,0.05417656453636388,0.09594782255588785,0.0,0.0030646053646500304,-2.3209457156170288e-06,0.0034194926293593664,0.00028435384841341005,-0.02374712889211672,5.551115123125783e-17,-0.005535163004978028,5.0306980803327406e-17,-0.0014192961756265485,5.283333202651913,18.646727554951774,True,True,True,True
uplift_pred_ge_15_prob_ge_0.85_signal_ge_80_x11,pred_ge_15_prob_ge_0.85_signal_ge_80,1.1,306,0.007544378698224852,0.6501312740637961,1.043278410990568,0.3428678502084258,0.6654243124324537,0.5984138300812903,0.33881581984203724,0.6498826824318009,0.6524430436550572,0.8078357043049473,1.2761501626483311,0.15645560130135022,0.0145398666145235,1.0959568780640505,0,-0.008920893622994974,-0.03617692014422247,0.023429175741335406,0.02737699796998827,-0.0036998119046056654,-0.013750137032177201,0.0008278347810730668,0.006616406965388566,0.00027131627434417993,0.013138915126496564,-0.04315743496053126,-0.07765890779832596,0.05417656453636388,0.09594782255588785,0.0,0.0030646053646500304,-2.314348687360024e-06,0.0034194992263876234,0.00028435384841341005,-0.02374712889211672,5.551115123125783e-17,-0.005535163004978028,5.0306980803327406e-17,-0.0014192961756265485,5.271235350172334,18.646727554951774,True,True,True,True
uplift_pred_ge_15_prob_ge_0.50_signal_ge_120_x11,pred_ge_15_prob_ge_0.50_signal_ge_120,1.1,297,0.007322485207100592,0.6504446124791311,1.0430997888848004,0.3432265982943524,0.6651924940400842,0.5984138300812903,0.3389807111239169,0.6533038178393583,0.6524430436550572,0.807834043731972,1.2761501626483311,0.15645560130135022,0.0145398666145235,1.0954450171727936,0,-0.00860755520765999,-0.035863581728887484,0.023250553635567828,0.027198375864220692,-0.0033410638186790464,-0.013391388946250582,0.0005960163887035463,0.0063845885730190455,0.00027131627434417993,0.013138915126496564,-0.042992543678651574,-0.07749401651644627,0.05759769994392128,0.09936895796344525,0.0,0.0030646053646500304,-3.974921662708297e-06,0.003417838653412275,0.00028435384841341005,-0.02374712889211672,5.551115123125783e-17,-0.005535163004978028,5.0306980803327406e-17,-0.0014192961756265485,5.225579707710339,18.6071354090336,True,True,True,True
uplift_pred_ge_20_prob_ge_0.85_signal_ge_120_x112,pred_ge_20_prob_ge_0.85_signal_ge_120,1.12,179,0.004413214990138067,0.6516554275809521,1.0415292334854747,0.3463009943877283,0.6645964776513806,0.5981425138069462,0.33899861091991673,0.6437854455319757,0.6524430436550572,0.8078374673556441,1.2758658087999175,0.15645560130135022,0.0145398666145235,1.0905614369680876,0,-0.007396740105839017,-0.03465276662706651,0.021679998236242115,0.02562782046489498,-0.0002666677253031491,-0.010316992852874685,0.0,0.005788572184315499,0.0,0.012867598852152384,-0.042974643882651764,-0.07747611672044646,0.04807932763653866,0.08985058565606263,0.0,0.0030646053646500304,-5.51297990591948e-07,0.0034212622770843915,-2.220446049250313e-16,-0.024031482740530352,5.551115123125783e-17,-0.005535163004978028,5.0306980803327406e-17,-0.0014192961756265485,5.0491553094531945,18.602837478136035,True,True,True,True
uplift_pred_ge_15_prob_ge_0.70_signal_ge_120_x11,pred_ge_15_prob_ge_0.70_signal_ge_120,1.1,294,0.007248520710059172,0.6503872917012842,1.042939210484564,0.3432265982943524,0.6651924940400842,0.5984138300812903,0.33915393388939363,0.6494352077001411,0.6524430436550572,0.8078339789891736,1.2761501626483311,0.15645560130135022,0.0145398666145235,1.0950092188166272,0,-0.008664875985506915,-0.03592090250673441,0.023089975235331517,0.02703779746398438,-0.0033410638186790464,-0.013391388946250582,0.0005960163887035463,0.0063845885730190455,0.00027131627434417993,0.013138915126496564,-0.04281932091317486,-0.07732079375096956,0.05372908980470403,0.095500347824228,0.0,0.0030646053646500304,-4.039664461052972e-06,0.0034177739106139304,0.00028435384841341005,-0.02374712889211672,5.551115123125783e-17,-0.005535163004978028,5.0306980803327406e-17,-0.0014192961756265485,5.233931753967498,18.565542785524812,True,True,True,True
uplift_pred_ge_12_prob_ge_0.85_signal_ge_120_x11,pred_ge_12_prob_ge_0.85_signal_ge_120,1.1,379,0.009344181459566074,0.6496039807813611,1.0454594534741206,0.3395127694821871,0.6685720252055246,0.5992689175812903,0.33946108103080885,0.65042773589657,0.6524430436550572,0.8078223426967268,1.2761501626483311,0.15645560130135022,0.0145398666145235,1.0985911684075507,0,-0.009448186905430034,-0.03670421342665753,0.02561021822488807,0.029558040453540935,-0.007054892630844356,-0.01710521775841589,0.003975547554143977,0.009764119738459476,0.0011264037743441424,0.013994002626496527,-0.04251217377175964,-0.07701364660955434,0.054721618001132954,0.09649287602065693,0.0,0.0030646053646500304,-1.567595690787904e-05,0.0034061376181671044,0.00028435384841341005,-0.02374712889211672,5.551115123125783e-17,-0.005535163004978028,5.0306980803327406e-17,-0.0014192961756265485,5.348065743118981,18.491793498706034,True,True,True,True
uplift_pred_ge_15_prob_ge_0.85_signal_ge_120_x11,pred_ge_15_prob_ge_0.85_signal_ge_120,1.1,287,0.007075936883629191,0.6508918909385567,1.0424346112472918,0.3432265982943524,0.6651924940400842,0.5984138300812903,0.3406999971592665,0.6494352077001411,0.6524430436550572,0.8078316521490789,1.2761501626483311,0.15645560130135022,0.0145398666145235,1.0948631982786028,0,-0.008160276748234385,-0.03541630326946188,0.02258537599805921,0.026533198226712074,-0.0033410638186790464,-0.013391388946250582,0.0005960163887035463,0.0063845885730190455,0.00027131627434417993,0.013138915126496564,-0.041273257643301975,-0.07577473048109667,0.05372908980470403,0.095500347824228,0.0,0.0030646053646500304,-6.366504555765928e-06,0.0034154470705192175,0.00028435384841341005,-0.02374712889211672,5.551115123125783e-17,-0.005535163004978028,5.0306980803327406e-17,-0.0014192961756265485,5.160408045299729,18.194316594050367,True,True,True,True
uplift_pred_ge_12_prob_ge_0.50_signal_ge_20_x108,pred_ge_12_prob_ge_0.50_signal_ge_20,1.08,461,0.011365877712031559,0.6490577485460624,1.042887101341036,0.3392020353889095,0.6690641301955357,0.600774069128166,0.3430544720454341,0.643362607327072,0.6524430436550572,0.8078380269027171,1.2762266984057553,0.15645560130135022,0.0145398666145235,1.0977850290733882,0,-0.009994419140728739,-0.03725044566195623,0.02303786609180336,0.026985688320456225,-0.007365626724121999,-0.017415951851693534,0.004467652544155043,0.010256224728470542,0.002631555321219836,0.01549915417337222,-0.038918782757134396,-0.0734202555949291,0.04765648943163492,0.08942774745115889,0.0,0.0030646053646500304,8.249082417144393e-09,0.0034218218241574005,0.0003608896058375777,-0.023670593134692552,5.551115123125783e-17,-0.005535163004978028,5.0306980803327406e-17,-0.0014192961756265485,5.4276556766078325,17.62898219800972,True,True,True,True
uplift_pred_ge_12_prob_ge_0.50_signal_ge_50_x108,pred_ge_12_prob_ge_0.50_signal_ge_50,1.08,460,0.011341222879684419,0.6490825856391123,1.0428622642479861,0.3392626577463265,0.6690641301955357,0.600774069128166,0.3430544720454341,0.643362607327072,0.6524430436550572,0.8078378856400136,1.2762266984057553,0.15645560130135022,0.0145398666145235,1.0977850290733882,0,-0.009969582047678838,-0.03722560856890633,0.02301302899875357,0.026960851227406435,-0.007305004366704948,-0.017355329494276484,0.004467652544155043,0.010256224728470542,0.002631555321219836,0.01549915417337222,-0.038918782757134396,-0.0734202555949291,0.04765648943163492,0.08942774745115889,0.0,0.0030646053646500304,-1.3301362111750592e-07,0.003421680561453866,0.0003608896058375777,-0.023670593134692552,5.551115123125783e-17,-0.005535163004978028,5.0306980803327406e-17,-0.0014192961756265485,5.4240367349633205,17.62898219800972,True,True,True,True
uplift_pred_ge_12_prob_ge_0.50_signal_ge_80_x108,pred_ge_12_prob_ge_0.50_signal_ge_80,1.08,448,0.011045364891518738,0.6493039809910088,1.0425461654845927,0.339720307380525,0.6684097851261596,0.6002730639291645,0.34314996029066175,0.643362607327072,0.6524430436550572,0.8078391189175023,1.2760932918786485,0.15645560130135022,0.0145398666145235,1.0974888272792855,0,-0.009748186695782257,-0.03700421321700975,0.022696930235360124,0.02664475246401299,-0.006847354732506472,-0.016897679860078008,0.0038133074747789264,0.009601879659094426,0.0021305501222183,0.014998148974370684,-0.03882329451190675,-0.07332476734970145,0.04765648943163492,0.08942774745115889,0.0,0.0030646053646500304,1.1002638675705612e-06,0.003422913838942554,0.00022748307873077245,-0.023803999661799358,5.551115123125783e-17,-0.005535163004978028,5.0306980803327406e-17,-0.0014192961756265485,5.391777852763601,17.60605445740739,True,True,True,True
uplift_pred_ge_12_prob_ge_0.70_signal_ge_20_x108,pred_ge_12_prob_ge_0.70_signal_ge_20,1.08,455,0.011217948717948718,0.6490847661853218,1.0426857643593097,0.339282744530213,0.6690641301955357,0.600774069128166,0.34328853850304314,0.6395643355540224,0.6524430436550572,0.8078370942564589,1.2762266984057553,0.15645560130135022,0.0145398666145235,1.097436390388455,0,-0.009967401501469242,-0.037223428022696736,0.022836529110077164,0.026784351338730028,-0.007284917582818462,-0.017335242710389998,0.004467652544155043,0.010256224728470542,0.002631555321219836,0.01549915417337222,-0.03868471629952536,-0.07318618913732006,0.04385821765858533,0.0856294756781093,0.0,0.0030646053646500304,-9.243971758055025e-07,0.003420889177899178,0.0003608896058375777,-0.023670593134692552,5.551115123125783e-17,-0.005535163004978028,5.0306980803327406e-17,-0.0014192961756265485,5.423719013824624,17.57278035860035,True,True,True,True
uplift_pred_ge_12_prob_ge_0.70_signal_ge_50_x108,pred_ge_12_prob_ge_0.70_signal_ge_50,1.08,454,0.011193293885601578,0.6491096032783716,1.04266092726626,0.3393433668876301,0.6690641301955357,0.600774069128166,0.34328853850304314,0.6395643355540224,0.6524430436550572,0.8078369529937554,1.2762266984057553,0.15645560130135022,0.0145398666145235,1.097436390388455,0,-0.009942564408419452,-0.037198590929646946,0.022811692017027374,0.026759514245680238,-0.007224295225401356,-0.01727462035297289,0.004467652544155043,0.010256224728470542,0.002631555321219836,0.01549915417337222,-0.03868471629952536,-0.07318618913732006,0.04385821765858533,0.0856294756781093,0.0,0.0030646053646500304,-1.0656598793401528e-06,0.0034207479151956433,0.0003608896058375777,-0.023670593134692552,5.551115123125783e-17,-0.005535163004978028,5.0306980803327406e-17,-0.0014192961756265485,5.420100072180127,17.57278035860035,True,True,True,True
uplift_pred_ge_12_prob_ge_0.70_signal_ge_80_x108,pred_ge_12_prob_ge_0.70_signal_ge_80,1.08,443,0.010922090729783037,0.6493025384878004,1.0423732886453345,0.3398010165218286,0.6684097851261596,0.6002730639291645,0.34328853850304314,0.6395643355540224,0.6524430436550572,0.8078386477199153,1.2760932918786485,0.15645560130135022,0.0145398666145235,1.0971401885943526,0,-0.009749629198990695,-0.03700565572021819,0.022524053396101973,0.026471875624754837,-0.00676664559120288,-0.016816970718774416,0.0038133074747789264,0.009601879659094426,0.0021305501222183,0.014998148974370684,-0.03868471629952536,-0.07318618913732006,0.04385821765858533,0.0856294756781093,0.0,0.0030646053646500304,6.290662806218705e-07,0.0034224426413556053,0.00022748307873077245,-0.023803999661799358,5.551115123125783e-17,-0.005535163004978028,5.0306980803327406e-17,-0.0014192961756265485,5.391988035771849,17.57278035860035,True,True,True,True
uplift_pred_ge_20_prob_ge_0.50_signal_ge_20_x11,pred_ge_20_prob_ge_0.50_signal_ge_20,1.1,194,0.004783037475345167,0.6517036263078524,1.038843382130439,0.34608235786599034,0.6645964776513806,0.5981425138069462,0.34329838550738767,0.6399613599389677,0.6524430436550572,0.8078380269027171,1.2758658087999175,0.15645560130135022,0.0145398666145235,1.0893038365744967,0,-0.0073485413789387,-0.034604567900166194,0.018994146881206486,0.02294196910985935,-0.0004853042470411295,-0.010535629374612665,0.0,0.005788572184315499,0.0,0.012867598852152384,-0.038674869295180825,-0.07317634213297552,0.04425524204353071,0.08602650006305468,0.0,0.0030646053646500304,8.249082417144393e-09,0.0034218218241574005,-2.220446049250313e-16,-0.024031482740530352,5.551115123125783e-17,-0.005535163004978028,5.0306980803327406e-17,-0.0014192961756265485,5.042132411095419,17.570415988401873,True,True,True,True
uplift_pred_ge_20_prob_ge_0.50_signal_ge_80_x11,pred_ge_20_prob_ge_0.50_signal_ge_80,1.1,193,0.0047583826429980275,0.6517533195536966,1.0387936888845946,0.34617266021318877,0.6645964776513806,0.5981425138069462,0.34329838550738767,0.6399613599389677,0.6524430436550572,0.8078380219032733,1.2758658087999175,0.15645560130135022,0.0145398666145235,1.0893038365744967,0,-0.007298848133094449,-0.03455487465432194,0.018944453635362013,0.022892275864014877,-0.0003950018998427063,-0.010445327027414242,0.0,0.005788572184315499,0.0,0.012867598852152384,-0.038674869295180825,-0.07317634213297552,0.04425524204353071,0.08602650006305468,0.0,0.0030646053646500304,3.249638558244783e-09,0.0034218168247135416,-2.220446049250313e-16,-0.024031482740530352,5.551115123125783e-17,-0.005535163004978028,5.0306980803327406e-17,-0.0014192961756265485,5.034891750665653,17.570415988401873,True,True,True,True
uplift_pred_ge_20_prob_ge_0.70_signal_ge_20_x11,pred_ge_20_prob_ge_0.70_signal_ge_20,1.1,191,0.004709072978303748,0.6516463055300055,1.0386828037302027,0.34608235786599034,0.6645964776513806,0.5981425138069462,0.3434716082728644,0.6360927497997505,0.6524430436550572,0.8078379596601968,1.2758658087999175,0.15645560130135022,0.0145398666145235,1.0888680382183302,0,-0.007405862156785625,-0.03466188867801312,0.018833568480970175,0.02278139070962304,-0.0004853042470411295,-0.010535629374612665,0.0,0.005788572184315499,0.0,0.012867598852152384,-0.038501646529704114,-0.07300311936749881,0.040386631904313464,0.08215788992383743,0.0,0.0030646053646500304,-5.899343791249123e-08,0.003421754581637071,-2.220446049250313e-16,-0.024031482740530352,5.551115123125783e-17,-0.005535163004978028,5.0306980803327406e-17,-0.0014192961756265485,5.050484457352578,17.528823364893086,True,True,True,True
uplift_pred_ge_20_prob_ge_0.70_signal_ge_80_x11,pred_ge_20_prob_ge_0.70_signal_ge_80,1.1,190,0.004684418145956607,0.6516959987758497,1.0386331104843582,0.34617266021318877,0.6645964776513806,0.5981425138069462,0.3434716082728644,0.6360927497997505,0.6524430436550572,0.8078379646596406,1.2758658087999175,0.15645560130135022,0.0145398666145235,1.0888680382183302,0,-0.007356168910941374,-0.03461219543216887,0.018783875235125702,0.022731697463778566,-0.0003950018998427063,-0.010445327027414242,0.0,0.005788572184315499,0.0,0.012867598852152384,-0.038501646529704114,-0.07300311936749881,0.040386631904313464,0.08215788992383743,0.0,0.0030646053646500304,-5.399399405359162e-08,0.00342175958108093,-2.220446049250313e-16,-0.024031482740530352,5.551115123125783e-17,-0.005535163004978028,5.0306980803327406e-17,-0.0014192961756265485,5.0432437969228125,17.528823364893086,True,True,True,True
uplift_pred_ge_20_prob_ge_0.50_signal_ge_120_x11,pred_ge_20_prob_ge_0.50_signal_ge_120,1.1,186,0.004585798816568047,0.6521174840762006,1.0384295243620905,0.3463009943877283,0.6645964776513806,0.5981425138069462,0.34423961556072313,0.6383623778317309,0.6524430436550572,0.8078377348674001,1.2758658087999175,0.15645560130135022,0.0145398666145235,1.0891273382230005,0,-0.006934683610590464,-0.03419071013181796,0.018580289112857917,0.02252811134151078,-0.0002666677253031491,-0.010316992852874685,0.0,0.005788572184315499,0.0,0.012867598852152384,-0.03773363924184536,-0.07223511207964006,0.04265625993629385,0.08442751795581782,0.0,0.0030646053646500304,-2.8378623462277375e-07,0.0034215297888403606,-2.220446049250313e-16,-0.024031482740530352,5.551115123125783e-17,-0.005535163004978028,5.0306980803327406e-17,-0.0014192961756265485,4.981830381797077,17.34441666818664,True,True,True,True
uplift_pred_ge_20_prob_ge_0.70_signal_ge_120_x11,pred_ge_20_prob_ge_0.70_signal_ge_120,1.1,183,0.0045118343195266275,0.6520601632983537,1.0382689459618542,0.3463009943877283,0.6645964776513806,0.5981425138069462,0.34441283832619984,0.6344937676925138,0.6524430436550572,0.8078376701246017,1.2758658087999175,0.15645560130135022,0.0145398666145235,1.0886915398668338,0,-0.0069920043884373895,-0.034248030909664884,0.018419710712621606,0.02236753294127447,-0.0002666677253031491,-0.010316992852874685,0.0,0.005788572184315499,0.0,0.012867598852152384,-0.03756041647636865,-0.07206188931416335,0.03878764979707672,0.08055890781660069,0.0,0.0030646053646500304,-3.485290329674484e-07,0.003421465046042016,-2.220446049250313e-16,-0.024031482740530352,5.551115123125783e-17,-0.005535163004978028,5.0306980803327406e-17,-0.0014192961756265485,4.9901824280542355,17.302824044677852,True,True,True,True
uplift_pred_ge_20_prob_ge_0.85_signal_ge_20_x11,pred_ge_20_prob_ge_0.85_signal_ge_20,1.1,187,0.004610453648915188,0.6519993510457586,1.0383297582144495,0.34608235786599034,0.6645964776513806,0.5981425138069462,0.34453390177262205,0.6360927497997505,0.6524430436550572,0.8078378243746578,1.2758658087999175,0.15645560130135022,0.0145398666145235,1.0888680382183302,0,-0.007052816641032522,-0.034308843162260017,0.01848052296521696,0.022428345193869825,-0.0004853042470411295,-0.010535629374612665,0.0,0.005788572184315499,0.0,0.012867598852152384,-0.03743935302994644,-0.07194082586774114,0.040386631904313464,0.08215788992383743,0.0,0.0030646053646500304,-1.9427897690604823e-07,0.0034216192960980774,-2.220446049250313e-16,-0.024031482740530352,5.551115123125783e-17,-0.005535163004978028,5.0306980803327406e-17,-0.0014192961756265485,4.999043207090295,17.27375542697129,True,True,True,True
uplift_pred_ge_20_prob_ge_0.85_signal_ge_80_x11,pred_ge_20_prob_ge_0.85_signal_ge_80,1.1,186,0.004585798816568047,0.652049044291603,1.038280064968605,0.34617266021318877,0.6645964776513806,0.5981425138069462,0.34453390177262205,0.6360927497997505,0.6524430436550572,0.8078378293741018,1.2758658087999175,0.15645560130135022,0.0145398666145235,1.0888680382183302,0,-0.007003123395188049,-0.03425914991641554,0.018430829719372488,0.022378651948025352,-0.0003950018998427063,-0.010445327027414242,0.0,0.005788572184315499,0.0,0.012867598852152384,-0.03743935302994644,-0.07194082586774114,0.040386631904313464,0.08215788992383743,0.0,0.0030646053646500304,-1.8927953293612632e-07,0.0034216242955420473,-2.220446049250313e-16,-0.024031482740530352,5.551115123125783e-17,-0.005535163004978028,5.0306980803327406e-17,-0.0014192961756265485,4.991802546660497,17.27375542697129,True,True,True,True
uplift_pred_ge_10_prob_ge_0.50_signal_ge_120_x108,pred_ge_10_prob_ge_0.50_signal_ge_120,1.08,508,0.01252465483234714,0.6498019441958804,1.0433752499669637,0.33838000683199476,0.6692114255526787,0.6002216876840286,0.34454282963703664,0.6428453806662175,0.652443043655057,0.8078374260529141,1.2763183625603447,0.15645560130135022,0.0145398666145235,1.0993556618284452,0,-0.009250223490910647,-0.03650625001213814,0.023526014717731192,0.027473836946384056,-0.00818765528103671,-0.018237980408608245,0.004614947901298017,0.010403520085613516,0.002079173877082452,0.014946772729234836,-0.037430425165531855,-0.07193189800332656,0.04713926277078051,0.08891052079030448,-2.220446049250313e-16,0.0030646053646498084,-5.926007206058514e-07,0.0034212209743543776,0.0004525537604269658,-0.023578928980103164,5.551115123125783e-17,-0.005535163004978028,5.0306980803327406e-17,-0.0014192961756265485,5.319221061357919,17.27161175202007,True,True,True,True
uplift_pred_ge_10_prob_ge_0.70_signal_ge_120_x108,pred_ge_10_prob_ge_0.70_signal_ge_120,1.08,503,0.01240138067061144,0.6497581828541215,1.0432043972454337,0.3384204260610011,0.6692114255526787,0.6002216876840286,0.34468140784941803,0.639047108893168,0.652443043655057,0.8078369296081356,1.2763183625603447,0.15645560130135022,0.0145398666145235,1.098926433701867,0,-0.009293984832669633,-0.03655001135389713,0.023355161996201135,0.027302984224854,-0.008147236052030382,-0.018197561179601918,0.004614947901298017,0.010403520085613516,0.002079173877082452,0.014946772729234836,-0.037291846953150465,-0.07179331979094516,0.04334099099773092,0.08511224901725489,-2.220446049250313e-16,0.0030646053646498084,-1.0890454991141496e-06,0.0034207245295758693,0.0004525537604269658,-0.023578928980103164,5.551115123125783e-17,-0.005535163004978028,5.0306980803327406e-17,-0.0014192961756265485,5.32559740104442,17.238337653213033,True,True,True,True
uplift_pred_ge_12_prob_ge_0.85_signal_ge_20_x108,pred_ge_12_prob_ge_0.85_signal_ge_20,1.08,427,0.010527613412228796,0.6498632589289237,1.0417478269258797,0.3397252902335123,0.6686089226261596,0.6001985714420084,0.345209636159313,0.6395643355540224,0.6524430436550572,0.8078285715347874,1.2762266984057553,0.15645560130135022,0.0145398666145235,1.0966683595179993,0,-0.009188908757867376,-0.03644493527909487,0.021898591676647206,0.02584641390530007,-0.0068423718795191935,-0.01689269700709073,0.004012444974778928,0.009801017159094427,0.002056057635062225,0.01492365648721461,-0.0367636186432555,-0.0712650914810502,0.04385821765858533,0.0856294756781093,0.0,0.0030646053646500304,-9.447118847316638e-06,0.0034123664562276668,0.0003608896058375777,-0.023670593134692552,5.551115123125783e-17,-0.005535163004978028,5.0306980803327406e-17,-0.0014192961756265485,5.310287067335887,17.111504432650584,True,True,True,True
uplift_pred_ge_12_prob_ge_0.85_signal_ge_50_x108,pred_ge_12_prob_ge_0.85_signal_ge_50,1.08,426,0.010502958579881656,0.6498880960219735,1.0417229898328297,0.33978591259092933,0.6686089226261596,0.6001985714420084,0.345209636159313,0.6395643355540224,0.6524430436550572,0.8078284780700244,1.2762266984057553,0.15645560130135022,0.0145398666145235,1.0966683595179993,0,-0.009164071664817586,-0.03642009818604508,0.021873754583597194,0.025821576812250058,-0.006781749522102143,-0.01683207464967368,0.004012444974778928,0.009801017159094427,0.002056057635062225,0.01492365648721461,-0.0367636186432555,-0.0712650914810502,0.04385821765858533,0.0856294756781093,0.0,0.0030646053646500304,-9.54058361024579e-06,0.0034122729914647376,0.0003608896058375777,-0.023670593134692552,5.551115123125783e-17,-0.005535163004978028,5.0306980803327406e-17,-0.0014192961756265485,5.306668125691389,17.111504432650584,True,True,True,True
uplift_pred_ge_12_prob_ge_0.85_signal_ge_80_x108,pred_ge_12_prob_ge_0.85_signal_ge_80,1.08,417,0.010281065088757396,0.650036252498595,1.0414801299447118,0.34016219050934676,0.6681575108898633,0.5996975662430069,0.345209636159313,0.6395643355540224,0.6524430436550572,0.80783026439235,1.2760932918786485,0.15645560130135022,0.0145398666145235,1.0963721577238967,0,-0.00901591518819611,-0.036271941709423605,0.021630894695479297,0.02557871692413216,-0.006405471603684709,-0.016455796731256245,0.0035610332384826693,0.009349605422798168,0.0015550524360606888,0.014422651288213073,-0.0367636186432555,-0.0712650914810502,0.04385821765858533,0.0856294756781093,0.0,0.0030646053646500304,-7.754261284742547e-06,0.003414059313790241,0.00022748307873077245,-0.023803999661799358,5.551115123125783e-17,-0.005535163004978028,5.0306980803327406e-17,-0.0014192961756265485,5.285080670103387,17.111504432650584,True,True,True,True
uplift_pred_ge_15_prob_ge_0.50_signal_ge_20_x108,pred_ge_15_prob_ge_0.50_signal_ge_20,1.08,320,0.007889546351084813,0.6509657289540192,1.0392487284091452,0.3433744831975205,0.6654243124324537,0.5983675741517002,0.34531895129982143,0.6424000488351365,0.6524430436550572,0.8078380269027171,1.2760932918786485,0.15645560130135022,0.0145398666145235,1.0932060414212539,0,-0.008086438732771928,-0.03534246525399942,0.01939949315991263,0.023347315388565493,-0.0031931789155109636,-0.013243504043082499,0.0008278347810730668,0.006616406965388566,0.00022506034475400227,0.013092659196906387,-0.036654303502747065,-0.07115577634054177,0.046693930939699424,0.0884651889592234,0.0,0.0030646053646500304,8.249082417144393e-09,0.0034218218241574005,0.00022748307873077245,-0.023803999661799358,5.551115123125783e-17,-0.005535163004978028,5.0306980803327406e-17,-0.0014192961756265485,5.149649319688466,17.085256707817965,True,True,True,True
uplift_pred_ge_15_prob_ge_0.50_signal_ge_80_x108,pred_ge_15_prob_ge_0.50_signal_ge_80,1.08,317,0.007815581854043392,0.6510606119387997,1.0391538454243647,0.34349607870337306,0.6654243124324537,0.5983675741517002,0.345414439545049,0.6424000488351365,0.6524430436550572,0.8078378750299607,1.2760932918786485,0.15645560130135022,0.0145398666145235,1.093099368438706,0,-0.007991555747991375,-0.03524758226921887,0.019304610175132186,0.02325243240378505,-0.003071583409658407,-0.013121908537229943,0.0008278347810730668,0.006616406965388566,0.00022506034475400227,0.013092659196906387,-0.03655881525751947,-0.07106028809531417,0.046693930939699424,0.0884651889592234,0.0,0.0030646053646500304,-1.436236739538188e-07,0.0034216699514010296,0.00022748307873077245,-0.023803999661799358,5.551115123125783e-17,-0.005535163004978028,5.0306980803327406e-17,-0.0014192961756265485,5.13582419191332,17.062328967215652,True,True,True,True
uplift_pred_ge_12_prob_ge_0.50_signal_ge_120_x108,pred_ge_12_prob_ge_0.50_signal_ge_120,1.08,404,0.009960552268244575,0.6502613644397965,1.0412517720287084,0.34043584311810743,0.6679257629183674,0.5997015819340475,0.3454165107107424,0.6428453806662175,0.6524430436550572,0.807833880630953,1.2760932918786485,0.15645560130135022,0.0145398666145235,1.0956826680191358,0,-0.00879080324699455,-0.036046829768222044,0.0214025367794759,0.025350359008128764,-0.006131818994924043,-0.01618214412249558,0.0033292852669867257,0.009117857451302225,0.0015590681271013818,0.014426666979253766,-0.03655674409182608,-0.07105821692962078,0.04713926277078051,0.08891052079030448,0.0,0.0030646053646500304,-4.138022681732245e-06,0.003417675552393251,0.00022748307873077245,-0.023803999661799358,5.551115123125783e-17,-0.005535163004978028,5.0306980803327406e-17,-0.0014192961756265485,5.252280254327887,17.061831658362088,True,True,True,True
uplift_pred_ge_20_prob_ge_0.85_signal_ge_120_x11,pred_ge_20_prob_ge_0.85_signal_ge_120,1.1,179,0.004413214990138067,0.652413208814107,1.037915900446101,0.3463009943877283,0.6645964776513806,0.5981425138069462,0.34547513182595746,0.6344937676925138,0.6524430436550572,0.8078375403190814,1.2758658087999175,0.15645560130135022,0.0145398666145235,1.0886915398668338,0,-0.006638958872684064,-0.03389498539391156,0.018066665196868392,0.022014487425521256,-0.0002666677253031491,-0.010316992852874685,0.0,0.005788572184315499,0.0,0.012867598852152384,-0.036498122976611036,-0.07099959581440574,0.03878764979707672,0.08055890781660069,0.0,0.0030646053646500304,-4.783345532999306e-07,0.0034213352405216835,-2.220446049250313e-16,-0.024031482740530352,5.551115123125783e-17,-0.005535163004978028,5.0306980803327406e-17,-0.0014192961756265485,4.938741177791921,17.047756106756072,True,True,True,True
uplift_pred_ge_15_prob_ge_0.70_signal_ge_20_x108,pred_ge_15_prob_ge_0.70_signal_ge_20,1.08,316,0.007790927021696253,0.6509483324742097,1.0390918055464882,0.3433744831975205,0.6654243124324537,0.5983675741517002,0.3455530177574304,0.6386017770620869,0.6524430436550572,0.8078377586825523,1.2760932918786485,0.15645560130135022,0.0145398666145235,1.0928574027363205,0,-0.0081038352125814,-0.035359861733808895,0.019242570297255623,0.023190392525908488,-0.0031931789155109636,-0.013243504043082499,0.0008278347810730668,0.006616406965388566,0.00022506034475400227,0.013092659196906387,-0.03642023704513808,-0.07092170988293278,0.042895659166649835,0.0846669171861738,0.0,0.0030646053646500304,-2.599710824391366e-07,0.0034215536039925443,0.00022748307873077245,-0.023803999661799358,5.551115123125783e-17,-0.005535163004978028,5.0306980803327406e-17,-0.0014192961756265485,5.152184110902716,17.029054868408615,True,True,True,True
uplift_pred_ge_15_prob_ge_0.70_signal_ge_80_x108,pred_ge_15_prob_ge_0.70_signal_ge_80,1.08,314,0.007741617357001972,0.6510147553165222,1.0390253827041755,0.34349607870337306,0.6654243124324537,0.5983675741517002,0.3455530177574304,0.6386017770620869,0.6524430436550572,0.8078378102871623,1.2760932918786485,0.15645560130135022,0.0145398666145235,1.0927507297537726,0,-0.008037412370268893,-0.03529343889149639,0.019176147454943004,0.02312396968359587,-0.003071583409658407,-0.013121908537229943,0.0008278347810730668,0.006616406965388566,0.00022506034475400227,0.013092659196906387,-0.03642023704513808,-0.07092170988293278,0.042895659166649835,0.0846669171861738,0.0,0.0030646053646500304,-2.0836647240951578e-07,0.003421605208602574,0.00022748307873077245,-0.023803999661799358,5.551115123125783e-17,-0.005535163004978028,5.0306980803327406e-17,-0.0014192961756265485,5.1425058289190435,17.029054868408615,True,True,True,True
uplift_pred_ge_12_prob_ge_0.70_signal_ge_120_x108,pred_ge_12_prob_ge_0.70_signal_ge_120,1.08,400,0.009861932938856016,0.6502377504584488,1.0411010666675895,0.3404762623471137,0.6679257629183674,0.5997015819340475,0.3455550889231238,0.639047108893168,0.6524430436550572,0.8078337151493601,1.2760932918786485,0.15645560130135022,0.0145398666145235,1.0953340293342024,0,-0.008814417228342308,-0.0360704437495698,0.02125183141835696,0.025199653647009823,-0.006091399765917771,-0.016141724893489307,0.0033292852669867257,0.009117857451302225,0.0015590681271013818,0.014426666979253766,-0.036418165879444686,-0.07091963871723939,0.04334099099773092,0.08511224901725489,0.0,0.0030646053646500304,-4.303504274605352e-06,0.003417510070800378,0.00022748307873077245,-0.023803999661799358,5.551115123125783e-17,-0.005535163004978028,5.0306980803327406e-17,-0.0014192961756265485,5.255720979871752,17.02855755955505,True,True,True,True
uplift_pred_ge_10_prob_ge_0.85_signal_ge_120_x108,pred_ge_10_prob_ge_0.85_signal_ge_120,1.08,474,0.011686390532544378,0.6505963869166289,1.0422758098611364,0.33893121750005883,0.6690429193026786,0.5996461899978711,0.34658316558265406,0.639047108893168,0.652443043655057,0.8078245456379494,1.2763183625603447,0.15645560130135022,0.0145398666145235,1.098252059533255,0,-0.00845578077016218,-0.035711807291389674,0.022426574611903893,0.026374396840556757,-0.007636444612972637,-0.017686769740544173,0.004446441651297928,0.010235013835613427,0.0015036761909249519,0.014371275043077336,-0.03539008921991443,-0.06989156205770913,0.04334099099773092,0.08511224901725489,-2.220446049250313e-16,0.0030646053646498084,-1.3473015685327994e-05,0.0034083405593896554,0.0004525537604269658,-0.023578928980103164,5.551115123125783e-17,-0.005535163004978028,5.0306980803327406e-17,-0.0014192961756265485,5.203465089412221,16.781705447938325,True,True,True,True
uplift_pred_ge_15_prob_ge_0.85_signal_ge_20_x108,pred_ge_15_prob_ge_0.85_signal_ge_20,1.08,308,0.007593688362919132,0.651322884391971,1.0386589986846133,0.3433744831975205,0.6654243124324537,0.5983675741517002,0.3467898683733287,0.6386017770620869,0.6524430436550572,0.8078357484825385,1.2760932918786485,0.15645560130135022,0.0145398666145235,1.092740586305901,0,-0.007729283294820144,-0.03498530981604764,0.018809763435380766,0.02275758566403363,-0.0031931789155109636,-0.013243504043082499,0.0008278347810730668,0.006616406965388566,0.00022506034475400227,0.013092659196906387,-0.035183386429239794,-0.0696848592670345,0.042895659166649835,0.0846669171861738,0.0,0.0030646053646500304,-2.2701710962191868e-06,0.0034195434039787642,0.00022748307873077245,-0.023803999661799358,5.551115123125783e-17,-0.005535163004978028,5.0306980803327406e-17,-0.0014192961756265485,5.0976092244417615,16.732073915229062,True,True,True,True
uplift_pred_ge_15_prob_ge_0.85_signal_ge_80_x108,pred_ge_15_prob_ge_0.85_signal_ge_80,1.08,306,0.007544378698224852,0.6513893072342833,1.0385925758423007,0.34349607870337306,0.6654243124324537,0.5983675741517002,0.3467898683733287,0.6386017770620869,0.6524430436550572,0.8078358000871486,1.2760932918786485,0.15645560130135022,0.0145398666145235,1.0926339133233531,0,-0.007662860452507747,-0.03491888697373524,0.018743340593068147,0.02269116282172101,-0.003071583409658407,-0.013121908537229943,0.0008278347810730668,0.006616406965388566,0.00022506034475400227,0.013092659196906387,-0.035183386429239794,-0.0696848592670345,0.042895659166649835,0.0846669171861738,0.0,0.0030646053646500304,-2.2185664860785437e-06,0.003419595008588905,0.00022748307873077245,-0.023803999661799358,5.551115123125783e-17,-0.005535163004978028,5.0306980803327406e-17,-0.0014192961756265485,5.0879309424581045,16.732073915229062,True,True,True,True
uplift_pred_ge_15_prob_ge_0.50_signal_ge_120_x108,pred_ge_15_prob_ge_0.50_signal_ge_120,1.08,297,0.007322485207100592,0.6516500785437028,1.0384496781576869,0.3437924234961105,0.6651924940400842,0.5983675741517002,0.34692178139883245,0.6424000488351365,0.6524430436550572,0.8078353067803464,1.2760932918786485,0.15645560130135022,0.0145398666145235,1.0922244246103476,0,-0.007402089143088264,-0.03465811566431576,0.018600442908454307,0.02254826513710717,-0.002775238616920972,-0.012825563744492507,0.0005960163887035463,0.0063845885730190455,0.00022506034475400227,0.013092659196906387,-0.035051473403736044,-0.06955294624153074,0.046693930939699424,0.0884651889592234,0.0,0.0030646053646500304,-2.711873288263611e-06,0.00341910170178672,0.00022748307873077245,-0.023803999661799358,5.551115123125783e-17,-0.005535163004978028,5.0306980803327406e-17,-0.0014192961756265485,5.049934702340296,16.700400198494524,True,True,True,True
uplift_pred_ge_15_prob_ge_0.70_signal_ge_120_x108,pred_ge_15_prob_ge_0.70_signal_ge_120,1.08,294,0.007248520710059172,0.6516042219214253,1.0383212154374977,0.3437924234961105,0.6651924940400842,0.5983675741517002,0.34706035961121384,0.6386017770620869,0.6524430436550572,0.807835242037548,1.2760932918786485,0.15645560130135022,0.0145398666145235,1.0918757859254142,0,-0.007447945765365782,-0.034703972286593276,0.018471980188265125,0.02241980241691799,-0.002775238616920972,-0.012825563744492507,0.0005960163887035463,0.0063845885730190455,0.00022506034475400227,0.013092659196906387,-0.034912895191354654,-0.06941436802914935,0.042895659166649835,0.0846669171861738,0.0,0.0030646053646500304,-2.776616086719308e-06,0.003419036958988264,0.00022748307873077245,-0.023803999661799358,5.551115123125783e-17,-0.005535163004978028,5.0306980803327406e-17,-0.0014192961756265485,5.056616339346019,16.667126099687486,True,True,True,True
uplift_pred_ge_12_prob_ge_0.85_signal_ge_120_x108,pred_ge_12_prob_ge_0.85_signal_ge_120,1.08,379,0.009344181459566074,0.6509518691913873,1.040337409829143,0.3407967635305419,0.6676734886820711,0.598800012298943,0.347306077324346,0.639047108893168,0.6524430436550572,0.8078263708902962,1.2760932918786485,0.15645560130135022,0.0145398666145235,1.0947413455981534,0,-0.008100298495403835,-0.03535632501663133,0.020488174579910368,0.024435996808563232,-0.005770898582489581,-0.015821223710061116,0.0030770110306904686,0.008865583215005968,0.0006574984919968108,0.013525097344149195,-0.03466717747822251,-0.06916865031601721,0.04334099099773092,0.08511224901725489,0.0,0.0030646053646500304,-1.1647763338507033e-05,0.0034101658117364764,0.00022748307873077245,-0.023803999661799358,5.551115123125783e-17,-0.005535163004978028,5.0306980803327406e-17,-0.0014192961756265485,5.151668785979102,16.608126670232473,True,True,True,True
uplift_pred_ge_15_prob_ge_0.85_signal_ge_120_x108,pred_ge_15_prob_ge_0.85_signal_ge_120,1.08,287,0.007075936883629191,0.6520079013112432,1.0379175360476798,0.3437924234961105,0.6651924940400842,0.5983675741517002,0.3482972102271121,0.6386017770620869,0.6524430436550572,0.8078330432260675,1.2760932918786485,0.15645560130135022,0.0145398666145235,1.091758969494995,0,-0.007044266375547892,-0.034300292896775386,0.018068300798447234,0.0220161230271001,-0.002775238616920972,-0.012825563744492507,0.0005960163887035463,0.0063845885730190455,0.00022506034475400227,0.013092659196906387,-0.03367604457545642,-0.06817751741325112,0.042895659166649835,0.0846669171861738,0.0,0.0030646053646500304,-4.975427567166513e-06,0.003416838147507817,0.00022748307873077245,-0.023803999661799358,5.551115123125783e-17,-0.005535163004978028,5.0306980803327406e-17,-0.0014192961756265485,4.997797372411823,16.37014514650795,True,True,True,True
uplift_pred_ge_20_prob_ge_0.50_signal_ge_20_x108,pred_ge_20_prob_ge_0.50_signal_ge_20,1.08,194,0.004783037475345167,0.6527114150390427,1.0350445527541976,0.34612998188039057,0.6645964776513806,0.5981425138069462,0.3503759209056091,0.6306000012318943,0.6524430436550572,0.8078380269027171,1.2758658087999175,0.15645560130135022,0.0145398666145235,1.08731148013171,0,-0.00634075264774836,-0.033596779168975854,0.015195317504965056,0.01914313973361792,-0.0004376802326409024,-0.010488005360212438,0.0,0.005788572184315499,0.0,0.012867598852152384,-0.0315973338969594,-0.0660988067347541,0.034893883336457265,0.07666514135598124,0.0,0.0030646053646500304,8.249082417144393e-09,0.0034218218241574005,-2.220446049250313e-16,-0.024031482740530352,5.551115123125783e-17,-0.005535163004978028,5.0306980803327406e-17,-0.0014192961756265485,4.895290403423734,15.87102466198913,True,True,True,True
uplift_pred_ge_20_prob_ge_0.50_signal_ge_80_x108,pred_ge_20_prob_ge_0.50_signal_ge_80,1.08,193,0.0047583826429980275,0.6527511696357182,1.035004798157522,0.34620222375814935,0.6645964776513806,0.5981425138069462,0.3503759209056091,0.6306000012318943,0.6524430436550572,0.8078380758972673,1.2758658087999175,0.15645560130135022,0.0145398666145235,1.08731148013171,0,-0.00630099805107287,-0.033557024572300365,0.015155562908289566,0.01910338513694243,-0.0003654383548821194,-0.010415763482453655,0.0,0.005788572184315499,0.0,0.012867598852152384,-0.0315973338969594,-0.0660988067347541,0.034893883336457265,0.07666514135598124,0.0,0.0030646053646500304,5.7243632611836404e-08,0.0034218708187075952,-2.220446049250313e-16,-0.024031482740530352,5.551115123125783e-17,-0.005535163004978028,5.0306980803327406e-17,-0.0014192961756265485,4.8894978750799085,15.87102466198913,True,True,True,True
uplift_pred_ge_20_prob_ge_0.70_signal_ge_20_x108,pred_ge_20_prob_ge_0.70_signal_ge_20,1.08,191,0.004709072978303748,0.6526655584167652,1.0349160900340086,0.34612998188039057,0.6645964776513806,0.5981425138069462,0.3505144991179905,0.6268017294588446,0.6524430436550572,0.8078379521610309,1.2758658087999175,0.15645560130135022,0.0145398666145235,1.0869628414467771,0,-0.006386609270025878,-0.03364263579125337,0.015066854784776096,0.01901467701342896,-0.0004376802326409024,-0.010488005360212438,0.0,0.005788572184315499,0.0,0.012867598852152384,-0.03145875568457801,-0.06596022852237271,0.031095611563407566,0.07286686958293154,0.0,0.0030646053646500304,-6.64926037563518e-08,0.003421747082471227,-2.220446049250313e-16,-0.024031482740530352,5.551115123125783e-17,-0.005535163004978028,5.0306980803327406e-17,-0.0014192961756265485,4.901972040429457,15.837750563182093,True,True,True,True
uplift_pred_ge_20_prob_ge_0.70_signal_ge_80_x108,pred_ge_20_prob_ge_0.70_signal_ge_80,1.08,190,0.004684418145956607,0.6527053130134407,1.0348763354373332,0.34620222375814935,0.6645964776513806,0.5981425138069462,0.3505144991179905,0.6268017294588446,0.6524430436550572,0.8078380111544688,1.2758658087999175,0.15645560130135022,0.0145398666145235,1.0869628414467771,0,-0.006346854673350388,-0.03360288119457788,0.015027100188100606,0.01897492241675347,-0.0003654383548821194,-0.010415763482453655,0.0,0.005788572184315499,0.0,0.012867598852152384,-0.03145875568457801,-0.06596022852237271,0.031095611563407566,0.07286686958293154,0.0,0.0030646053646500304,-7.499165843860567e-09,0.0034218060759091395,-2.220446049250313e-16,-0.024031482740530352,5.551115123125783e-17,-0.005535163004978028,5.0306980803327406e-17,-0.0014192961756265485,4.896179512085633,15.837750563182093,True,True,True,True
uplift_pred_ge_20_prob_ge_0.50_signal_ge_120_x108,pred_ge_20_prob_ge_0.50_signal_ge_120,1.08,186,0.004585798816568047,0.6530425012537215,1.034713466539519,0.34630489109778095,0.6645964776513806,0.5981425138069462,0.35112890494827736,0.6291359194916055,0.6524430436550572,0.8078378092592414,1.2758658087999175,0.15645560130135022,0.0145398666145235,1.087170281450513,0,-0.006009666433069549,-0.033265692954297044,0.014864231290286467,0.01881205351893933,-0.00026277101525051805,-0.010313096142822054,0.0,0.005788572184315499,0.0,0.012867598852152384,-0.03084434985429113,-0.06534582269208583,0.033429801596168485,0.07520105961569246,0.0,0.0030646053646500304,-2.0939439326905784e-07,0.0034216041806817143,-2.220446049250313e-16,-0.024031482740530352,5.551115123125783e-17,-0.005535163004978028,5.0306980803327406e-17,-0.0014192961756265485,4.847048779985029,15.690225205816969,True,True,True,True
uplift_pred_ge_20_prob_ge_0.70_signal_ge_120_x108,pred_ge_20_prob_ge_0.70_signal_ge_120,1.08,183,0.0045118343195266275,0.6529966446314439,1.03458500381933,0.34630489109778095,0.6645964776513806,0.5981425138069462,0.35126748316065876,0.6253376477185559,0.6524430436550572,0.8078377445164431,1.2758658087999175,0.15645560130135022,0.0145398666145235,1.08682164276558,0,-0.006055523055347178,-0.03331154957657467,0.014735768570097507,0.01868359079875037,-0.00026277101525051805,-0.010313096142822054,0.0,0.005788572184315499,0.0,0.012867598852152384,-0.03070577164190974,-0.06520724447970444,0.029631529823118896,0.07140278784264287,0.0,0.0030646053646500304,-2.741371916137325e-07,0.0034215394378833697,-2.220446049250313e-16,-0.024031482740530352,5.551115123125783e-17,-0.005535163004978028,5.0306980803327406e-17,-0.0014192961756265485,4.853730416990768,15.656951107009931,True,True,True,True
uplift_pred_ge_20_prob_ge_0.85_signal_ge_20_x108,pred_ge_20_prob_ge_0.85_signal_ge_20,1.08,187,0.004610453648915188,0.6529479948293678,1.0346336536214058,0.34612998188039057,0.6645964776513806,0.5981425138069462,0.35136433391779653,0.6268017294588446,0.6524430436550572,0.807837816875492,1.2758658087999175,0.15645560130135022,0.0145398666145235,1.0869628414467771,0,-0.006104172857423262,-0.03336019937865076,0.014784418372173258,0.018732240600826122,-0.0004376802326409024,-0.010488005360212438,0.0,0.005788572184315499,0.0,0.012867598852152384,-0.030608920884771962,-0.06511039372256666,0.031095611563407566,0.07286686958293154,0.0,0.0030646053646500304,-2.017781426388865e-07,0.0034216117969323445,-2.220446049250313e-16,-0.024031482740530352,5.551115123125783e-17,-0.005535163004978028,5.0306980803327406e-17,-0.0014192961756265485,4.860819040219611,15.633696212844681,True,True,True,True
uplift_pred_ge_20_prob_ge_0.85_signal_ge_80_x108,pred_ge_20_prob_ge_0.85_signal_ge_80,1.08,186,0.004585798816568047,0.6529877494260434,1.0345938990247303,0.34620222375814935,0.6645964776513806,0.5981425138069462,0.35136433391779653,0.6268017294588446,0.6524430436550572,0.80783787586893,1.2758658087999175,0.15645560130135022,0.0145398666145235,1.0869628414467771,0,-0.0060644182607476615,-0.033320444781975156,0.014744663775497768,0.018692486004150632,-0.0003654383548821194,-0.010415763482453655,0.0,0.005788572184315499,0.0,0.012867598852152384,-0.030608920884771962,-0.06511039372256666,0.031095611563407566,0.07286686958293154,0.0,0.0030646053646500304,-1.4278470472639526e-07,0.003421670790370257,-2.220446049250313e-16,-0.024031482740530352,5.551115123125783e-17,-0.005535163004978028,5.0306980803327406e-17,-0.0014192961756265485,4.855026511875771,15.633696212844681,True,True,True,True
uplift_pred_ge_20_prob_ge_0.85_signal_ge_120_x108,pred_ge_20_prob_ge_0.85_signal_ge_120,1.08,179,0.004413214990138067,0.6532790810440465,1.0343025674067272,0.34630489109778095,0.6645964776513806,0.5981425138069462,0.35211731796046486,0.6253376477185559,0.6524430436550572,0.8078376147109227,1.2758658087999175,0.15645560130135022,0.0145398666145235,1.08682164276558,0,-0.005773086642744563,-0.03302911316397206,0.01445333215749467,0.018401154386147534,-0.00026277101525051805,-0.010313096142822054,0.0,0.005788572184315499,0.0,0.012867598852152384,-0.029855936842103636,-0.06435740967989834,0.029631529823118896,0.07140278784264287,0.0,0.0030646053646500304,-4.0394271194621467e-07,0.003421409632363037,-2.220446049250313e-16,-0.024031482740530352,5.551115123125783e-17,-0.005535163004978028,5.0306980803327406e-17,-0.0014192961756265485,4.812577416780922,15.452896756672505,True,True,True,True
uplift_top_demand_score_q97_x105,top_demand_score_q97,1.05,1220,0.03007889546351085,0.6498420519157809,1.0419951257673983,0.332285015175777,0.6768407322200136,0.6072707939756916,0.35565685811911324,0.625491423790209,0.6524430436550572,0.8078400249752503,1.2787139568228487,0.15645560130135022,0.0145398666145235,1.0984831301359284,0,-0.009210115771010163,-0.03646614229223766,0.022145890518165734,0.026093712746818598,-0.01428264693725445,-0.024332972064825986,0.012244254568632984,0.018032826752948483,0.00912828016874545,0.021995879020897835,-0.026316396683455257,-0.060817869521249956,0.029785305894771907,0.07155656391429588,0.0,0.0030646053646500304,2.0063216156218644e-06,0.0034238198966906053,0.0028481480229309852,-0.021183334717599145,5.551115123125783e-17,-0.005535163004978028,5.0306980803327406e-17,-0.0014192961756265485,5.313377080441042,14.60301561773702,True,True,True,True
uplift_top_pred_qty_q97_x105,top_pred_qty_q97,1.05,1220,0.03007889546351085,0.6498652059167409,1.0420002718202976,0.3322973723513646,0.6768407322200136,0.6072707939756916,0.35565685811911324,0.625491423790209,0.6524430436550572,0.8078380186536347,1.278610383145634,0.15645560130135022,0.0145398666145235,1.0984893423443132,0,-0.009186961770050184,-0.03644298829127768,0.022151036571065097,0.02609885879971796,-0.014270289761666888,-0.024320614889238423,0.012244254568632984,0.018032826752948483,0.00912828016874545,0.021995879020897835,-0.026316396683455257,-0.060817869521249956,0.029785305894771907,0.07155656391429588,0.0,0.0030646053646500304,0.0,0.0034218135750749834,0.0027445743457161775,-0.021286908394813953,5.551115123125783e-17,-0.005535163004978028,5.0306980803327406e-17,-0.0014192961756265485,5.310003377321164,14.60301561773702,True,True,True,True
uplift_pred_ge_8_prob_ge_0.50_signal_ge_20_x105,pred_ge_8_prob_ge_0.50_signal_ge_20,1.05,873,0.021523668639053254,0.6506557079872646,1.0389386260239681,0.33624432922312186,0.6728112274759477,0.6033368781433067,0.3558895920285119,0.625491423790209,0.6524430436550572,0.8078469003083016,1.2777734245952177,0.15645560130135022,0.0145398666145235,1.099075877455537,0,-0.008396459699526515,-0.03565248622075401,0.019089390774735593,0.023037213003388457,-0.010323332889909609,-0.020373658017481144,0.008214749824567047,0.014003322008882546,0.005194364336360557,0.01806196318851294,-0.026083662774056604,-0.060585135611851304,0.029785305894771907,0.07155656391429588,0.0,0.0030646053646500304,8.881654666947902e-06,0.0034306952297419313,0.0019076157952999662,-0.022123866945230164,5.551115123125783e-17,-0.005535163004978028,5.0306980803327406e-17,-0.0014192961756265485,5.194821586225709,14.547133737288412,True,True,True,True
uplift_pred_ge_8_prob_ge_0.50_signal_ge_50_x105,pred_ge_8_prob_ge_0.50_signal_ge_50,1.05,855,0.021079881656804734,0.6507347213664717,1.0387432252357198,0.3365085637068767,0.6714936469203922,0.6033368781433067,0.3558895920285119,0.625491423790209,0.6524430436550572,0.8078375426437019,1.2777734245952177,0.15645560130135022,0.0145398666145235,1.0986338123081298,0,-0.008317446320319388,-0.03557347284154688,0.01889398998648728,0.022841812215140145,-0.010059098406154765,-0.0201094235337263,0.006897169269011516,0.012685741453327015,0.005194364336360557,0.01806196318851294,-0.026083662774056604,-0.060585135611851304,0.029785305894771907,0.07155656391429588,0.0,0.0030646053646500304,-4.7600993280383364e-07,0.0034213375651421796,0.0019076157952999662,-0.022123866945230164,5.551115123125783e-17,-0.005535163004978028,5.0306980803327406e-17,-0.0014192961756265485,5.183308773195944,14.547133737288412,True,True,True,True
uplift_pred_ge_8_prob_ge_0.50_signal_ge_80_x105,pred_ge_8_prob_ge_0.50_signal_ge_80,1.05,791,0.01950197238658777,0.6512676834541229,1.0379599475059647,0.33768557022750795,0.6703150706188724,0.6011814166670649,0.35607970166808517,0.625491423790209,0.6524430436550572,0.8078242352543334,1.2773781082654823,0.15645560130135022,0.0145398666145235,1.0974158366212914,0,-0.0077844842326681984,-0.03504051075389569,0.01811071225673211,0.022058534485384973,-0.008882091885523524,-0.01893241701309506,0.005718592967491776,0.011507165151807275,0.003038902860118764,0.01590650171227115,-0.025893553134483327,-0.06039502597227803,0.029785305894771907,0.07155656391429588,0.0,0.0030646053646500304,-1.3783399301248167e-05,0.0034080301757737352,0.001512299465564526,-0.022519183274965604,5.551115123125783e-17,-0.005535163004978028,5.0306980803327406e-17,-0.0014192961756265485,5.105652394888205,14.501486396175931,True,True,True,True
uplift_pred_ge_8_prob_ge_0.70_signal_ge_20_x105,pred_ge_8_prob_ge_0.70_signal_ge_20,1.05,852,0.021005917159763313,0.6506417350348436,1.03865674579879,0.33638106073846397,0.6728112274759477,0.6033368781433067,0.3560837408583313,0.6225373190738427,0.6524430436550572,0.8078394602466294,1.2777108022635968,0.15645560130135022,0.0145398666145235,1.0985429418088293,0,-0.00841043265194752,-0.035666459173175014,0.018807510549557538,0.022755332778210402,-0.010186601374567505,-0.02023692650213904,0.008214749824567047,0.014003322008882546,0.005194364336360557,0.01806196318851294,-0.02588951394423722,-0.06039098678203192,0.02683120117840565,0.06860245919792962,0.0,0.0030646053646500304,1.4415929947553252e-06,0.0034232551680697387,0.0018449934636790566,-0.022186489276851074,5.551115123125783e-17,-0.005535163004978028,5.0306980803327406e-17,-0.0014192961756265485,5.19685754507611,14.500516543750791,True,True,True,True
uplift_pred_ge_8_prob_ge_0.70_signal_ge_50_x105,pred_ge_8_prob_ge_0.70_signal_ge_50,1.05,834,0.020562130177514792,0.6507207484140509,1.0384613450105418,0.33664529522221887,0.6714936469203922,0.6033368781433067,0.3560837408583313,0.6225373190738427,0.6524430436550572,0.8078302123834276,1.2777108022635968,0.15645560130135022,0.0145398666145235,1.0981008766614222,0,-0.00833141927274017,-0.035587445793967665,0.018612109761309226,0.02255993198996209,-0.009922366890812606,-0.01997269201838414,0.006897169269011516,0.012685741453327015,0.005194364336360557,0.01806196318851294,-0.02588951394423722,-0.06039098678203192,0.02683120117840565,0.06860245919792962,0.0,0.0030646053646500304,-7.806270207133537e-06,0.00341400730486785,0.0018449934636790566,-0.022186489276851074,5.551115123125783e-17,-0.005535163004978028,5.0306980803327406e-17,-0.0014192961756265485,5.185344732046312,14.500516543750791,True,True,True,True
uplift_pred_ge_10_prob_ge_0.50_signal_ge_20_x105,pred_ge_10_prob_ge_0.50_signal_ge_20,1.05,616,0.015187376725838263,0.651535325357627,1.036233542283636,0.339589909107052,0.6700155177443147,0.6007184861736206,0.3562131419506413,0.625491423790209,0.6524430436550572,0.8078366865518095,1.2765320513090934,0.15645560130135022,0.0145398666145235,1.0941740049603543,0,-0.007516842329164053,-0.03477286885039155,0.01638430703440341,0.020332129263056276,-0.00697775300597947,-0.017028078133551006,0.0054190400929340354,0.011207612277249535,0.002575972366674395,0.01544357121882678,-0.025760112851927197,-0.0602615856897219,0.029785305894771907,0.07155656391429588,0.0,0.0030646053646500304,-1.3321018251799543e-06,0.0034204814732498035,0.0006662425091756852,-0.023365240231354445,5.551115123125783e-17,-0.005535163004978028,5.0306980803327406e-17,-0.0014192961756265485,5.066655060197629,14.469445968822232,True,True,True,True
uplift_pred_ge_10_prob_ge_0.50_signal_ge_50_x105,pred_ge_10_prob_ge_0.50_signal_ge_50,1.05,612,0.015088757396449704,0.6515882839740558,1.0361805836672073,0.3396962161189351,0.6698066449652778,0.6007184861736206,0.3562131419506413,0.625491423790209,0.6524430436550572,0.8078340228728973,1.2765320513090934,0.15645560130135022,0.0145398666145235,1.0941273125163211,0,-0.00746388371273532,-0.034719910233962814,0.01633134841797479,0.020279170646627653,-0.006871445994096392,-0.016921771121667928,0.005210167313897118,0.010998739498212617,0.002575972366674395,0.01544357121882678,-0.025760112851927197,-0.0602615856897219,0.029785305894771907,0.07155656391429588,0.0,0.0030646053646500304,-3.995780737398036e-06,0.0034178177943375854,0.0006662425091756852,-0.023365240231354445,5.551115123125783e-17,-0.005535163004978028,5.0306980803327406e-17,-0.0014192961756265485,5.0589386119786415,14.469445968822232,True,True,True,True
uplift_pred_ge_8_prob_ge_0.70_signal_ge_80_x105,pred_ge_8_prob_ge_0.70_signal_ge_80,1.05,771,0.019008875739644972,0.6512359229126595,1.037695854869829,0.3378223017428501,0.6703150706188724,0.6011814166670649,0.35621417034463726,0.6225373190738427,0.6524430436550572,0.8078172079060296,1.2773154859338613,0.15645560130135022,0.0145398666145235,1.0968829009745837,0,-0.007816244774131564,-0.03507227129535906,0.017846619620596416,0.02179444184924928,-0.008745360370181365,-0.0187956854977529,0.005718592967491776,0.011507165151807275,0.003038902860118764,0.01590650171227115,-0.025759084457931236,-0.060260557295725936,0.02683120117840565,0.06860245919792962,0.0,0.0030646053646500304,-2.0810747605071178e-05,0.0034010028274699122,0.0014496771339436165,-0.022581805606586514,5.551115123125783e-17,-0.005535163004978028,5.0306980803327406e-17,-0.0014192961756265485,5.110280132358252,14.469199040514772,True,True,True,True
uplift_pred_ge_10_prob_ge_0.50_signal_ge_80_x105,pred_ge_10_prob_ge_0.50_signal_ge_80,1.05,585,0.014423076923076924,0.6518687931944214,1.035785105183379,0.34029688672916864,0.6685987072950473,0.600217480974619,0.35630862088616155,0.625491423790209,0.6524430436550572,0.807830812121201,1.27637513117501,0.15645560130135022,0.0145398666145235,1.0936588932243017,0,-0.007183374492369721,-0.034439401013597215,0.01593586993414653,0.019883692162799393,-0.006270775383862837,-0.016321100511434372,0.004002229643666699,0.009790801827982198,0.0020749671676728587,0.014942566019825243,-0.025664633916406943,-0.06016610675420164,0.029785305894771907,0.07155656391429588,0.0,0.0030646053646500304,-7.2065324336900716e-06,0.0034146070426412933,0.0005093223750922693,-0.02352216036543786,5.551115123125783e-17,-0.005535163004978028,5.0306980803327406e-17,-0.0014192961756265485,5.018066417426265,14.446520463579402,True,True,True,True
uplift_pred_ge_10_prob_ge_0.70_signal_ge_20_x105,pred_ge_10_prob_ge_0.70_signal_ge_20,1.05,608,0.014990138067061143,0.6515266537187168,1.0360821490066097,0.3396403523203667,0.6700155177443147,0.6007184861736206,0.3563594334866469,0.6225373190738427,0.6524430436550572,0.807835865143178,1.2765320513090934,0.15645560130135022,0.0145398666145235,1.0939057373812429,0,-0.007525513968074327,-0.03478154048930182,0.01623291375737712,0.020180735986029985,-0.00692730979266476,-0.016977634920236295,0.0054190400929340354,0.011207612277249535,0.002575972366674395,0.01544357121882678,-0.025613821315921603,-0.0601152941537163,0.02683120117840565,0.06860245919792962,0.0,0.0030646053646500304,-2.1535104567371732e-06,0.0034196600646182462,0.0006662425091756852,-0.023365240231354445,5.551115123125783e-17,-0.005535163004978028,5.0306980803327406e-17,-0.0014192961756265485,5.067918579850091,14.434319819191387,True,True,True,True
uplift_pred_ge_10_prob_ge_0.70_signal_ge_50_x105,pred_ge_10_prob_ge_0.70_signal_ge_50,1.05,604,0.014891518737672584,0.6515796123351454,1.0360291903901808,0.3397466593322499,0.6698066449652778,0.6007184861736206,0.3563594334866469,0.6225373190738427,0.6524430436550572,0.8078332014642657,1.2765320513090934,0.15645560130135022,0.0145398666145235,1.0938590449372096,0,-0.007472555351645704,-0.0347285818728732,0.016179955140948277,0.02012777736960114,-0.006821002780781571,-0.016871327908353106,0.005210167313897118,0.010998739498212617,0.002575972366674395,0.01544357121882678,-0.025613821315921603,-0.0601152941537163,0.02683120117840565,0.06860245919792962,0.0,0.0030646053646500304,-4.817189368955255e-06,0.003416996385706028,0.0006662425091756852,-0.023365240231354445,5.551115123125783e-17,-0.005535163004978028,5.0306980803327406e-17,-0.0014192961756265485,5.06020213163112,14.434319819191387,True,True,True,True
uplift_pred_ge_10_prob_ge_0.70_signal_ge_80_x105,pred_ge_10_prob_ge_0.70_signal_ge_80,1.05,578,0.014250493096646943,0.6518423339664685,1.0356514994953951,0.3403473299424834,0.6685987072950473,0.600217480974619,0.3563952322688999,0.6225373190738427,0.6524430436550572,0.8078303446731969,1.27637513117501,0.15645560130135022,0.0145398666145235,1.0933906256451904,0,-0.007209833720322578,-0.03446586024155007,0.0158022642461626,0.019750086474815465,-0.006220332170548071,-0.016270657298119606,0.004002229643666699,0.009790801827982198,0.0020749671676728587,0.014942566019825243,-0.025578022533668587,-0.06007949537146329,0.02683120117840565,0.06860245919792962,0.0,0.0030646053646500304,-7.673980437772343e-06,0.003414139594637211,0.0005093223750922693,-0.02352216036543786,5.551115123125783e-17,-0.005535163004978028,5.0306980803327406e-17,-0.0014192961756265485,5.021921715698405,14.425724151825007,True,True,True,True
uplift_pred_ge_12_prob_ge_0.50_signal_ge_20_x105,pred_ge_12_prob_ge_0.50_signal_ge_20,1.05,461,0.011365877712031559,0.6522368013964228,1.0342479015566097,0.3418385839795513,0.667424392593692,0.6005756528402202,0.35695161936506203,0.625491423790209,0.6524430436550572,0.8078380256528561,1.276091364803566,0.15645560130135022,0.0145398666145235,1.0908689135560792,0,-0.006815366290368274,-0.03407139281159577,0.014398666307377184,0.018346488536030048,-0.004729078133480169,-0.014779403261051705,0.0028279149423113825,0.008616487126626882,0.0024331390332740233,0.015300737885426408,-0.025021635437506462,-0.05952310827530116,0.029785305894771907,0.07155656391429588,0.0,0.0030646053646500304,6.999221424663915e-09,0.003421820574296408,0.00022555600364837503,-0.023805926736881755,5.551115123125783e-17,-0.005535163004978028,5.0306980803327406e-17,-0.0014192961756265485,4.964444997034204,14.292129707976164,True,True,True,True
uplift_pred_ge_12_prob_ge_0.50_signal_ge_50_x105,pred_ge_12_prob_ge_0.50_signal_ge_50,1.05,460,0.011341222879684419,0.6522523245795789,1.0342323783734535,0.341876472952937,0.667424392593692,0.6005756528402202,0.35695161936506203,0.625491423790209,0.6524430436550572,0.8078378843901526,1.276091364803566,0.15645560130135022,0.0145398666145235,1.0908689135560792,0,-0.006799843107212156,-0.03405586962843965,0.014383143124220954,0.018330965352873818,-0.004691189160094478,-0.014741514287666013,0.0028279149423113825,0.008616487126626882,0.0024331390332740233,0.015300737885426408,-0.025021635437506462,-0.05952310827530116,0.029785305894771907,0.07155656391429588,0.0,0.0030646053646500304,-1.342634821099864e-07,0.0034216793115928734,0.00022555600364837503,-0.023805926736881755,5.551115123125783e-17,-0.005535163004978028,5.0306980803327406e-17,-0.0014192961756265485,4.962183158506393,14.292129707976164,True,True,True,True
uplift_pred_ge_12_prob_ge_0.50_signal_ge_80_x105,pred_ge_12_prob_ge_0.50_signal_ge_80,1.05,448,0.011045364891518738,0.6524051565266071,1.0340348166463327,0.34217659929367084,0.6671721183573958,0.6000746476412187,0.35701129951832933,0.625491423790209,0.6524430436550572,0.8078399264188729,1.2760079857241242,0.15645560130135022,0.0145398666145235,1.0906837874347652,0,-0.006647011160183958,-0.03390303768141145,0.014185581397100133,0.018133403625752997,-0.004391062819360636,-0.014441387946932172,0.0025756407060151254,0.008364212890330625,0.001932133834272487,0.014799732686424871,-0.024961955284239168,-0.05946342812203387,0.029785305894771907,0.07155656391429588,0.0,0.0030646053646500304,1.907765238229331e-06,0.0034237213403132127,0.00014217692420648298,-0.023889305816323647,5.551115123125783e-17,-0.005535163004978028,5.0306980803327406e-17,-0.0014192961756265485,4.939914453525454,14.277799870099702,True,True,True,True
uplift_pred_ge_12_prob_ge_0.70_signal_ge_20_x105,pred_ge_12_prob_ge_0.70_signal_ge_20,1.05,455,0.011217948717948718,0.6522536874209599,1.0341220659430308,0.34188902719286607,0.667424392593692,0.6005756528402202,0.3570979109010677,0.6225373190738427,0.6524430436550572,0.8078372004946417,1.276091364803566,0.15645560130135022,0.0145398666145235,1.0906510143779957,0,-0.006798480265831186,-0.03405450678705868,0.014272830693798255,0.01822065292245112,-0.004678634920165403,-0.014728960047736939,0.0028279149423113825,0.008616487126626882,0.0024331390332740233,0.015300737885426408,-0.024875343901500813,-0.05937681673929551,0.02683120117840565,0.06860245919792962,0.0,0.0030646053646500304,-8.181589929989741e-07,0.0034209954160819844,0.00022555600364837503,-0.023805926736881755,5.551115123125783e-17,-0.005535163004978028,5.0306980803327406e-17,-0.0014192961756265485,4.961984582794713,14.257003558345307,True,True,True,True
uplift_pred_ge_12_prob_ge_0.70_signal_ge_50_x105,pred_ge_12_prob_ge_0.70_signal_ge_50,1.05,454,0.011193293885601578,0.6522692106041161,1.0341065427598746,0.34192691616625176,0.667424392593692,0.6005756528402202,0.3570979109010677,0.6225373190738427,0.6524430436550572,0.8078370592319382,1.276091364803566,0.15645560130135022,0.0145398666145235,1.0906510143779957,0,-0.006782957082674956,-0.03403898360390245,0.014257307510642026,0.01820512973929489,-0.004640745946779712,-0.014691071074351247,0.0028279149423113825,0.008616487126626882,0.0024331390332740233,0.015300737885426408,-0.024875343901500813,-0.05937681673929551,0.02683120117840565,0.06860245919792962,0.0,0.0030646053646500304,-9.594216965336244e-07,0.0034208541533784498,0.00022555600364837503,-0.023805926736881755,5.551115123125783e-17,-0.005535163004978028,5.0306980803327406e-17,-0.0014192961756265485,4.959722744266886,14.257003558345307,True,True,True,True
uplift_pred_ge_12_prob_ge_0.70_signal_ge_80_x105,pred_ge_12_prob_ge_0.70_signal_ge_80,1.05,443,0.010922090729783037,0.6524042549621019,1.0339267686217963,0.34222704250698555,0.6671721183573958,0.6000746476412187,0.3570979109010677,0.6225373190738427,0.6524430436550572,0.807839455221286,1.2760079857241242,0.15645560130135022,0.0145398666145235,1.0904658882566818,0,-0.006647912724689231,-0.033903939245916725,0.014077533372563789,0.018025355601216653,-0.004340619606045926,-0.014390944733617461,0.0025756407060151254,0.008364212890330625,0.001932133834272487,0.014799732686424871,-0.024875343901500813,-0.05937681673929551,0.02683120117840565,0.06860245919792962,0.0,0.0030646053646500304,1.4365676512806402e-06,0.003423250142726264,0.00014217692420648298,-0.023889305816323647,5.551115123125783e-17,-0.005535163004978028,5.0306980803327406e-17,-0.0014192961756265485,4.9400458179056095,14.257003558345307,True,True,True,True
uplift_pred_ge_8_prob_ge_0.85_signal_ge_20_x105,pred_ge_8_prob_ge_0.85_signal_ge_20,1.05,791,0.01950197238658777,0.6513411736118462,1.037695232480574,0.3371213809334424,0.6724652777537254,0.6023293635978522,0.35745552695236665,0.6225373190738427,0.6524430436550572,0.807814865801523,1.2776560461511437,0.15645560130135022,0.0145398666145235,1.0977436538056322,0,-0.00771099407494491,-0.034967020596172405,0.017845997231341393,0.021793819459994257,-0.009446281179589067,-0.019496606307160602,0.007868800102344808,0.013657372286660308,0.004186849790906,0.017054448643058384,-0.024517727850201843,-0.05901920068799654,0.02683120117840565,0.06860245919792962,0.0,0.0030646053646500304,-2.3152852111740785e-05,0.0033986607229632426,0.001790237351225965,-0.022241245389304165,5.551115123125783e-17,-0.005535163004978028,5.0306980803327406e-17,-0.0014192961756265485,5.094944354631146,14.171136150897773,True,True,True,True
uplift_pred_ge_8_prob_ge_0.85_signal_ge_50_x105,pred_ge_8_prob_ge_0.85_signal_ge_50,1.05,776,0.01913214990138067,0.6513841543199866,1.037535864363392,0.3373201370062411,0.6711476971981699,0.6023293635978522,0.35745552695236665,0.6225373190738427,0.6524430436550572,0.8078081510674844,1.2776560461511437,0.15645560130135022,0.0145398666145235,1.0973015886582251,0,-0.007668013366804449,-0.034924039888031944,0.017686629114159524,0.02163445134281239,-0.009247525106790389,-0.019297850234361924,0.0065512195467892775,0.012339791731104777,0.004186849790906,0.017054448643058384,-0.024517727850201843,-0.05901920068799654,0.02683120117840565,0.06860245919792962,0.0,0.0030646053646500304,-2.986758615031171e-05,0.0033919459889246717,0.001790237351225965,-0.022241245389304165,5.551115123125783e-17,-0.005535163004978028,5.0306980803327406e-17,-0.0014192961756265485,5.088681758831884,14.171136150897773,True,True,True,True
uplift_pred_ge_8_prob_ge_0.85_signal_ge_80_x105,pred_ge_8_prob_ge_0.85_signal_ge_80,1.05,718,0.01770216962524655,0.6518616311235088,1.0368264164831698,0.3384119716099345,0.6698598630494963,0.6009077997109654,0.3575859564386727,0.6225373190738427,0.6524430436550572,0.807797829137558,1.2772607298214083,0.15645560130135022,0.0145398666145235,1.0961203021021935,0,-0.007190536563282279,-0.034446563084509774,0.01697718123393721,0.020925003462590075,-0.008155690503096946,-0.01820601563066848,0.005263385398115661,0.01105195758243116,0.0027652859040192546,0.01563288475617164,-0.024387298363895804,-0.058888771201690504,0.02683120117840565,0.06860245919792962,0.0,0.0030646053646500304,-4.018951607664967e-05,0.0033816240589983337,0.001394921021490525,-0.022636561719039605,5.551115123125783e-17,-0.005535163004978028,5.0306980803327406e-17,-0.0014192961756265485,5.019109982252243,14.139818647661736,True,True,True,True
uplift_pred_ge_10_prob_ge_0.85_signal_ge_20_x105,pred_ge_10_prob_ge_0.85_signal_ge_20,1.05,568,0.014003944773175542,0.6521174438006676,1.0353421055379302,0.3401062273110291,0.6698470114943147,0.6005756528402202,0.3576543503543242,0.6225373190738427,0.6524430436550572,0.8078244539994024,1.2765320513090934,0.15645560130135022,0.0145398666145235,1.0933746615668563,0,-0.006934723886123484,-0.03419075040735098,0.015492870288697613,0.019440692517350477,-0.006461434802002397,-0.016511759929573933,0.0052505338429340576,0.011039106027249557,0.0024331390332740233,0.015300737885426408,-0.024318904448244305,-0.058820377286039005,0.02683120117840565,0.06860245919792962,0.0,0.0030646053646500304,-1.356465423230091e-05,0.0034082489208426825,0.0006662425091756852,-0.023365240231354445,5.551115123125783e-17,-0.005535163004978028,5.0306980803327406e-17,-0.0014192961756265485,4.981836250229563,14.123396543002709,True,True,True,True
uplift_pred_ge_10_prob_ge_0.85_signal_ge_50_x105,pred_ge_10_prob_ge_0.85_signal_ge_50,1.05,566,0.013954635108481262,0.6521446400948321,1.035314909243766,0.340165719144507,0.6696381387152777,0.6005756528402202,0.3576543503543242,0.6225373190738427,0.6524430436550572,0.8078226500281191,1.2765320513090934,0.15645560130135022,0.0145398666145235,1.093327969122823,0,-0.006907527591959006,-0.0341635541131865,0.015465673994533358,0.019413496223186222,-0.006401942968524477,-0.016452268096096012,0.005041661063897029,0.010830233248212529,0.0024331390332740233,0.015300737885426408,-0.024318904448244305,-0.058820377286039005,0.02683120117840565,0.06860245919792962,0.0,0.0030646053646500304,-1.5368625515543854e-05,0.0034064449495594396,0.0006662425091756852,-0.023365240231354445,5.551115123125783e-17,-0.005535163004978028,5.0306980803327406e-17,-0.0014192961756265485,4.977873556152179,14.123396543002709,True,True,True,True
uplift_pred_ge_10_prob_ge_0.85_signal_ge_80_x105,pred_ge_10_prob_ge_0.85_signal_ge_80,1.05,542,0.013362919132149901,0.6523793750181506,1.0349652050569846,0.3407155324323774,0.6683464330587511,0.6000746476412187,0.3576901491365772,0.6225373190738427,0.6524430436550572,0.8078201994037503,1.27637513117501,0.15645560130135022,0.0145398666145235,1.0928595498308034,0,-0.006672792668640515,-0.03392881918986801,0.015115969807752094,0.01906379203640496,-0.005852129680654072,-0.015902454808225608,0.003749955407370442,0.009538527591685941,0.001932133834272487,0.014799732686424871,-0.02428310566599129,-0.05878457850378599,0.02683120117840565,0.06860245919792962,0.0,0.0030646053646500304,-1.7819249884420962e-05,0.0034039943251905624,0.0005093223750922693,-0.02352216036543786,5.551115123125783e-17,-0.005535163004978028,5.0306980803327406e-17,-0.0014192961756265485,4.943671003232151,14.114800875636327,True,True,True,True
uplift_pred_ge_8_prob_ge_0.50_signal_ge_120_x105,pred_ge_8_prob_ge_0.50_signal_ge_120,1.05,660,0.016272189349112426,0.6523349668460011,1.0361528363262666,0.33945522867348865,0.6689333172917284,0.5998999982219934,0.357735206963235,0.625491423790209,0.652443043655057,0.8078109826687218,1.2768495873679784,0.15645560130135022,0.0145398666145235,1.094540321539048,0,-0.006717200840789972,-0.033973227362017466,0.016303601077034102,0.020251423305686966,-0.00711243343954282,-0.017162758567114356,0.0043368396403478116,0.01012541182466331,0.0017574844150471947,0.014625083267199579,-0.024238047839333476,-0.058739520677128176,0.029785305894771907,0.07155656391429588,-2.220446049250313e-16,0.0030646053646498084,-2.7035984912937572e-05,0.003394777590162046,0.0009837785680606448,-0.023047704172469485,5.551115123125783e-17,-0.005535163004978028,5.0306980803327406e-17,-0.0014192961756265485,4.950141590721013,14.103982013489972,True,True,True,True
uplift_pred_ge_8_prob_ge_0.70_signal_ge_120_x105,pred_ge_8_prob_ge_0.70_signal_ge_120,1.05,647,0.015951676528599606,0.6523276596986325,1.0359714730968992,0.33956677899364496,0.6689333172917284,0.5998999982219934,0.35782181834597343,0.6225373190738427,0.6524430436550572,0.8078030259345956,1.2768495873679784,0.15645560130135022,0.0145398666145235,1.0941255378221664,0,-0.006724507988158601,-0.033980534509386096,0.016122237847666643,0.020070060076319507,-0.007000883119386514,-0.01705120824695805,0.0043368396403478116,0.01012541182466331,0.0017574844150471947,0.014625083267199579,-0.024151436456595066,-0.058652909294389766,0.02683120117840565,0.06860245919792962,0.0,0.0030646053646500304,-3.499271903906198e-05,0.0033868208560359214,0.0009837785680606448,-0.023047704172469485,5.551115123125783e-17,-0.005535163004978028,5.0306980803327406e-17,-0.0014192961756265485,4.9512062942216115,14.083185701735564,True,True,True,True
uplift_pred_ge_10_prob_ge_0.50_signal_ge_120_x105,pred_ge_10_prob_ge_0.50_signal_ge_120,1.05,508,0.01252465483234714,0.6526935009541117,1.0345529944478145,0.3413125986731165,0.6672831450963976,0.5997015819340475,0.3578818428598136,0.625491423790209,0.6524430436550572,0.8078398022679859,1.2761486549001844,0.15645560130135022,0.0145398666145235,1.09185055902799,0,-0.0063586667326793744,-0.03361469325390687,0.014703759198581912,0.018651581427234776,-0.005255063439914998,-0.015305388567486533,0.002686667445016999,0.008475239629332498,0.0015590681271013818,0.014426666979253766,-0.02409141194275488,-0.05859288478054958,0.029785305894771907,0.07155656391429588,0.0,0.0030646053646500304,1.7836143512139913e-06,0.0034235971894261974,0.0002828461002666316,-0.0237486366402635,5.551115123125783e-17,-0.005535163004978028,5.0306980803327406e-17,-0.0014192961756265485,4.897900613396774,14.068773179232636,True,True,True,True
uplift_pred_ge_10_prob_ge_0.70_signal_ge_120_x105,pred_ge_10_prob_ge_0.70_signal_ge_120,1.05,503,0.01240138067061144,0.6526661501155122,1.0344462114968584,0.3413378606912454,0.6672831450963976,0.5997015819340475,0.35796845424255197,0.6225373190738427,0.6524430436550572,0.8078396685328618,1.2761486549001844,0.15645560130135022,0.0145398666145235,1.0915822914488786,0,-0.006386017571278879,-0.033642044092506374,0.014596976247625904,0.018544798476278768,-0.005229801421786084,-0.01528012654935762,0.002686667445016999,0.008475239629332498,0.0015590681271013818,0.014426666979253766,-0.024004800560016526,-0.058506273397811226,0.02683120117840565,0.06860245919792962,0.0,0.0030646053646500304,1.6498792271280038e-06,0.0034234634543021114,0.0002828461002666316,-0.0237486366402635,5.551115123125783e-17,-0.005535163004978028,5.0306980803327406e-17,-0.0014192961756265485,4.901885825700857,14.04797686747824,True,True,True,True
uplift_pred_ge_12_prob_ge_0.85_signal_ge_20_x105,pred_ge_12_prob_ge_0.85_signal_ge_20,1.05,427,0.010527613412228796,0.6527402453857112,1.0335358550471367,0.3421656182574281,0.6671721183573958,0.600142988487463,0.3582985969362363,0.6225373190738427,0.6524430436550572,0.8078309292485725,1.276091364803566,0.15645560130135022,0.0145398666145235,1.0901709950839609,0,-0.006311922301079909,-0.0335679488223074,0.013686619797904198,0.017634442026557062,-0.004402043855603388,-0.014452368983174924,0.0025756407060151254,0.008364212890330625,0.002000474680516784,0.014868073532669168,-0.023674657866332216,-0.058176130704126916,0.02683120117840565,0.06860245919792962,0.0,0.0030646053646500304,-7.089405062221665e-06,0.0034147241700127617,0.00022555600364837503,-0.023805926736881755,5.551115123125783e-17,-0.005535163004978028,5.0306980803327406e-17,-0.0014192961756265485,4.891089616239235,13.968706104626719,True,True,True,True
uplift_pred_ge_12_prob_ge_0.85_signal_ge_50_x105,pred_ge_12_prob_ge_0.85_signal_ge_50,1.05,426,0.010502958579881656,0.6527557685688674,1.0335203318639807,0.3422035072308138,0.6671721183573958,0.600142988487463,0.3582985969362363,0.6225373190738427,0.6524430436550572,0.8078308357838095,1.276091364803566,0.15645560130135022,0.0145398666145235,1.0901709950839609,0,-0.006296399117923679,-0.03355242563915117,0.01367109661474819,0.017618918843401055,-0.004364154882217697,-0.014414480009789232,0.0025756407060151254,0.008364212890330625,0.002000474680516784,0.014868073532669168,-0.023674657866332216,-0.058176130704126916,0.02683120117840565,0.06860245919792962,0.0,0.0030646053646500304,-7.182869825150817e-06,0.0034146307052498326,0.00022555600364837503,-0.023805926736881755,5.551115123125783e-17,-0.005535163004978028,5.0306980803327406e-17,-0.0014192961756265485,4.888827777711409,13.968706104626719,True,True,True,True
uplift_pred_ge_12_prob_ge_0.85_signal_ge_80_x105,pred_ge_12_prob_ge_0.85_signal_ge_80,1.05,417,0.010281065088757396,0.6528628262188484,1.0333685444339071,0.3424527762491844,0.6669584446767718,0.5996419832884614,0.3582985969362363,0.6225373190738427,0.6524430436550572,0.8078332320331192,1.2760079857241242,0.15645560130135022,0.0145398666145235,1.0899858689626472,0,-0.0061893414679426995,-0.033445367989170194,0.013519309184674588,0.017467131413327452,-0.004114885863847062,-0.014165210991418598,0.002361967025391154,0.008150539209706653,0.0014994694815152476,0.014367068333667632,-0.023674657866332216,-0.058176130704126916,0.02683120117840565,0.06860245919792962,0.0,0.0030646053646500304,-4.786620515506712e-06,0.0034170269545594767,0.00014217692420648298,-0.023889305816323647,5.551115123125783e-17,-0.005535163004978028,5.0306980803327406e-17,-0.0014192961756265485,4.873228714362832,13.968706104626719,True,True,True,True
uplift_pred_ge_15_prob_ge_0.50_signal_ge_20_x105,pred_ge_15_prob_ge_0.50_signal_ge_20,1.05,320,0.007889546351084813,0.6534930996330874,1.0319739184741779,0.34450722174576354,0.6650610093074537,0.5982951253163185,0.35836691889905403,0.6245556030341605,0.6524430436550572,0.8078380256528561,1.2760079857241242,0.15645560130135022,0.0145398666145235,1.0880070462734952,0,-0.005559068053703653,-0.03281509457493115,0.01212468322494531,0.016072505453598174,-0.002060440367267935,-0.01211076549483947,0.000464531656073075,0.006253103840388574,0.0001526115093722913,0.013020210361524676,-0.023606335903514464,-0.058107808741309164,0.02884948513872343,0.0706207431582474,0.0,0.0030646053646500304,6.999221424663915e-09,0.003421820574296408,0.00014217692420648298,-0.023889305816323647,5.551115123125783e-17,-0.005535163004978028,5.0306980803327406e-17,-0.0014192961756265485,4.7813933815549,13.952301276606338,True,True,True,True
uplift_pred_ge_15_prob_ge_0.50_signal_ge_80_x105,pred_ge_15_prob_ge_0.50_signal_ge_80,1.05,317,0.007815581854043392,0.6535524014985752,1.03191461660869,0.34458321893692134,0.6650610093074537,0.5982951253163185,0.3584265990523213,0.6245556030341605,0.6524430436550572,0.8078378210359667,1.2760079857241242,0.15645560130135022,0.0145398666145235,1.0879403756594028,0,-0.005499766188215904,-0.0327557927094434,0.012065381359457561,0.016013203588110425,-0.001984443176110129,-0.012034768303681664,0.000464531656073075,0.006253103840388574,0.0001526115093722913,0.013020210361524676,-0.02354665575024717,-0.05804812858804187,0.02884948513872343,0.0706207431582474,0.0,0.0030646053646500304,-1.9761766800741043e-07,0.003421615957406976,0.00014217692420648298,-0.023889305816323647,5.551115123125783e-17,-0.005535163004978028,5.0306980803327406e-17,-0.0014192961756265485,4.772752676695448,13.937971438729877,True,True,True,True
uplift_pred_ge_12_prob_ge_0.50_signal_ge_120_x105,pred_ge_12_prob_ge_0.50_signal_ge_120,1.05,404,0.009960552268244575,0.6530273740123158,1.033225820736405,0.3426456923666764,0.6662891871073958,0.5992689175812903,0.3584278935308797,0.625491423790209,0.6524430436550572,0.8078365419855459,1.2760079857241242,0.15645560130135022,0.0145398666145235,1.0895549378971712,0,-0.006024793674475282,-0.033280820195702776,0.013376585487172354,0.01732440771582522,-0.0039219697463550585,-0.013972294873926594,0.0016927094560151845,0.007481281640330684,0.0011264037743441424,0.013994002626496527,-0.02354536127168877,-0.05804683410948347,0.029785305894771907,0.07155656391429588,0.0,0.0030646053646500304,-1.476668088806754e-06,0.0034203369069861767,0.00014217692420648298,-0.023889305816323647,5.551115123125783e-17,-0.005535163004978028,5.0306980803327406e-17,-0.0014192961756265485,4.84925292697517,13.937660620696397,True,True,True,True
uplift_pred_ge_15_prob_ge_0.70_signal_ge_20_x105,pred_ge_15_prob_ge_0.70_signal_ge_20,1.05,316,0.007790927021696253,0.6534822268332066,1.0318758416850171,0.34450722174576354,0.6650610093074537,0.5982951253163185,0.3585132104350597,0.6216014983177943,0.6524430436550572,0.8078377536831084,1.2760079857241242,0.15645560130135022,0.0145398666145235,1.0877891470954117,0,-0.005569940853584532,-0.032825967374812026,0.01202660643578457,0.015974428664437434,-0.002060440367267935,-0.01211076549483947,0.000464531656073075,0.006253103840388574,0.0001526115093722913,0.013020210361524676,-0.023460044367508814,-0.057961517205303514,0.025895380422357284,0.06766663844188125,0.0,0.0030646053646500304,-2.649705262980362e-07,0.0034215486045486854,0.00014217692420648298,-0.023889305816323647,5.551115123125783e-17,-0.005535163004978028,5.0306980803327406e-17,-0.0014192961756265485,4.782977626063801,13.917175126975485,True,True,True,True
uplift_pred_ge_15_prob_ge_0.70_signal_ge_80_x105,pred_ge_15_prob_ge_0.70_signal_ge_80,1.05,314,0.007741617357001972,0.6535237411096517,1.0318343274085717,0.34458321893692134,0.6650610093074537,0.5982951253163185,0.3585132104350597,0.6216014983177943,0.6524430436550572,0.8078377562931683,1.2760079857241242,0.15645560130135022,0.0145398666145235,1.0877224764813194,0,-0.005528426577139367,-0.03278445309836686,0.011985092159339183,0.015932914387992048,-0.001984443176110129,-0.012034768303681664,0.000464531656073075,0.006253103840388574,0.0001526115093722913,0.013020210361524676,-0.023460044367508814,-0.057961517205303514,0.025895380422357284,0.06766663844188125,0.0,0.0030646053646500304,-2.623604663520851e-07,0.0034215512146086313,0.00014217692420648298,-0.023889305816323647,5.551115123125783e-17,-0.005535163004978028,5.0306980803327406e-17,-0.0014192961756265485,4.776928699824027,13.917175126975485,True,True,True,True
uplift_pred_ge_12_prob_ge_0.70_signal_ge_120_x105,pred_ge_12_prob_ge_0.70_signal_ge_120,1.05,400,0.009861932938856016,0.6530126152739735,1.0331316298857054,0.3426709543848053,0.6662891871073958,0.5992689175812903,0.3585145049136181,0.6225373190738427,0.6524430436550572,0.8078364082504218,1.2760079857241242,0.15645560130135022,0.0145398666145235,1.089337038719088,0,-0.006039552412817617,-0.03329557893404511,0.01328239463647285,0.017230216865125714,-0.0038967077282261453,-0.01394703285579768,0.0016927094560151845,0.007481281640330684,0.0011264037743441424,0.013994002626496527,-0.023458749888950414,-0.057960222726745114,0.02683120117840565,0.06860245919792962,0.0,0.0030646053646500304,-1.6104032128927415e-06,0.0034202031718620907,0.00014217692420648298,-0.023889305816323647,5.551115123125783e-17,-0.005535163004978028,5.0306980803327406e-17,-0.0014192961756265485,4.851403380440084,13.916864308942001,True,True,True,True
uplift_pred_ge_8_prob_ge_0.85_signal_ge_120_x105,pred_ge_8_prob_ge_0.85_signal_ge_120,1.05,603,0.014866863905325444,0.6529167863246991,1.0352313801056328,0.3400804310020181,0.6683943417360559,0.599757164888593,0.3590528601279199,0.6225373190738427,0.6524430436550572,0.8077920967713434,1.2767948312555253,0.15645560130135022,0.0145398666145235,1.0934725309087805,0,-0.006135381362092018,-0.03339140788331951,0.015382144856400215,0.01932996708505308,-0.006487231111013347,-0.016537556238584883,0.0037978640846753065,0.009586436268990806,0.001614651081646823,0.014482249933799207,-0.02292039467464857,-0.05742186751244327,0.02683120117840565,0.06860245919792962,0.0,0.0030646053646500304,-4.592188229124439e-05,0.003375891692783739,0.0009290224556075533,-0.023102460284922577,5.551115123125783e-17,-0.005535163004978028,5.0306980803327406e-17,-0.0014192961756265485,4.865366341990468,13.787599511206968,True,True,True,True
uplift_pred_ge_10_prob_ge_0.85_signal_ge_120_x105,pred_ge_10_prob_ge_0.85_signal_ge_120,1.05,474,0.011686390532544378,0.6531900276545795,1.0338658443816726,0.3416571053406565,0.6670308708601014,0.5992689175812903,0.35915705282582444,0.6225373190738427,0.6524430436550572,0.8078317817453513,1.2761486549001844,0.15645560130135022,0.0145398666145235,1.0911608075934962,0,-0.005862140032211638,-0.03311816655343913,0.014016609132440072,0.017964431361092936,-0.004910556772374952,-0.014960881899946488,0.002434393208720742,0.008222965393036241,0.0011264037743441424,0.013994002626496527,-0.022816201976744055,-0.057317674814538755,0.02683120117840565,0.06860245919792962,0.0,0.0030646053646500304,-6.236908283385745e-06,0.0034155766667915977,0.0002828461002666316,-0.0237486366402635,5.551115123125783e-17,-0.005535163004978028,5.0306980803327406e-17,-0.0014192961756265485,4.825553130930721,13.76258173918156,True,True,True,True
uplift_pred_ge_15_prob_ge_0.85_signal_ge_20_x105,pred_ge_15_prob_ge_0.85_signal_ge_20,1.05,308,0.007593688362919132,0.6537163217818073,1.0316053373963454,0.34450722174576354,0.6650610093074537,0.5982951253163185,0.35928624206999615,0.6216014983177943,0.6524430436550572,0.8078363322922756,1.2760079857241242,0.15645560130135022,0.0145398666145235,1.0877161368263997,0,-0.005335845904983816,-0.03259187242621131,0.011756102147112868,0.015703924375765732,-0.002060440367267935,-0.01211076549483947,0.000464531656073075,0.006253103840388574,0.0001526115093722913,0.013020210361524676,-0.022687012732572343,-0.05718848557036704,0.025895380422357284,0.06766663844188125,0.0,0.0030646053646500304,-1.6863613591100446e-06,0.0034201272137158734,0.00014217692420648298,-0.023889305816323647,5.551115123125783e-17,-0.005535163004978028,5.0306980803327406e-17,-0.0014192961756265485,4.748868322025714,13.731562031238253,True,True,True,True
uplift_pred_ge_15_prob_ge_0.85_signal_ge_80_x105,pred_ge_15_prob_ge_0.85_signal_ge_80,1.05,306,0.007544378698224852,0.6537578360582526,1.0315638231199002,0.34458321893692134,0.6650610093074537,0.5982951253163185,0.35928624206999615,0.6216014983177943,0.6524430436550572,0.8078363349023354,1.2760079857241242,0.15645560130135022,0.0145398666145235,1.0876494662123073,0,-0.00529433162853854,-0.032550358149766034,0.011714587870667703,0.015662410099320567,-0.001984443176110129,-0.012034768303681664,0.000464531656073075,0.006253103840388574,0.0001526115093722913,0.013020210361524676,-0.022687012732572343,-0.05718848557036704,0.025895380422357284,0.06766663844188125,0.0,0.0030646053646500304,-1.6837512992751158e-06,0.0034201298237757083,0.00014217692420648298,-0.023889305816323647,5.551115123125783e-17,-0.005535163004978028,5.0306980803327406e-17,-0.0014192961756265485,4.742819395785924,13.731562031238253,True,True,True,True
uplift_pred_ge_15_prob_ge_0.50_signal_ge_120_x105,pred_ge_15_prob_ge_0.50_signal_ge_120,1.05,297,0.007322485207100592,0.653921997860186,1.0314745120670166,0.3447695260701954,0.6649121346650843,0.5982951253163185,0.3593686877109359,0.6245556030341605,0.6524430436550572,0.8078363116522068,1.2760079857241242,0.15645560130135022,0.0145398666145235,1.0873935357666789,0,-0.00513016982660508,-0.032386196347832574,0.011625276817784025,0.015573099046436889,-0.0017981360428360738,-0.01184846117040761,0.00031565701370361854,0.006104229198019118,0.0001526115093722913,0.013020210361524676,-0.02260456709163261,-0.05710603992942731,0.02884948513872343,0.0706207431582474,0.0,0.0030646053646500304,-1.7070014278752765e-06,0.003420106573647108,0.00014217692420648298,-0.023889305816323647,5.551115123125783e-17,-0.005535163004978028,5.0306980803327406e-17,-0.0014192961756265485,4.7188998501184125,13.711765958279193,True,True,True,True
uplift_pred_ge_15_prob_ge_0.70_signal_ge_120_x105,pred_ge_15_prob_ge_0.70_signal_ge_120,1.05,294,0.007248520710059172,0.6538933374712625,1.0313942228668984,0.3447695260701954,0.6649121346650843,0.5982951253163185,0.35945529909367435,0.6216014983177943,0.6524430436550572,0.8078362469094085,1.2760079857241242,0.15645560130135022,0.0145398666145235,1.0871756365885956,0,-0.005158830215528543,-0.03241485673675604,0.01154498761766587,0.015492809846318734,-0.0017981360428360738,-0.01184846117040761,0.00031565701370361854,0.006104229198019118,0.0001526115093722913,0.013020210361524676,-0.022517955708894144,-0.057019428546688844,0.025895380422357284,0.06766663844188125,0.0,0.0030646053646500304,-1.7717442262199512e-06,0.0034200418308487635,0.00014217692420648298,-0.023889305816323647,5.551115123125783e-17,-0.005535163004978028,5.0306980803327406e-17,-0.0014192961756265485,4.723075873246993,13.690969646524772,True,True,True,True
uplift_pred_ge_12_prob_ge_0.85_signal_ge_120_x105,pred_ge_12_prob_ge_0.85_signal_ge_120,1.05,379,0.009344181459566074,0.6534589394820601,1.0326543443616765,0.342871267624448,0.6660755134267718,0.5987969519562903,0.3596088726643819,0.6225373190738427,0.6524430436550572,0.8078314585169482,1.2760079857241242,0.15645560130135022,0.0145398666145235,1.0889666113840573,0,-0.00559322820473096,-0.032849254725958454,0.012805109112443924,0.01675293134109679,-0.0036963944885834987,-0.013746719616155034,0.0014790357753912131,0.007267607959706712,0.0006544381493441831,0.013522037001496567,-0.02236438213818659,-0.05686585497598129,0.02683120117840565,0.06860245919792962,0.0,0.0030646053646500304,-6.560136686539764e-06,0.0034152534383884436,0.00014217692420648298,-0.023889305816323647,5.551115123125783e-17,-0.005535163004978028,5.0306980803327406e-17,-0.0014192961756265485,4.786370759257162,13.654095003115396,True,True,True,True
uplift_pred_ge_15_prob_ge_0.85_signal_ge_120_x105,pred_ge_15_prob_ge_0.85_signal_ge_120,1.05,287,0.007075936883629191,0.6541456370898988,1.0311419232482621,0.3447695260701954,0.6649121346650843,0.5982951253163185,0.3602283307286108,0.6216014983177943,0.6524430436550572,0.8078347468332754,1.2760079857241242,0.15645560130135022,0.0145398666145235,1.0871026263195835,0,-0.004906530596892278,-0.03216255711811977,0.011292687999029605,0.015240510227682469,-0.0017981360428360738,-0.01184846117040761,0.00031565701370361854,0.006104229198019118,0.0001526115093722913,0.013020210361524676,-0.021744924073957672,-0.05624639691175237,0.025895380422357284,0.06766663844188125,0.0,0.0030646053646500304,-3.271820359307398e-06,0.003418541754715676,0.00014217692420648298,-0.023889305816323647,5.551115123125783e-17,-0.005535163004978028,5.0306980803327406e-17,-0.0014192961756265485,4.686314018913108,13.505356550787544,True,True,True,True
uplift_pred_ge_20_prob_ge_0.50_signal_ge_20_x105,pred_ge_20_prob_ge_0.50_signal_ge_20,1.05,194,0.004783037475345167,0.6546121498145313,1.0293463086898358,0.3462564336031462,0.6645964776513806,0.5981425138069462,0.3615275249026713,0.6162164335512401,0.6524430436550572,0.8078380256528561,1.2758658087999175,0.15645560130135022,0.0145398666145235,1.0843229454675303,0,-0.004440017872259783,-0.03169604439348728,0.009497073440603243,0.013444895669256107,-0.0003112285098852974,-0.010361553637456833,0.0,0.005788572184315499,0.0,0.012867598852152384,-0.02044572989989718,-0.05494720273769188,0.02051031565580308,0.06228157367532705,0.0,0.0030646053646500304,6.999221424663915e-09,0.003421820574296408,-2.220446049250313e-16,-0.024031482740530352,5.551115123125783e-17,-0.005535163004978028,5.0306980803327406e-17,-0.0014192961756265485,4.618339786845132,13.193406247963315,True,True,True,True
uplift_pred_ge_20_prob_ge_0.50_signal_ge_80_x105,pred_ge_20_prob_ge_0.50_signal_ge_80,1.05,193,0.0047583826429980275,0.6546369964374535,1.0293214620669136,0.3463015847767454,0.6645964776513806,0.5981425138069462,0.3615275249026713,0.6162164335512401,0.6524430436550572,0.8078380256528561,1.2758658087999175,0.15645560130135022,0.0145398666145235,1.0843229454675303,0,-0.004415171249337546,-0.03167119777056504,0.009472226817681006,0.01342004904633387,-0.00026607733628608576,-0.010316402463857621,0.0,0.005788572184315499,0.0,0.012867598852152384,-0.02044572989989718,-0.05494720273769188,0.02051031565580308,0.06228157367532705,0.0,0.0030646053646500304,6.999221424663915e-09,0.003421820574296408,-2.220446049250313e-16,-0.024031482740530352,5.551115123125783e-17,-0.005535163004978028,5.0306980803327406e-17,-0.0014192961756265485,4.614719456630233,13.193406247963315,True,True,True,True
uplift_pred_ge_20_prob_ge_0.70_signal_ge_20_x105,pred_ge_20_prob_ge_0.70_signal_ge_20,1.05,191,0.004709072978303748,0.6545834894256078,1.0292660194897176,0.3462564336031462,0.6645964776513806,0.5981425138069462,0.36161413628540967,0.613262328834874,0.6524430436550572,0.8078379509111699,1.2758658087999175,0.15645560130135022,0.0145398666145235,1.0841050462894473,0,-0.004468678261183245,-0.03172470478241074,0.009416784240485088,0.013364606469137952,-0.0003112285098852974,-0.010361553637456833,0.0,0.005788572184315499,0.0,0.012867598852152384,-0.020359118517158825,-0.054860591354953525,0.017556210939436934,0.059327468958960905,0.0,0.0030646053646500304,-6.774246474883228e-08,0.0034217458326102346,-2.220446049250313e-16,-0.024031482740530352,5.551115123125783e-17,-0.005535163004978028,5.0306980803327406e-17,-0.0014192961756265485,4.622515809973711,13.17260993620892,True,True,True,True
uplift_pred_ge_20_prob_ge_0.70_signal_ge_80_x105,pred_ge_20_prob_ge_0.70_signal_ge_80,1.05,190,0.004684418145956607,0.6546083360485301,1.0292411728667954,0.3463015847767454,0.6645964776513806,0.5981425138069462,0.36161413628540967,0.613262328834874,0.6524430436550572,0.8078379609100578,1.2758658087999175,0.15645560130135022,0.0145398666145235,1.0841050462894473,0,-0.004443831638261009,-0.0316998581594885,0.009391937617562851,0.013339759846215715,-0.00026607733628608576,-0.010316402463857621,0.0,0.005788572184315499,0.0,0.012867598852152384,-0.020359118517158825,-0.054860591354953525,0.017556210939436934,0.059327468958960905,0.0,0.0030646053646500304,-5.774357692001075e-08,0.0034217558314980634,-2.220446049250313e-16,-0.024031482740530352,5.551115123125783e-17,-0.005535163004978028,5.0306980803327406e-17,-0.0014192961756265485,4.618895479758812,13.17260993620892,True,True,True,True
uplift_pred_ge_20_prob_ge_0.50_signal_ge_120_x105,pred_ge_20_prob_ge_0.50_signal_ge_120,1.05,186,0.004585798816568047,0.6548190786987055,1.0291393798056614,0.34636575186401514,0.6645964776513806,0.5981425138069462,0.36199813992933905,0.6162164335512401,0.6524430436550572,0.807837844780712,1.2758658087999175,0.15645560130135022,0.0145398666145235,1.0842346962917822,0,-0.004233088988085609,-0.031489115509313104,0.009290144556428848,0.013237966785081712,-0.00020191024901633492,-0.01025223537658787,0.0,0.005788572184315499,0.0,0.012867598852152384,-0.01997511487322945,-0.05447658771102415,0.02051031565580308,0.06228157367532705,0.0,0.0030646053646500304,-1.7387292272630361e-07,0.003421639702152257,-2.220446049250313e-16,-0.024031482740530352,5.551115123125783e-17,-0.005535163004978028,5.0306980803327406e-17,-0.0014192961756265485,4.588188772195953,13.0804065878557,True,True,True,True
uplift_pred_ge_20_prob_ge_0.70_signal_ge_120_x105,pred_ge_20_prob_ge_0.70_signal_ge_120,1.05,183,0.0045118343195266275,0.654790418309782,1.0290590906055432,0.34636575186401514,0.6645964776513806,0.5981425138069462,0.3620847513120774,0.613262328834874,0.6524430436550572,0.8078377800379135,1.2758658087999175,0.15645560130135022,0.0145398666145235,1.084016797113699,0,-0.004261749377009072,-0.031517775898236566,0.009209855356310692,0.013157677584963556,-0.00020191024901633492,-0.01025223537658787,0.0,0.005788572184315499,0.0,0.012867598852152384,-0.019888503490491094,-0.054389976328285794,0.017556210939436934,0.059327468958960905,0.0,0.0030646053646500304,-2.386157211820006e-07,0.0034215749593538014,-2.220446049250313e-16,-0.024031482740530352,5.551115123125783e-17,-0.005535163004978028,5.0306980803327406e-17,-0.0014192961756265485,4.592364795324532,13.059610276101305,True,True,True,True
uplift_pred_ge_20_prob_ge_0.85_signal_ge_20_x105,pred_ge_20_prob_ge_0.85_signal_ge_20,1.05,187,0.004610453648915188,0.6547600121834845,1.029089496731841,0.3462564336031462,0.6645964776513806,0.5981425138069462,0.3621452830352885,0.613262328834874,0.6524430436550572,0.8078378564362139,1.2758658087999175,0.15645560130135022,0.0145398666145235,1.0841050462894473,0,-0.004292155503306638,-0.03154818202453413,0.00924026148260837,0.013188083711261234,-0.0003112285098852974,-0.010361553637456833,0.0,0.005788572184315499,0.0,0.012867598852152384,-0.019827971767280017,-0.05432944460507472,0.017556210939436934,0.059327468958960905,0.0,0.0030646053646500304,-1.6221742082933588e-07,0.003421651357654154,-2.220446049250313e-16,-0.024031482740530352,5.551115123125783e-17,-0.005535163004978028,5.0306980803327406e-17,-0.0014192961756265485,4.596795184842561,13.045075967248032,True,True,True,True
uplift_pred_ge_20_prob_ge_0.85_signal_ge_80_x105,pred_ge_20_prob_ge_0.85_signal_ge_80,1.05,186,0.004585798816568047,0.6547848588064067,1.0290646501089187,0.3463015847767454,0.6645964776513806,0.5981425138069462,0.3621452830352885,0.613262328834874,0.6524430436550572,0.8078378664351017,1.2758658087999175,0.15645560130135022,0.0145398666145235,1.0841050462894473,0,-0.004267308880384402,-0.031523335401611896,0.009215414859686133,0.013163237088338997,-0.00026607733628608576,-0.010316402463857621,0.0,0.005788572184315499,0.0,0.012867598852152384,-0.019827971767280017,-0.05432944460507472,0.017556210939436934,0.059327468958960905,0.0,0.0030646053646500304,-1.5221853300051436e-07,0.003421661356541983,-2.220446049250313e-16,-0.024031482740530352,5.551115123125783e-17,-0.005535163004978028,5.0306980803327406e-17,-0.0014192961756265485,4.593174854627663,13.045075967248032,True,True,True,True
uplift_pred_ge_20_prob_ge_0.85_signal_ge_120_x105,pred_ge_20_prob_ge_0.85_signal_ge_120,1.05,179,0.004413214990138067,0.6549669410676586,1.0288825678476667,0.34636575186401514,0.6645964776513806,0.5981425138069462,0.36261589806195615,0.613262328834874,0.6524430436550572,0.8078376855629574,1.2758658087999175,0.15645560130135022,0.0145398666145235,1.084016797113699,0,-0.004085226619132465,-0.03134125314035996,0.009033332598434196,0.01298115482708706,-0.00020191024901633492,-0.01025223537658787,0.0,0.005788572184315499,0.0,0.012867598852152384,-0.01935735674061234,-0.05385882957840704,0.017556210939436934,0.059327468958960905,0.0,0.0030646053646500304,-3.330906772625042e-07,0.003421480484397721,-2.220446049250313e-16,-0.024031482740530352,5.551115123125783e-17,-0.005535163004978028,5.0306980803327406e-17,-0.0014192961756265485,4.566644170193382,12.93207630714043,True,True,True,True
uplift_top_demand_score_q95_x103,top_demand_score_q95,1.03,2028,0.05,0.653151346315159,1.0361582744426714,0.3347069501255222,0.6751209991251479,0.6040245101066627,0.36599503999398564,0.6135773014323003,0.6524430436550572,0.8078305878116934,1.2807520174154403,0.15645560130135022,0.0145398666145235,1.0946197948825853,0,-0.005900821371632059,-0.03315684789285955,0.016309039193438846,0.02025686142209171,-0.011860711987509265,-0.0219110371150808,0.010524521473767257,0.016313093658082756,0.00588199629971653,0.018749595151868914,-0.015978214808582858,-0.05047968764637756,0.017871183536863233,0.059642441556387205,0.0,0.0030646053646500304,-7.430841941324928e-06,0.0034143827331336585,0.00488620861552258,-0.01914527412500755,5.551115123125783e-17,-0.005535163004978028,5.0306980803327406e-17,-0.0014192961756265485,4.831189278035894,12.12070848389343,True,True,True,True
uplift_top_pred_qty_q95_x103,top_pred_qty_q95,1.03,2028,0.05,0.6531907713432407,1.03616384266003,0.3347416176154679,0.6751209991251479,0.6040245101066627,0.36599503999398564,0.6135773014323003,0.6524430436550572,0.8078380186536347,1.2805653891024438,0.15645560130135022,0.0145398666145235,1.0946230063657694,0,-0.005861396343550429,-0.03311742286477792,0.016314607410797377,0.02026242963945024,-0.011826044497563581,-0.021876369625135117,0.010524521473767257,0.016313093658082756,0.00588199629971653,0.018749595151868914,-0.015978214808582858,-0.05047968764637756,0.017871183536863233,0.059642441556387205,0.0,0.0030646053646500304,0.0,0.0034218135750749834,0.004699580302526041,-0.01933190243800409,5.551115123125783e-17,-0.005535163004978028,5.0306980803327406e-17,-0.0014192961756265485,4.825444770187328,12.12070848389343,True,True,True,True
uplift_top_demand_score_q93_x103,top_demand_score_q93,1.03,2840,0.07001972386587771,0.65348825558325,1.0384044165380732,0.33304295487692104,0.6779677725774241,0.6070745718727675,0.36599503999398564,0.6135773014323003,0.6524430436550572,0.8077986671160887,1.2847091376054973,0.15645560130135022,0.015126924990668414,1.097433043655251,0,-0.005563912103541124,-0.03281993862476862,0.018555181288840705,0.02250300351749357,-0.013524707236110434,-0.02357503236368197,0.013371294926043498,0.019159867110358997,0.008932058065821313,0.021799656917973698,-0.015978214808582858,-0.05047968764637756,0.017871183536863233,0.059642441556387205,0.0,0.0030646053646500304,-3.935153754597298e-05,0.0033824620375290104,0.008843328805579587,-0.015188153934950543,5.551115123125783e-17,-0.005535163004978028,0.0005870583761449638,-0.000832237799481635,4.782099194173538,12.12070848389343,True,True,True,True
uplift_top_pred_qty_q93_x103,top_pred_qty_q93,1.03,2840,0.07001972386587771,0.6535804865202889,1.038413513212402,0.3330744588228933,0.6767041382227996,0.6070745718727675,0.36599503999398564,0.6135773014323003,0.6524430436550572,0.8078380186536347,1.2843815743362845,0.15645560130135022,0.015156662114493798,1.0974381424525825,0,-0.005471681166502207,-0.0327277076877297,0.018564277963169395,0.02251210019182226,-0.013493203290138145,-0.02354352841770968,0.012107660571418988,0.017896232755734487,0.008932058065821313,0.021799656917973698,-0.015978214808582858,-0.05047968764637756,0.017871183536863233,0.059642441556387205,0.0,0.0030646053646500304,0.0,0.0034218135750749834,0.008515765536366793,-0.015515717204163337,5.551115123125783e-17,-0.005535163004978028,0.000616795499970348,-0.0008025006756562508,4.7686604886739845,12.12070848389343,True,True,True,True
uplift_top_demand_score_q97_x103,top_demand_score_q97,1.03,1220,0.03007889546351085,0.653308522822219,1.033136769560132,0.33789247287084145,0.6718601112961764,0.6022712639936154,0.36601288951572275,0.6135773014323003,0.6524430436550572,0.8078371769399622,1.2775746976136764,0.15645560130135022,0.0145398666145235,1.0908266998257827,0,-0.005743644864572128,-0.03299967138579962,0.013287534310899352,0.017235356539552216,-0.008675189242190018,-0.018725514369761553,0.007263633644795764,0.013052205829111263,0.00412875018666925,0.016996349038821634,-0.015960365286845746,-0.050461838124640446,0.017871183536863233,0.059642441556387205,0.0,0.0030646053646500304,-8.417136725391572e-07,0.0034209718614024442,0.0017088888137586355,-0.022322593926771495,5.551115123125783e-17,-0.005535163004978028,5.0306980803327406e-17,-0.0014192961756265485,4.8082875396643585,12.116422624379638,True,True,True,True
uplift_top_pred_qty_q97_x103,top_pred_qty_q97,1.03,1220,0.03007889546351085,0.6533224152227949,1.0331398571918715,0.337899887176194,0.6718601112961764,0.6022712639936154,0.36601288951572275,0.6135773014323003,0.6524430436550572,0.8078380186536347,1.2775125534073475,0.15645560130135022,0.0145398666145235,1.0908304271508136,0,-0.005729752463996207,-0.0329857789852237,0.01329062194263897,0.017238444171291833,-0.008667774936837458,-0.018718100064408993,0.007263633644795764,0.013052205829111263,0.00412875018666925,0.016996349038821634,-0.015960365286845746,-0.050461838124640446,0.017871183536863233,0.059642441556387205,0.0,0.0030646053646500304,0.0,0.0034218135750749834,0.001646744607429751,-0.02238473813310038,5.551115123125783e-17,-0.005535163004978028,5.0306980803327406e-17,-0.0014192961756265485,4.806263317792441,12.116422624379638,True,True,True,True
uplift_pred_ge_8_prob_ge_0.50_signal_ge_20_x103,pred_ge_8_prob_ge_0.50_signal_ge_20,1.03,873,0.021523668639053254,0.6538251687681497,1.0313028697140738,0.3402978488214321,0.6698470114943147,0.6010554077503302,0.36615252986136193,0.6135773014323003,0.6524430436550572,0.8078437868031753,1.2770103782770978,0.15645560130135022,0.0145398666145235,1.0911823482175478,0,-0.005226998918641423,-0.03248302543986892,0.011453634464841267,0.015401456693494131,-0.006269813291599369,-0.016320138419170904,0.0052505338429340576,0.011039106027249557,0.0029128939433840095,0.015780492795536394,-0.015820724941206565,-0.050322197779001265,0.017871183536863233,0.059642441556387205,0.0,0.0030646053646500304,5.768149540563705e-06,0.003427581724615547,0.001144569477180113,-0.022886913263350017,5.551115123125783e-17,-0.005535163004978028,5.0306980803327406e-17,-0.0014192961756265485,4.733008539604203,12.082893496110476,True,True,True,True
uplift_pred_ge_8_prob_ge_0.50_signal_ge_50_x103,pred_ge_8_prob_ge_0.50_signal_ge_50,1.03,855,0.021079881656804734,0.653872576795674,1.0311856292411248,0.34045638951168505,0.6698470114943147,0.6010554077503302,0.36615252986136193,0.6135773014323003,0.6524430436550572,0.8078386707577585,1.2770103782770978,0.15645560130135022,0.0145398666145235,1.0909171091291034,0,-0.005179590891117081,-0.032435617412344575,0.011336393991892235,0.0152842162205451,-0.006111272601346418,-0.016161597728917954,0.0052505338429340576,0.011039106027249557,0.0029128939433840095,0.015780492795536394,-0.015820724941206565,-0.050322197779001265,0.017871183536863233,0.059642441556387205,0.0,0.0030646053646500304,6.521041238105596e-07,0.003422465679198794,0.001144569477180113,-0.022886913263350017,5.551115123125783e-17,-0.005535163004978028,5.0306980803327406e-17,-0.0014192961756265485,4.7261008517863345,12.082893496110476,True,True,True,True
uplift_pred_ge_8_prob_ge_0.50_signal_ge_80_x103,pred_ge_8_prob_ge_0.50_signal_ge_80,1.03,791,0.01950197238658777,0.6542008818829168,1.030715662603272,0.3411713627340995,0.6687714225979863,0.6001363702010274,0.36626659564510594,0.6135773014323003,0.6524430436550572,0.8078305007456098,1.2767731884792566,0.15645560130135022,0.0145398666145235,1.0901863237170004,0,-0.004851285803874283,-0.03210731232510178,0.010866427354039532,0.014814249582692396,-0.00539629937893199,-0.015446624506503526,0.004174944946605641,0.00996351713092114,0.001993856394081228,0.014861455246233612,-0.015706659157462555,-0.050208131995257255,0.017871183536863233,0.059642441556387205,0.0,0.0030646053646500304,-7.517908024889941e-06,0.0034142956670500935,0.0009073796793388489,-0.02312410306119128,5.551115123125783e-17,-0.005535163004978028,5.0306980803327406e-17,-0.0014192961756265485,4.678264458455543,12.055505091442976,True,True,True,True
uplift_pred_ge_8_prob_ge_0.70_signal_ge_20_x103,pred_ge_8_prob_ge_0.70_signal_ge_20,1.03,852,0.021005917159763313,0.6538167849966972,1.0311337415789668,0.34037988773063743,0.6698470114943147,0.6010554077503302,0.3662690191592536,0.6135773014323003,0.6524430436550572,0.8078396530315498,1.2769728048781253,0.15645560130135022,0.0145398666145235,1.0908625868295232,0,-0.005235382690093937,-0.03249140921132143,0.011284506329734212,0.015232328558387076,-0.00618777438239404,-0.016238099509965576,0.0052505338429340576,0.011039106027249557,0.0029128939433840095,0.015780492795536394,-0.015704235643314912,-0.05020570848110961,0.017871183536863233,0.059642441556387205,0.0,0.0030646053646500304,1.6343779151162252e-06,0.0034234479529900996,0.0011069960782075228,-0.022924486662322607,5.551115123125783e-17,-0.005535163004978028,5.0306980803327406e-17,-0.0014192961756265485,4.73423011491443,12.054923179987899,True,True,True,True
uplift_pred_ge_8_prob_ge_0.70_signal_ge_50_x103,pred_ge_8_prob_ge_0.70_signal_ge_50,1.03,834,0.020562130177514792,0.6538641930242214,1.0310165011060182,0.3405384284208903,0.6698470114943147,0.6010554077503302,0.3662690191592536,0.6135773014323003,0.6524430436550572,0.8078344849957482,1.2769728048781253,0.15645560130135022,0.0145398666145235,1.0905973477410789,0,-0.005187974662569705,-0.0324440011837972,0.011167265856785624,0.015115088085438488,-0.006029233692141145,-0.01607955881971268,0.0052505338429340576,0.011039106027249557,0.0029128939433840095,0.015780492795536394,-0.015704235643314912,-0.05020570848110961,0.017871183536863233,0.059642441556387205,0.0,0.0030646053646500304,-3.533657886523045e-06,0.0034182799171884604,0.0011069960782075228,-0.022924486662322607,5.551115123125783e-17,-0.005535163004978028,5.0306980803327406e-17,-0.0014192961756265485,4.727322427096578,12.054923179987899,True,True,True,True
uplift_pred_ge_10_prob_ge_0.50_signal_ge_20_x103,pred_ge_10_prob_ge_0.50_signal_ge_20,1.03,616,0.015187376725838263,0.6543689907722123,1.0296798194698744,0.34232094337662733,0.6676327684216736,0.5996977065393108,0.3663466598146396,0.6135773014323003,0.6524430436550572,0.807837248489303,1.276265554305423,0.15645560130135022,0.0145398666145235,1.088241224720438,0,-0.004683176914578757,-0.03193920343580625,0.00983058422064187,0.013778406449294733,-0.0042467187364041425,-0.014297043863975678,0.003036290770292993,0.008824862954608492,0.0015551927323645964,0.01442279158451698,-0.0156265949879289,-0.0501280678257236,0.017871183536863233,0.059642441556387205,0.0,0.0030646053646500304,-7.701643316426754e-07,0.0034210434107433407,0.0003997455055053667,-0.023631737235024763,5.551115123125783e-17,-0.005535163004978028,5.0306980803327406e-17,-0.0014192961756265485,4.653769794000966,12.036280835030762,True,True,True,True
uplift_pred_ge_10_prob_ge_0.50_signal_ge_50_x103,pred_ge_10_prob_ge_0.50_signal_ge_50,1.03,612,0.015088757396449704,0.6544007659420694,1.0296480443000173,0.3423847275837572,0.6674638544606346,0.5996977065393108,0.3663466598146396,0.6135773014323003,0.6524430436550572,0.807834945305584,1.276265554305423,0.15645560130135022,0.0145398666145235,1.0882132092540182,0,-0.004651401744721673,-0.03190742826594917,0.009798809050784785,0.013746631279437649,-0.004182934529274263,-0.014233259656845798,0.002867376809253974,0.008655948993569473,0.0015551927323645964,0.01442279158451698,-0.0156265949879289,-0.0501280678257236,0.017871183536863233,0.059642441556387205,0.0,0.0030646053646500304,-3.07334805071946e-06,0.003418740227024264,0.0003997455055053667,-0.023631737235024763,5.551115123125783e-17,-0.005535163004978028,5.0306980803327406e-17,-0.0014192961756265485,4.649139925069595,12.036280835030762,True,True,True,True
uplift_pred_ge_8_prob_ge_0.70_signal_ge_80_x103,pred_ge_8_prob_ge_0.70_signal_ge_80,1.03,771,0.019008875739644972,0.6541818255580386,1.0305572070215905,0.3412534016433048,0.6687714225979863,0.6001363702010274,0.3663472768510372,0.6135773014323003,0.6524430436550572,0.807827421111015,1.276735615080284,0.15645560130135022,0.0145398666145235,1.089866562328976,0,-0.004870342128752481,-0.032126368649979975,0.010707971772357938,0.014655794001010802,-0.0053142604697266616,-0.015364585597298197,0.004174944946605641,0.00996351713092114,0.001993856394081228,0.014861455246233612,-0.01562597795153131,-0.05012745078932601,0.017871183536863233,0.059642441556387205,0.0,0.0030646053646500304,-1.0597542619672495e-05,0.003411216032455311,0.0008698062803662587,-0.02316167646016387,5.551115123125783e-17,-0.005535163004978028,5.0306980803327406e-17,-0.0014192961756265485,4.6810411009375965,12.036132678046284,True,True,True,True
uplift_pred_ge_10_prob_ge_0.50_signal_ge_80_x103,pred_ge_10_prob_ge_0.50_signal_ge_80,1.03,585,0.014423076923076924,0.6545775993089409,1.0294107572097204,0.34275389925993305,0.6663857381430882,0.5996977065393108,0.36640394717595176,0.6135773014323003,0.6524430436550572,0.8078337695783073,1.276171402224973,0.15645560130135022,0.0145398666145235,1.0879321576788066,0,-0.004474568377850208,-0.0317305948990777,0.009561521960487873,0.013509344189140737,-0.0038137628530984236,-0.013864087980669959,0.0017892604917075783,0.007577832676023077,0.0015551927323645964,0.01442279158451698,-0.015569307626616735,-0.050070780464411435,0.017871183536863233,0.059642441556387205,0.0,0.0030646053646500304,-4.24907532736718e-06,0.0034175644997476162,0.00030559342505531717,-0.023725889315474813,5.551115123125783e-17,-0.005535163004978028,5.0306980803327406e-17,-0.0014192961756265485,4.623374041992019,12.022525531885062,True,True,True,True
uplift_pred_ge_10_prob_ge_0.70_signal_ge_20_x103,pred_ge_10_prob_ge_0.70_signal_ge_20,1.03,608,0.014990138067061143,0.6543637877888661,1.0295889835036585,0.34235120930461616,0.6676327684216736,0.5996977065393108,0.36643443473624293,0.6135773014323003,0.6524430436550572,0.8078364858241373,1.276265554305423,0.15645560130135022,0.0145398666145235,1.0880802641729712,0,-0.004688379897925032,-0.03194440641915253,0.009739748254425917,0.013687570483078781,-0.004216452808415316,-0.014266777935986852,0.003036290770292993,0.008824862954608492,0.0015551927323645964,0.01442279158451698,-0.015538820066325565,-0.050040292904120265,0.017871183536863233,0.059642441556387205,0.0,0.0030646053646500304,-1.5328294974414902e-06,0.003420280745577542,0.0003997455055053667,-0.023631737235024763,5.551115123125783e-17,-0.005535163004978028,5.0306980803327406e-17,-0.0014192961756265485,4.654527905792459,12.015205145252263,True,True,True,True
uplift_pred_ge_10_prob_ge_0.70_signal_ge_50_x103,pred_ge_10_prob_ge_0.70_signal_ge_50,1.03,604,0.014891518737672584,0.6543955629587233,1.0295572083338014,0.34241499351174604,0.6674638544606346,0.5996977065393108,0.36643443473624293,0.6135773014323003,0.6524430436550572,0.8078341826404182,1.276265554305423,0.15645560130135022,0.0145398666145235,1.0880522487065514,0,-0.004656604728067837,-0.03191263124929533,0.009707973084568833,0.013655795313221697,-0.004152668601285436,-0.014202993728856972,0.002867376809253974,0.008655948993569473,0.0015551927323645964,0.01442279158451698,-0.015538820066325565,-0.050040292904120265,0.017871183536863233,0.059642441556387205,0.0,0.0030646053646500304,-3.836013216518275e-06,0.003417977561858465,0.0003997455055053667,-0.023631737235024763,5.551115123125783e-17,-0.005535163004978028,5.0306980803327406e-17,-0.0014192961756265485,4.649898036861072,12.015205145252263,True,True,True,True
uplift_pred_ge_10_prob_ge_0.70_signal_ge_80_x103,pred_ge_10_prob_ge_0.70_signal_ge_80,1.03,578,0.014250493096646943,0.6545617237721693,1.0293305937969301,0.3427841651879219,0.6663857381430882,0.5996977065393108,0.36645591400559474,0.6135773014323003,0.6524430436550572,0.8078333451255206,1.276171402224973,0.15645560130135022,0.0145398666145235,1.0877711971313397,0,-0.004490443914621833,-0.03174647043584933,0.009481358547697605,0.013429180776350469,-0.0037834969251095973,-0.013833822052681133,0.0017892604917075783,0.007577832676023077,0.0015551927323645964,0.01442279158451698,-0.015517340796973755,-0.050018813634768455,0.017871183536863233,0.059642441556387205,0.0,0.0030646053646500304,-4.673528114063075e-06,0.0034171400469609203,0.00030559342505531717,-0.023725889315474813,5.551115123125783e-17,-0.005535163004978028,5.0306980803327406e-17,-0.0014192961756265485,4.62568722095529,12.010047744832432,True,True,True,True
uplift_pred_ge_12_prob_ge_0.50_signal_ge_20_x103,pred_ge_12_prob_ge_0.50_signal_ge_20,1.03,461,0.011365877712031559,0.6548129967039028,1.0284884350336587,0.34369309416301497,0.6661720644624642,0.5996564969908658,0.366789746263292,0.6135773014323003,0.6524430436550572,0.8078380256528561,1.2760011424021067,0.15645560130135022,0.0145398666145235,1.086258169877873,0,-0.004239170982888285,-0.03149519750411578,0.008639199784426177,0.012587022013079041,-0.0028745679500165044,-0.01292489307758804,0.0015755868110836069,0.007364158995399106,0.0015139831839195983,0.014381582036071983,-0.015183508539276469,-0.04968498137707117,0.017871183536863233,0.059642441556387205,0.0,0.0030646053646500304,6.999221424663915e-09,0.003421820574296408,0.0001353336021889806,-0.02389614913834115,5.551115123125783e-17,-0.005535163004978028,5.0306980803327406e-17,-0.0014192961756265485,4.589074962227487,11.929891078523125,True,True,True,True
uplift_pred_ge_12_prob_ge_0.50_signal_ge_50_x103,pred_ge_12_prob_ge_0.50_signal_ge_50,1.03,460,0.011341222879684419,0.6548223106137965,1.0284791211237652,0.3437158275470464,0.6661720644624642,0.5996564969908658,0.366789746263292,0.6135773014323003,0.6524430436550572,0.8078378843901526,1.2760011424021067,0.15645560130135022,0.0145398666145235,1.086258169877873,0,-0.004229857072994614,-0.03148588359422211,0.008629885874532617,0.012577708103185481,-0.0028518345659850897,-0.012902159693556625,0.0015755868110836069,0.007364158995399106,0.0015139831839195983,0.014381582036071983,-0.015183508539276469,-0.04968498137707117,0.017871183536863233,0.059642441556387205,0.0,0.0030646053646500304,-1.342634821099864e-07,0.0034216793115928734,0.0001353336021889806,-0.02389614913834115,5.551115123125783e-17,-0.005535163004978028,5.0306980803327406e-17,-0.0014192961756265485,4.587717859110801,11.929891078523125,True,True,True,True
uplift_pred_ge_12_prob_ge_0.50_signal_ge_80_x103,pred_ge_12_prob_ge_0.50_signal_ge_80,1.03,448,0.011045364891518738,0.6549225376166655,1.0283605840874925,0.34390467266152247,0.6661720644624642,0.5996564969908658,0.3668255543552524,0.6135773014323003,0.6524430436550572,0.8078400938527662,1.2759511149544416,0.15645560130135022,0.0145398666145235,1.0861470942050846,0,-0.004129630070125567,-0.03138565659135306,0.008511348838259991,0.012459171066912855,-0.0026629894515090013,-0.012713314579080537,0.0015755868110836069,0.007364158995399106,0.0015139831839195983,0.014381582036071983,-0.015147700447316115,-0.049649173285110815,0.017871183536863233,0.059642441556387205,0.0,0.0030646053646500304,2.075199131534866e-06,0.0034238887742065183,8.530615452384538e-05,-0.023946176586006285,5.551115123125783e-17,-0.005535163004978028,5.0306980803327406e-17,-0.0014192961756265485,4.573114069776083,11.921293175797253,True,True,True,True
uplift_pred_ge_12_prob_ge_0.70_signal_ge_20_x103,pred_ge_12_prob_ge_0.70_signal_ge_20,1.03,455,0.011217948717948718,0.6548231283186251,1.0284129336655115,0.3437233600910038,0.6661720644624642,0.5996564969908658,0.3668775211848954,0.6135773014323003,0.6524430436550572,0.8078372629876903,1.2760011424021067,0.15645560130135022,0.0145398666145235,1.086127430371023,0,-0.004229039368165988,-0.03148506588939348,0.008563698416278909,0.012511520644931773,-0.0028443020220276782,-0.012894627149599214,0.0015755868110836069,0.007364158995399106,0.0015139831839195983,0.014381582036071983,-0.01509573361767308,-0.04959720645546778,0.017871183536863233,0.059642441556387205,0.0,0.0030646053646500304,-7.556659443741509e-07,0.0034210579091306093,0.0001353336021889806,-0.02389614913834115,5.551115123125783e-17,-0.005535163004978028,5.0306980803327406e-17,-0.0014192961756265485,4.587598713683786,11.908815388744612,True,True,True,True
uplift_pred_ge_12_prob_ge_0.70_signal_ge_50_x103,pred_ge_12_prob_ge_0.70_signal_ge_50,1.03,454,0.011193293885601578,0.6548324422285188,1.028403619755618,0.3437460934750352,0.6661720644624642,0.5996564969908658,0.3668775211848954,0.6135773014323003,0.6524430436550572,0.8078371217249868,1.2760011424021067,0.15645560130135022,0.0145398666145235,1.086127430371023,0,-0.0042197254582723165,-0.03147575197949981,0.008554384506385349,0.012502206735038213,-0.0028215686379962635,-0.012871893765567799,0.0015755868110836069,0.007364158995399106,0.0015139831839195983,0.014381582036071983,-0.01509573361767308,-0.04959720645546778,0.017871183536863233,0.059642441556387205,0.0,0.0030646053646500304,-8.969286479088012e-07,0.0034209166464270746,0.0001353336021889806,-0.02389614913834115,5.551115123125783e-17,-0.005535163004978028,5.0306980803327406e-17,-0.0014192961756265485,4.586241610567099,11.908815388744612,True,True,True,True
uplift_pred_ge_12_prob_ge_0.70_signal_ge_80_x103,pred_ge_12_prob_ge_0.70_signal_ge_80,1.03,443,0.010922090729783037,0.6549219966779624,1.0282957552727707,0.3439349385895113,0.6661720644624642,0.5996564969908658,0.3668775211848954,0.6135773014323003,0.6524430436550572,0.8078396693999798,1.2759511149544416,0.15645560130135022,0.0145398666145235,1.0860163546982347,0,-0.004130171008828731,-0.031386197530056226,0.008446520023538184,0.012394342252191048,-0.002632723523520175,-0.01268304865109171,0.0015755868110836069,0.007364158995399106,0.0015139831839195983,0.014381582036071983,-0.01509573361767308,-0.04959720645546778,0.017871183536863233,0.059642441556387205,0.0,0.0030646053646500304,1.650746345061016e-06,0.0034234643214200444,8.530615452384538e-05,-0.023946176586006285,5.551115123125783e-17,-0.005535163004978028,5.0306980803327406e-17,-0.0014192961756265485,4.573192888404176,11.908815388744612,True,True,True,True
uplift_pred_ge_8_prob_ge_0.85_signal_ge_20_x103,pred_ge_8_prob_ge_0.85_signal_ge_20,1.03,791,0.01950197238658777,0.6542364481428987,1.0305568335880375,0.3408240798476245,0.6693471154104012,0.6010554077503302,0.3670920908156748,0.6135773014323003,0.6524430436550572,0.80782337928924,1.2769399512106534,0.15645560130135022,0.0145398666145235,1.090383014027605,0,-0.004815719543892372,-0.032071746065119866,0.010707598338804969,0.014655420567457833,-0.005743582265406999,-0.015793907392978535,0.004750637759020515,0.010539209943336014,0.0029128939433840095,0.015780492795536394,-0.014881163986893708,-0.04938263682468841,0.017871183536863233,0.059642441556387205,0.0,0.0030646053646500304,-1.4639364394719578e-05,0.003407174210680264,0.0010741424107356679,-0.022957340329794462,5.551115123125783e-17,-0.005535163004978028,5.0306980803327406e-17,-0.0014192961756265485,4.673082200647452,11.857294944276092,True,True,True,True
uplift_pred_ge_8_prob_ge_0.85_signal_ge_50_x103,pred_ge_8_prob_ge_0.85_signal_ge_50,1.03,776,0.01913214990138067,0.654262236567783,1.0304612127177284,0.3409433334913036,0.6693471154104012,0.6010554077503302,0.3670920908156748,0.6135773014323003,0.6524430436550572,0.8078196700052354,1.2769399512106534,0.15645560130135022,0.0145398666145235,1.0901177749391606,0,-0.004789931119008051,-0.032045957640235545,0.010611977468495848,0.014559799697148712,-0.005624328621727848,-0.015674653749299383,0.004750637759020515,0.010539209943336014,0.0029128939433840095,0.015780492795536394,-0.014881163986893708,-0.04938263682468841,0.017871183536863233,0.059642441556387205,0.0,0.0030646053646500304,-1.8348648399335588e-05,0.003403464926675648,0.0010741424107356679,-0.022957340329794462,5.551115123125783e-17,-0.005535163004978028,5.0306980803327406e-17,-0.0014192961756265485,4.669324643167889,11.857294944276092,True,True,True,True
uplift_pred_ge_8_prob_ge_0.85_signal_ge_80_x103,pred_ge_8_prob_ge_0.85_signal_ge_80,1.03,718,0.01770216962524655,0.6545572504845483,1.0300355439895947,0.3416072035635554,0.6684831105568513,0.6001363702010274,0.36717034850745844,0.6135773014323003,0.6524430436550572,0.8078145110314359,1.2767027614128121,0.15645560130135022,0.0145398666145235,1.0894090030055417,0,-0.004494917202242821,-0.031750943723470315,0.010186308740362193,0.014134130969015057,-0.004960458549476077,-0.015010783677047612,0.003886632905470644,0.009675205089786143,0.001993856394081228,0.014861455246233612,-0.014802906295110052,-0.04930437913290475,0.017871183536863233,0.059642441556387205,0.0,0.0030646053646500304,-2.3507622198826184e-05,0.0033983059528761572,0.0008369526128944038,-0.023194530127635726,5.551115123125783e-17,-0.005535163004978028,5.0306980803327406e-17,-0.0014192961756265485,4.626339010873979,11.838504442334463,True,True,True,True
uplift_pred_ge_10_prob_ge_0.85_signal_ge_20_x103,pred_ge_10_prob_ge_0.85_signal_ge_20,1.03,568,0.014003944773175542,0.6547182618380366,1.0291449574224512,0.3426307342990136,0.6673804941853773,0.5996977065393108,0.36721138485684934,0.6135773014323003,0.6524430436550572,0.8078291249040096,1.276265554305423,0.15645560130135022,0.0145398666145235,1.0877616186843393,0,-0.004333905848754482,-0.03158993236998198,0.009295722173218612,0.013243544401871477,-0.003936927814017888,-0.013987252941589423,0.002784016533996625,0.008572588718312124,0.0015551927323645964,0.01442279158451698,-0.014761869945719153,-0.04926334278351385,0.017871183536863233,0.059642441556387205,0.0,0.0030646053646500304,-8.893749625094038e-06,0.0034129198254498894,0.0003997455055053667,-0.023631737235024763,5.551115123125783e-17,-0.005535163004978028,5.0306980803327406e-17,-0.0014192961756265485,4.602878508020135,11.828651179539046,True,True,True,True
uplift_pred_ge_10_prob_ge_0.85_signal_ge_50_x103,pred_ge_10_prob_ge_0.85_signal_ge_50,1.03,566,0.013954635108481262,0.6547345796145352,1.0291286396459525,0.3426664293991003,0.6672115802243382,0.5996977065393108,0.36721138485684934,0.6135773014323003,0.6524430436550572,0.8078274801470513,1.276265554305423,0.15645560130135022,0.0145398666145235,1.0877336032179195,0,-0.004317588072255907,-0.0315736145934834,0.009279404396719926,0.01322722662537279,-0.0039012327139311687,-0.013951557841502704,0.002615102572957606,0.008403674757273105,0.0015551927323645964,0.01442279158451698,-0.014761869945719153,-0.04926334278351385,0.017871183536863233,0.059642441556387205,0.0,0.0030646053646500304,-1.0538506583390728e-05,0.0034112750684915927,0.0003997455055053667,-0.023631737235024763,5.551115123125783e-17,-0.005535163004978028,5.0306980803327406e-17,-0.0014192961756265485,4.600500891573722,11.828651179539046,True,True,True,True
uplift_pred_ge_10_prob_ge_0.85_signal_ge_80_x103,pred_ge_10_prob_ge_0.85_signal_ge_80,1.03,542,0.013362919132149901,0.6548839484031785,1.0289188171338837,0.3430050866818583,0.6661720644624642,0.5996977065393108,0.36723286412620115,0.6135773014323003,0.6524430436550572,0.8078264991518298,1.276171402224973,0.15645560130135022,0.0145398666145235,1.0874525516427076,0,-0.004168219283612551,-0.031424245804840045,0.009069581884651123,0.013017404113303988,-0.003562575431173165,-0.0136129005587447,0.0015755868110836069,0.007364158995399106,0.0015551927323645964,0.01442279158451698,-0.014740390676367343,-0.04924186351416204,0.017871183536863233,0.059642441556387205,0.0,0.0030646053646500304,-1.1519501804890808e-05,0.0034102940732700926,0.00030559342505531717,-0.023725889315474813,5.551115123125783e-17,-0.005535163004978028,5.0306980803327406e-17,-0.0014192961756265485,4.578736793475531,11.823493779119216,True,True,True,True
uplift_pred_ge_8_prob_ge_0.50_signal_ge_120_x103,pred_ge_8_prob_ge_0.50_signal_ge_120,1.03,660,0.016272189349112426,0.6548486805788594,1.029631395895453,0.3422404548284028,0.6668748409762231,0.5997532894938562,0.3672598988221958,0.6135773014323003,0.6524430436550572,0.8078208859746685,1.276456075940754,0.15645560130135022,0.0145398666145235,1.0884610146676543,0,-0.004203487107931725,-0.03145951362915922,0.009782160646220506,0.01372998287487337,-0.0043272072846286536,-0.014377532412200189,0.002278363324842436,0.008066935509157935,0.0016107756869100376,0.014478374539062422,-0.014713355980372711,-0.04921482881816741,0.017871183536863233,0.059642441556387205,0.0,0.0030646053646500304,-1.713267896619186e-05,0.0034046808961087915,0.0005902671408362092,-0.02344121559969392,5.551115123125783e-17,-0.005535163004978028,5.0306980803327406e-17,-0.0014192961756265485,4.583875567078528,11.817002461831418,True,True,True,True
uplift_pred_ge_8_prob_ge_0.70_signal_ge_120_x103,pred_ge_8_prob_ge_0.70_signal_ge_120,1.03,647,0.015951676528599606,0.6548442962904382,1.0295225779578328,0.3423073850204966,0.6668748409762231,0.5997532894938562,0.3673118656518388,0.6135773014323003,0.6524430436550572,0.8078174854511623,1.276456075940754,0.15645560130135022,0.0145398666145235,1.0882121444375257,0,-0.004207871396352925,-0.03146389791758042,0.009673342708600208,0.013621164937253072,-0.004260277092534848,-0.014310602220106383,0.002278363324842436,0.008066935509157935,0.0016107756869100376,0.014478374539062422,-0.014661389150729676,-0.049162861988524376,0.017871183536863233,0.059642441556387205,0.0,0.0030646053646500304,-2.0533202472416967e-05,0.0034012803726025664,0.0005902671408362092,-0.02344121559969392,5.551115123125783e-17,-0.005535163004978028,5.0306980803327406e-17,-0.0014192961756265485,4.584514389178891,11.804524674778776,True,True,True,True
uplift_pred_ge_10_prob_ge_0.50_signal_ge_120_x103,pred_ge_10_prob_ge_0.50_signal_ge_120,1.03,508,0.01252465483234714,0.6550757477413627,1.0286714907683816,0.3433668250980116,0.6662655581182727,0.5996564969908658,0.367347880360143,0.6135773014323003,0.6524430436550572,0.8078362326595226,1.2760355164600776,0.15645560130135022,0.0145398666145235,1.0868471571610194,0,-0.003976419945428411,-0.031232446466655905,0.008822255519149058,0.012770077747801922,-0.003200837015019886,-0.013251162142591422,0.00166908046689207,0.007457652651207569,0.0015139831839195983,0.014381582036071983,-0.01462537444242551,-0.04912684728022021,0.017871183536863233,0.059642441556387205,0.0,0.0030646053646500304,-1.7859941120468292e-06,0.0034200275809629366,0.00016970766015989014,-0.02386177508037024,5.551115123125783e-17,-0.005535163004978028,5.0306980803327406e-17,-0.0014192961756265485,4.550790261610866,11.795877161277005,True,True,True,True
uplift_pred_ge_10_prob_ge_0.70_signal_ge_120_x103,pred_ge_10_prob_ge_0.70_signal_ge_120,1.03,503,0.01240138067061144,0.655059337238203,1.0286074209978078,0.343381982308889,0.6662655581182727,0.5996564969908658,0.367399847189786,0.6135773014323003,0.6524430436550572,0.8078361456691989,1.2760355164600776,0.15645560130135022,0.0145398666145235,1.0866861966135526,0,-0.003992830448588114,-0.031248856969815608,0.008758185748575231,0.012706007977228095,-0.0031856798041424716,-0.013236004931714007,0.00166908046689207,0.007457652651207569,0.0015139831839195983,0.014381582036071983,-0.014573407612782474,-0.049074880450577174,0.017871183536863233,0.059642441556387205,0.0,0.0030646053646500304,-1.8729844357689984e-06,0.0034199405906392144,0.00016970766015989014,-0.02386177508037024,5.551115123125783e-17,-0.005535163004978028,5.0306980803327406e-17,-0.0014192961756265485,4.553181388993317,11.783399374224363,True,True,True,True
uplift_pred_ge_12_prob_ge_0.85_signal_ge_20_x103,pred_ge_12_prob_ge_0.85_signal_ge_20,1.03,427,0.010527613412228796,0.6551150630974759,1.0280612071279753,0.343889314729741,0.6658564074487607,0.5992689175812903,0.3675979328059966,0.6135773014323003,0.6524430436550572,0.8078326794097375,1.2760011424021067,0.15645560130135022,0.0145398666145235,1.0858394187946023,0,-0.003937104589315177,-0.03119313111054267,0.008211971878742785,0.01215979410739565,-0.0026783473832904803,-0.012728672510862016,0.0012599297973800994,0.0070485019816955985,0.0011264037743441424,0.013994002626496527,-0.014375321996571877,-0.04887679483436658,0.017871183536863233,0.059642441556387205,0.0,0.0030646053646500304,-5.33924389722884e-06,0.0034164743311777546,0.0001353336021889806,-0.02389614913834115,5.551115123125783e-17,-0.005535163004978028,5.0306980803327406e-17,-0.0014192961756265485,4.545061733750493,11.735836916513447,True,True,True,True
uplift_pred_ge_12_prob_ge_0.85_signal_ge_50_x103,pred_ge_12_prob_ge_0.85_signal_ge_50,1.03,426,0.010502958579881656,0.6551243770073696,1.0280518932180815,0.3439120481137724,0.6658564074487607,0.5992689175812903,0.3675979328059966,0.6135773014323003,0.6524430436550572,0.8078325381470339,1.2760011424021067,0.15645560130135022,0.0145398666145235,1.0858394187946023,0,-0.003927790679421506,-0.031183817200649,0.008202657968849003,0.012150480197501867,-0.0026556139992590655,-0.012705939126830601,0.0012599297973800994,0.0070485019816955985,0.0011264037743441424,0.013994002626496527,-0.014375321996571877,-0.04887679483436658,0.017871183536863233,0.059642441556387205,0.0,0.0030646053646500304,-5.480506600763491e-06,0.00341633306847422,0.0001353336021889806,-0.02389614913834115,5.551115123125783e-17,-0.005535163004978028,5.0306980803327406e-17,-0.0014192961756265485,4.5437046306338065,11.735836916513447,True,True,True,True
uplift_pred_ge_12_prob_ge_0.85_signal_ge_80_x103,pred_ge_12_prob_ge_0.85_signal_ge_80,1.03,417,0.010281065088757396,0.6551971394320102,1.0279608207600375,0.3440703788348306,0.6658564074487607,0.5992689175812903,0.3675979328059966,0.6135773014323003,0.6524430436550572,0.8078348606447563,1.2759511149544416,0.15645560130135022,0.0145398666145235,1.0857283431218139,0,-0.003855028254780901,-0.031111054776008396,0.00811158551080493,0.012059407739457795,-0.002497283278200868,-0.012547608405772404,0.0012599297973800994,0.0070485019816955985,0.0011264037743441424,0.013994002626496527,-0.014375321996571877,-0.04887679483436658,0.017871183536863233,0.059642441556387205,0.0,0.0030646053646500304,-3.1580088784011195e-06,0.0034186555661965823,8.530615452384538e-05,-0.023946176586006285,5.551115123125783e-17,-0.005535163004978028,5.0306980803327406e-17,-0.0014192961756265485,4.533102626278523,11.735836916513447,True,True,True,True
uplift_pred_ge_15_prob_ge_0.50_signal_ge_20_x103,pred_ge_15_prob_ge_0.50_signal_ge_20,1.03,320,0.007889546351084813,0.6555886572902675,1.0271240451841996,0.34531529711858844,0.6647453522937501,0.5982951253163185,0.3676389259836873,0.6126593058335099,0.6524430436550572,0.8078380256528561,1.2759511149544416,0.15645560130135022,0.0145398666145235,1.0845410495083225,0,-0.0034635103965235947,-0.03071953691775109,0.007274809934967097,0.011222632163619961,-0.0012523649944430337,-0.01130269012201457,0.00014887464236945647,0.005937446826684956,0.0001526115093722913,0.013020210361524676,-0.014334328818881192,-0.04883580165667589,0.016953187938072878,0.05872444595759685,0.0,0.0030646053646500304,6.999221424663915e-09,0.003421820574296408,8.530615452384538e-05,-0.023946176586006285,5.551115123125783e-17,-0.005535163004978028,5.0306980803327406e-17,-0.0014192961756265485,4.4760556812527375,11.725994019701211,True,True,True,True
uplift_pred_ge_15_prob_ge_0.50_signal_ge_80_x103,pred_ge_15_prob_ge_0.50_signal_ge_80,1.03,317,0.007815581854043392,0.6556242384095602,1.0270884640649072,0.3453608954332831,0.6647453522937501,0.5982951253163185,0.36767473407564766,0.6126593058335099,0.6524430436550572,0.8078378267853272,1.2759511149544416,0.15645560130135022,0.0145398666145235,1.0845010471398673,0,-0.003427929277230901,-0.030683955798458395,0.007239228815674625,0.01118705104432749,-0.0012067666797483945,-0.01125709180731993,0.00014887464236945647,0.005937446826684956,0.0001526115093722913,0.013020210361524676,-0.014298520726920838,-0.04879999356471554,0.016953187938072878,0.05872444595759685,0.0,0.0030646053646500304,-1.918683074642047e-07,0.003421621706767519,8.530615452384538e-05,-0.023946176586006285,5.551115123125783e-17,-0.005535163004978028,5.0306980803327406e-17,-0.0014192961756265485,4.47087125833706,11.71739611697534,True,True,True,True
uplift_pred_ge_12_prob_ge_0.50_signal_ge_120_x103,pred_ge_12_prob_ge_0.50_signal_ge_120,1.03,404,0.009960552268244575,0.6552977580211559,1.0278751865415359,0.34418787729052547,0.6660518844376487,0.5992338476381085,0.3676755107627826,0.6135773014323003,0.6524430436550572,0.8078373675747881,1.2759511149544416,0.15645560130135022,0.0145398666145235,1.0854697844825283,0,-0.0037544096656352277,-0.031010436186862722,0.008025951292303324,0.011973773520956188,-0.0023797848225060036,-0.01243010995007754,0.0014554067862680986,0.007243978970583598,0.0010913338311623333,0.013958932683314718,-0.014297744039785898,-0.0487992168775806,0.017871183536863233,0.059642441556387205,0.0,0.0030646053646500304,-6.510788466140838e-07,0.0034211624962283693,8.530615452384538e-05,-0.023946176586006285,5.551115123125783e-17,-0.005535163004978028,5.0306980803327406e-17,-0.0014192961756265485,4.518441780029734,11.717209626155274,True,True,True,True
uplift_pred_ge_15_prob_ge_0.70_signal_ge_20_x103,pred_ge_15_prob_ge_0.70_signal_ge_20,1.03,316,0.007790927021696253,0.6555821336103389,1.0270651991107034,0.34531529711858844,0.6647453522937501,0.5982951253163185,0.36772670090529064,0.6126593058335099,0.6524430436550572,0.8078377694313567,1.2759511149544416,0.15645560130135022,0.0145398666145235,1.0844103100014728,0,-0.0034700340764521886,-0.030726060597679683,0.007215963861470831,0.011163786090123695,-0.0012523649944430337,-0.01130269012201457,0.00014887464236945647,0.005937446826684956,0.0001526115093722913,0.013020210361524676,-0.014246553897277858,-0.04874802673507256,0.016953187938072878,0.05872444595759685,0.0,0.0030646053646500304,-2.4922227803703123e-07,0.0034215643527969464,8.530615452384538e-05,-0.023946176586006285,5.551115123125783e-17,-0.005535163004978028,5.0306980803327406e-17,-0.0014192961756265485,4.477006227958088,11.70491832992271,True,True,True,True
uplift_pred_ge_15_prob_ge_0.70_signal_ge_80_x103,pred_ge_15_prob_ge_0.70_signal_ge_80,1.03,314,0.007741617357001972,0.655607042176206,1.0270402905448361,0.3453608954332831,0.6647453522937501,0.5982951253163185,0.36772670090529064,0.6126593058335099,0.6524430436550572,0.8078377620425288,1.2759511149544416,0.15645560130135022,0.0145398666145235,1.0843703076330173,0,-0.0034451255105850676,-0.030701152031812562,0.007191055295603599,0.011138877524256463,-0.0012067666797483945,-0.01125709180731993,0.00014887464236945647,0.005937446826684956,0.0001526115093722913,0.013020210361524676,-0.014246553897277858,-0.04874802673507256,0.016953187938072878,0.05872444595759685,0.0,0.0030646053646500304,-2.5661110591990166e-07,0.0034215569639690635,8.530615452384538e-05,-0.023946176586006285,5.551115123125783e-17,-0.005535163004978028,5.0306980803327406e-17,-0.0014192961756265485,4.473376872214221,11.70491832992271,True,True,True,True
uplift_pred_ge_12_prob_ge_0.70_signal_ge_120_x103,pred_ge_12_prob_ge_0.70_signal_ge_120,1.03,400,0.009861932938856016,0.6552889027781504,1.0278186720311164,0.34420303450140277,0.6660518844376487,0.5992338476381085,0.36772747759242563,0.6135773014323003,0.6524430436550572,0.8078372805844644,1.2759511149544416,0.15645560130135022,0.0145398666145235,1.0853390449756783,0,-0.003763264908640651,-0.031019291429868145,0.007969436781883887,0.011917259010536752,-0.0023646276116287,-0.012414952739200236,0.0014554067862680986,0.007243978970583598,0.0010913338311623333,0.013958932683314718,-0.014245777210142863,-0.04874725004793756,0.017871183536863233,0.059642441556387205,0.0,0.0030646053646500304,-7.38069170336253e-07,0.003421075505904647,8.530615452384538e-05,-0.023946176586006285,5.551115123125783e-17,-0.005535163004978028,5.0306980803327406e-17,-0.0014192961756265485,4.519732052108686,11.704731839102632,True,True,True,True
uplift_pred_ge_8_prob_ge_0.85_signal_ge_120_x103,pred_ge_8_prob_ge_0.85_signal_ge_120,1.03,603,0.014866863905325444,0.6551977722660781,1.0290785221630725,0.3426155762255204,0.666408893059303,0.5997532894938562,0.3680504907210067,0.6135773014323003,0.6524430436550572,0.8078091041088964,1.276423222273282,0.15645560130135022,0.0145398666145235,1.087820340289494,0,-0.003854395420712975,-0.03111042194194047,0.009229286913839951,0.013177109142492816,-0.003952085887511059,-0.014002411015082594,0.0018124154079223187,0.007600987592237818,0.0016107756869100376,0.014478374539062422,-0.01392276408156179,-0.04842423691935649,0.017871183536863233,0.059642441556387205,0.0,0.0030646053646500304,-2.8914544738301018e-05,0.0033928990303366824,0.0005574134733643543,-0.023474069267165776,5.551115123125783e-17,-0.005535163004978028,5.0306980803327406e-17,-0.0014192961756265485,4.533010417840205,11.627172960461621,True,True,True,True
uplift_pred_ge_10_prob_ge_0.85_signal_ge_120_x103,pred_ge_10_prob_ge_0.85_signal_ge_120,1.03,474,0.011686390532544378,0.6553736637616434,1.0282592007286964,0.34357352909853567,0.6660518844376487,0.5992689175812903,0.36811300633974947,0.6135773014323003,0.6524430436550572,0.807830960293216,1.2760355164600776,0.15645560130135022,0.0145398666145235,1.086433306300323,0,-0.0036785039251476803,-0.030934530446375175,0.008409965479463821,0.012357787708116685,-0.0029941330144958034,-0.013044458142067339,0.0014554067862680986,0.007243978970583598,0.0011264037743441424,0.013994002626496527,-0.013860248462819025,-0.048361721300613725,0.017871183536863233,0.059642441556387205,0.0,0.0030646053646500304,-7.058360418699117e-06,0.0034147552146562843,0.00016970766015989014,-0.02386177508037024,5.551115123125783e-17,-0.005535163004978028,5.0306980803327406e-17,-0.0014192961756265485,4.507381772131222,11.612162297246362,True,True,True,True
uplift_pred_ge_15_prob_ge_0.85_signal_ge_20_x103,pred_ge_15_prob_ge_0.85_signal_ge_20,1.03,308,0.007593688362919132,0.6557225905794993,1.0269028965375002,0.34531529711858844,0.6647453522937501,0.5982951253163185,0.3681905198862525,0.6126593058335099,0.6524430436550572,0.8078368958176525,1.2759511149544416,0.15645560130135022,0.0145398666145235,1.0843665038400654,0,-0.003329577107291759,-0.030585603628519253,0.007053661288267676,0.01100148351692054,-0.0012523649944430337,-0.01130269012201457,0.00014887464236945647,0.005937446826684956,0.0001526115093722913,0.013020210361524676,-0.013782734916315986,-0.048284207754110686,0.016953187938072878,0.05872444595759685,0.0,0.0030646053646500304,-1.1228359821924272e-06,0.003420690739092791,8.530615452384538e-05,-0.023946176586006285,5.551115123125783e-17,-0.005535163004978028,5.0306980803327406e-17,-0.0014192961756265485,4.456540645535236,11.593550472480375,True,True,True,True
uplift_pred_ge_15_prob_ge_0.85_signal_ge_80_x103,pred_ge_15_prob_ge_0.85_signal_ge_80,1.03,306,0.007544378698224852,0.6557474991453666,1.0268779879716332,0.3453608954332831,0.6647453522937501,0.5982951253163185,0.3681905198862525,0.6126593058335099,0.6524430436550572,0.8078368884288246,1.2759511149544416,0.15645560130135022,0.0145398666145235,1.08432650147161,0,-0.003304668541424527,-0.03056069506265202,0.007028752722400666,0.01097657495105353,-0.0012067666797483945,-0.01125709180731993,0.00014887464236945647,0.005937446826684956,0.0001526115093722913,0.013020210361524676,-0.013782734916315986,-0.048284207754110686,0.016953187938072878,0.05872444595759685,0.0,0.0030646053646500304,-1.1302248100752976e-06,0.003420683350264908,8.530615452384538e-05,-0.023946176586006285,5.551115123125783e-17,-0.005535163004978028,5.0306980803327406e-17,-0.0014192961756265485,4.452911289791352,11.593550472480375,True,True,True,True
uplift_pred_ge_15_prob_ge_0.50_signal_ge_120_x103,pred_ge_15_prob_ge_0.50_signal_ge_120,1.03,297,0.007322485207100592,0.655847254608976,1.0268244013399028,0.34547384412691484,0.6645964776513806,0.5982951253163185,0.36823998727081636,0.6126593058335099,0.6524430436550572,0.8078369817390754,1.2759511149544416,0.15645560130135022,0.0145398666145235,1.0841729432042329,0,-0.003204913077815119,-0.030460939599042614,0.006975166090670282,0.010922988319323146,-0.0010938179861166297,-0.011144143113688165,0.0,0.005788572184315499,0.0001526115093722913,0.013020210361524676,-0.013733267531752136,-0.048234740369546836,0.016953187938072878,0.05872444595759685,0.0,0.0030646053646500304,-1.0369145593269735e-06,0.0034207766605156564,8.530615452384538e-05,-0.023946176586006285,5.551115123125783e-17,-0.005535163004978028,5.0306980803327406e-17,-0.0014192961756265485,4.4383762070907125,11.581672828704939,True,True,True,True
uplift_pred_ge_15_prob_ge_0.70_signal_ge_120_x103,pred_ge_15_prob_ge_0.70_signal_ge_120,1.03,294,0.007248520710059172,0.6558300583756219,1.026776227819832,0.34547384412691484,0.6645964776513806,0.5982951253163185,0.36829195410045934,0.6126593058335099,0.6524430436550572,0.8078369169962769,1.2759511149544416,0.15645560130135022,0.0145398666145235,1.084042203697383,0,-0.0032221093111691745,-0.03047813583239667,0.006926992570599477,0.010874814799252341,-0.0010938179861166297,-0.011144143113688165,0.0,0.005788572184315499,0.0001526115093722913,0.013020210361524676,-0.013681300702109156,-0.048182773539903856,0.016953187938072878,0.05872444595759685,0.0,0.0030646053646500304,-1.1016573577826705e-06,0.0034207119177172007,8.530615452384538e-05,-0.023946176586006285,5.551115123125783e-17,-0.005535163004978028,5.0306980803327406e-17,-0.0014192961756265485,4.440881820967856,11.569195041652309,True,True,True,True
uplift_pred_ge_12_prob_ge_0.85_signal_ge_120_x103,pred_ge_12_prob_ge_0.85_signal_ge_120,1.03,379,0.009344181459566074,0.6555566973030023,1.0275323007166988,0.3443232224451884,0.6657362274239451,0.5987969519562903,0.36838409824288393,0.6135773014323003,0.6524430436550572,0.8078339185528083,1.2759511149544416,0.15645560130135022,0.0145398666145235,1.08511678857466,0,-0.0034954703837888346,-0.03075149690501633,0.007683065467466221,0.011630887696119085,-0.0022444396678430456,-0.012294764795414581,0.00113974977256448,0.006928321956879979,0.0006544381493441831,0.013522037001496567,-0.013589156559684568,-0.04809062939747927,0.017871183536863233,0.059642441556387205,0.0,0.0030646053646500304,-4.100100826409658e-06,0.0034177134742485737,8.530615452384538e-05,-0.023946176586006285,5.551115123125783e-17,-0.005535163004978028,5.0306980803327406e-17,-0.0014192961756265485,4.480712479398958,11.54707025560667,True,True,True,True
uplift_pred_ge_15_prob_ge_0.85_signal_ge_120_x103,pred_ge_15_prob_ge_0.85_signal_ge_120,1.03,287,0.007075936883629191,0.6559814381468037,1.0266248480486502,0.34547384412691484,0.6645964776513806,0.5982951253163185,0.3687557730814212,0.6126593058335099,0.6524430436550572,0.8078359478360004,1.2759511149544416,0.15645560130135022,0.0145398666145235,1.0839983975359757,0,-0.003070729539987438,-0.030326756061214932,0.00677561279941763,0.010723435028070494,-0.0010938179861166297,-0.011144143113688165,0.0,0.005788572184315499,0.0001526115093722913,0.013020210361524676,-0.013217481721147284,-0.047718954558941984,0.016953187938072878,0.05872444595759685,0.0,0.0030646053646500304,-2.070817634258759e-06,0.0034197427574407246,8.530615452384538e-05,-0.023946176586006285,5.551115123125783e-17,-0.005535163004978028,5.0306980803327406e-17,-0.0014192961756265485,4.418824708367529,11.457827184209973,True,True,True,True
uplift_pred_ge_20_prob_ge_0.50_signal_ge_20_x103,pred_ge_20_prob_ge_0.50_signal_ge_20,1.03,194,0.004783037475345167,0.6562636783129839,1.0255474793135946,0.3463681079795728,0.6645964776513806,0.5981425138069462,0.3695352895858576,0.6075978755618783,0.6524430436550572,0.8078380256528561,1.2758658087999175,0.15645560130135022,0.0145398666145235,1.0823305890247439,0,-0.002788489373807157,-0.03004451589503465,0.005698244064362035,0.009646066293014899,-0.00019955413345867923,-0.010249879261030215,0.0,0.005788572184315499,0.0,0.012867598852152384,-0.012437965216710922,-0.04693943805450562,0.011891757666441238,0.05366301568596521,0.0,0.0030646053646500304,6.999221424663915e-09,0.003421820574296408,-2.220446049250313e-16,-0.024031482740530352,5.551115123125783e-17,-0.005535163004978028,5.0306980803327406e-17,-0.0014192961756265485,4.377700302661434,11.27065700251542,True,True,True,True
uplift_pred_ge_20_prob_ge_0.50_signal_ge_80_x103,pred_ge_20_prob_ge_0.50_signal_ge_80,1.03,193,0.0047583826429980275,0.6562785862867373,1.0255325713398413,0.3463951986837323,0.6645964776513806,0.5981425138069462,0.3695352895858576,0.6075978755618783,0.6524430436550572,0.8078380256528561,1.2758658087999175,0.15645560130135022,0.0145398666145235,1.0823305890247439,0,-0.002773581400053793,-0.030029607921281287,0.0056833360906087815,0.009631158319261646,-0.00017246342929916336,-0.010222788556870699,0.0,0.005788572184315499,0.0,0.012867598852152384,-0.012437965216710922,-0.04693943805450562,0.011891757666441238,0.05366301568596521,0.0,0.0030646053646500304,6.999221424663915e-09,0.003421820574296408,-2.220446049250313e-16,-0.024031482740530352,5.551115123125783e-17,-0.005535163004978028,5.0306980803327406e-17,-0.0014192961756265485,4.375528104532492,11.27065700251542,True,True,True,True
uplift_pred_ge_20_prob_ge_0.70_signal_ge_20_x103,pred_ge_20_prob_ge_0.70_signal_ge_20,1.03,191,0.004709072978303748,0.6562464820796299,1.0254993057935238,0.3463681079795728,0.6645964776513806,0.5981425138069462,0.3695872564155006,0.6075978755618783,0.6524430436550572,0.8078379609100578,1.2758658087999175,0.15645560130135022,0.0145398666145235,1.082199849517894,0,-0.0028056856071612124,-0.030061712128388707,0.00565007054429123,0.009597892772944094,-0.00019955413345867923,-0.010249879261030215,0.0,0.005788572184315499,0.0,0.012867598852152384,-0.012385998387067887,-0.04688747122486259,0.011891757666441238,0.05366301568596521,0.0,0.0030646053646500304,-5.774357692001075e-08,0.0034217558314980634,-2.220446049250313e-16,-0.024031482740530352,5.551115123125783e-17,-0.005535163004978028,5.0306980803327406e-17,-0.0014192961756265485,4.3802059165385785,11.25817921546278,True,True,True,True
uplift_pred_ge_20_prob_ge_0.70_signal_ge_80_x103,pred_ge_20_prob_ge_0.70_signal_ge_80,1.03,190,0.004684418145956607,0.6562613900533832,1.0254843978197703,0.3463951986837323,0.6645964776513806,0.5981425138069462,0.3695872564155006,0.6075978755618783,0.6524430436550572,0.8078379609100578,1.2758658087999175,0.15645560130135022,0.0145398666145235,1.082199849517894,0,-0.0027907776334078482,-0.030046804154635343,0.005635162570537755,0.00958298479919062,-0.00017246342929916336,-0.010222788556870699,0.0,0.005788572184315499,0.0,0.012867598852152384,-0.012385998387067887,-0.04688747122486259,0.011891757666441238,0.05366301568596521,0.0,0.0030646053646500304,-5.774357692001075e-08,0.0034217558314980634,-2.220446049250313e-16,-0.024031482740530352,5.551115123125783e-17,-0.005535163004978028,5.0306980803327406e-17,-0.0014192961756265485,4.378033718409636,11.25817921546278,True,True,True,True
uplift_pred_ge_20_prob_ge_0.50_signal_ge_120_x103,pred_ge_20_prob_ge_0.50_signal_ge_120,1.03,186,0.004585798816568047,0.6563878356434885,1.02542332198309,0.34643369893609416,0.6645964776513806,0.5981425138069462,0.3698176586018582,0.6075978755618783,0.6524430436550572,0.8078378910449375,1.2758658087999175,0.15645560130135022,0.0145398666145235,1.0822776395192948,0,-0.0026643320433026307,-0.029920358564530125,0.005574086733857397,0.009521908962510262,-0.00013396317693731286,-0.010184288304508848,0.0,0.005788572184315499,0.0,0.012867598852152384,-0.012155596200710272,-0.04665706903850497,0.011891757666441238,0.05366301568596521,0.0,0.0030646053646500304,-1.276086971646606e-07,0.0034216859663778187,-2.220446049250313e-16,-0.024031482740530352,5.551115123125783e-17,-0.005535163004978028,5.0306980803327406e-17,-0.0014192961756265485,4.359609693871923,11.20285720645085,True,True,True,True
uplift_pred_ge_20_prob_ge_0.70_signal_ge_120_x103,pred_ge_20_prob_ge_0.70_signal_ge_120,1.03,183,0.0045118343195266275,0.6563706394101344,1.0253751484630191,0.34643369893609416,0.6645964776513806,0.5981425138069462,0.36986962543150126,0.6075978755618783,0.6524430436550572,0.8078378263021392,1.2758658087999175,0.15645560130135022,0.0145398666145235,1.082146900012445,0,-0.002681528276656686,-0.02993755479788418,0.005525913213786593,0.009473735442439457,-0.00013396317693731286,-0.010184288304508848,0.0,0.005788572184315499,0.0,0.012867598852152384,-0.012103629371067237,-0.04660510220886194,0.011891757666441238,0.05366301568596521,0.0,0.0030646053646500304,-1.9235149550933528e-07,0.003421621223579474,-2.220446049250313e-16,-0.024031482740530352,5.551115123125783e-17,-0.005535163004978028,5.0306980803327406e-17,-0.0014192961756265485,4.362115307749067,11.190379419398207,True,True,True,True
uplift_pred_ge_20_prob_ge_0.85_signal_ge_20_x103,pred_ge_20_prob_ge_0.85_signal_ge_20,1.03,187,0.004610453648915188,0.6563523957343559,1.0253933921387977,0.3463681079795728,0.6645964776513806,0.5981425138069462,0.3699059444654279,0.6075978755618783,0.6524430436550572,0.8078378822562666,1.2758658087999175,0.15645560130135022,0.0145398666145235,1.082199849517894,0,-0.0026997719524352037,-0.029955798473662698,0.0055441568895651105,0.009491979118217975,-0.00019955413345867923,-0.010249879261030215,0.0,0.005788572184315499,0.0,0.012867598852152384,-0.012067310337140591,-0.04656878317493529,0.011891757666441238,0.05366301568596521,0.0,0.0030646053646500304,-1.3639736806680958e-07,0.0034216771777069166,-2.220446049250313e-16,-0.024031482740530352,5.551115123125783e-17,-0.005535163004978028,5.0306980803327406e-17,-0.0014192961756265485,4.364773541459882,11.181658834086242,True,True,True,True
uplift_pred_ge_20_prob_ge_0.85_signal_ge_80_x103,pred_ge_20_prob_ge_0.85_signal_ge_80,1.03,186,0.004585798816568047,0.6563673037081093,1.0253784841650444,0.3463951986837323,0.6645964776513806,0.5981425138069462,0.3699059444654279,0.6075978755618783,0.6524430436550572,0.8078378822562666,1.2758658087999175,0.15645560130135022,0.0145398666145235,1.082199849517894,0,-0.0026848639786818396,-0.029940890499909334,0.005529248915811857,0.009477071144464722,-0.00017246342929916336,-0.010222788556870699,0.0,0.005788572184315499,0.0,0.012867598852152384,-0.012067310337140591,-0.04656878317493529,0.011891757666441238,0.05366301568596521,0.0,0.0030646053646500304,-1.3639736806680958e-07,0.0034216771777069166,-2.220446049250313e-16,-0.024031482740530352,5.551115123125783e-17,-0.005535163004978028,5.0306980803327406e-17,-0.0014192961756265485,4.36260134333094,11.181658834086242,True,True,True,True
uplift_pred_ge_20_prob_ge_0.85_signal_ge_120_x103,pred_ge_20_prob_ge_0.85_signal_ge_120,1.03,179,0.004413214990138067,0.6564765530648603,1.025269234808293,0.34643369893609416,0.6645964776513806,0.5981425138069462,0.37018831348142855,0.6075978755618783,0.6524430436550572,0.807837747648348,1.2758658087999175,0.15645560130135022,0.0145398666145235,1.082146900012445,0,-0.0025756146219307885,-0.029831641143158283,0.005419999559060473,0.009367821787713337,-0.00013396317693731286,-0.010184288304508848,0.0,0.005788572184315499,0.0,0.012867598852152384,-0.011784941321139941,-0.04628641415893464,0.011891757666441238,0.05366301568596521,0.0,0.0030646053646500304,-2.710052866561341e-07,0.0034215425697883273,-2.220446049250313e-16,-0.024031482740530352,5.551115123125783e-17,-0.005535163004978028,5.0306980803327406e-17,-0.0014192961756265485,4.3466829326703875,11.11385903802167,True,True,True,True
uplift_pred_ge_8_prob_ge_0.50_signal_ge_20_x12,pred_ge_8_prob_ge_0.50_signal_ge_20,1.2,873,0.021523668639053254,0.6364054120706893,1.0962067983481751,0.31000290568527333,0.6921474688451288,0.62664323030432,0.2875240761959005,0.7148473414745244,0.6524430436550572,0.80785045422512,1.283496271981119,0.15645560130135022,0.0145398666145235,1.1582773467404557,2,-0.022646755616101744,-0.04990278213732924,0.0763575630989426,0.08030538532759546,-0.03656475642775814,-0.046615081555329674,0.027550991193748153,0.03333956337806365,0.028500716497373846,0.04136831534952623,-0.09444917860666802,-0.12895065144446272,0.11914122357908741,0.16091248159861138,0.0,0.0030646053646500304,1.243557148533636e-05,0.0034342491465603198,0.007630463181201197,-0.016401019559328933,5.551115123125783e-17,-0.005535163004978028,5.0306980803327406e-17,-0.0014192961756265485,7.271191362492141,30.96241929854024,False,True,True,False
uplift_pred_ge_8_prob_ge_0.50_signal_ge_50_x12,pred_ge_8_prob_ge_0.50_signal_ge_50,1.2,855,0.021079881656804734,0.6365865576101999,1.0954251951951819,0.31092720706039423,0.6910755216176021,0.6230091543424132,0.2875240761959005,0.7148473414745244,0.6524430436550572,0.8078137829397143,1.283496271981119,0.15645560130135022,0.0145398666145235,1.1565090861508276,2,-0.022465610076591203,-0.0497216365978187,0.07557595994594934,0.07952378217460221,-0.03564045505263724,-0.04569078018020878,0.02647904396622147,0.03226761615053697,0.024866640535467055,0.03773423938761944,-0.09444917860666802,-0.12895065144446272,0.11914122357908741,0.16091248159861138,0.0,0.0030646053646500304,-2.4235713920406354e-05,0.003397577861154577,0.007630463181201197,-0.016401019559328933,5.551115123125783e-17,-0.005535163004978028,5.0306980803327406e-17,-0.0014192961756265485,7.24479716509813,30.96241929854024,False,True,True,False
uplift_pred_ge_8_prob_ge_0.50_signal_ge_80_x12,pred_ge_8_prob_ge_0.50_signal_ge_80,1.2,791,0.01950197238658777,0.6383451094378505,1.0922920842761614,0.3152839194004647,0.6851144310454377,0.6168380646195292,0.28828451475419364,0.7148473414745244,0.6524430436550572,0.807804862411577,1.281915006662177,0.15645560130135022,0.0145398666145235,1.1516371834034733,2,-0.02070705824894059,-0.047963084770168085,0.07244284902692888,0.07639067125558174,-0.03128374271256679,-0.04133406784013832,0.020517953394057042,0.02630652557837254,0.018695550812583006,0.03156314966473539,-0.09368874004837485,-0.12819021288616955,0.11914122357908741,0.16091248159861138,0.0,0.0030646053646500304,-3.315624205768586e-05,0.0033886573330172975,0.006049197862259215,-0.017982284878270915,5.551115123125783e-17,-0.005535163004978028,5.0306980803327406e-17,-0.0014192961756265485,6.988563618348781,30.779829934090298,False,True,True,False
uplift_pred_ge_8_prob_ge_0.70_signal_ge_20_x12,pred_ge_8_prob_ge_0.70_signal_ge_20,1.2,852,0.021005917159763313,0.6363495202610056,1.0950792774474627,0.31054983174664186,0.6921474688451288,0.62664323030432,0.2883006715151779,0.7106270395044693,0.6524430436550572,0.8078373536989216,1.283245782654635,0.15645560130135022,0.0145398666145235,1.1561456041536256,2,-0.022702647425785538,-0.04995867394701303,0.07523004219823015,0.07917786442688302,-0.036017830366389614,-0.04606815549396115,0.027550991193748153,0.03333956337806365,0.028500716497373846,0.04136831534952623,-0.09367258328739059,-0.1281740561251853,0.11492092160903222,0.1566921796285562,0.0,0.0030646053646500304,-6.649547130699318e-07,0.0034211486203619135,0.007379973854717337,-0.016651508885812794,5.551115123125783e-17,-0.005535163004978028,5.0306980803327406e-17,-0.0014192961756265485,7.279335197893712,30.775950524389785,False,True,True,False
uplift_pred_ge_8_prob_ge_0.70_signal_ge_50_x12,pred_ge_8_prob_ge_0.70_signal_ge_50,1.2,834,0.020562130177514792,0.6365306658005161,1.0942976742944697,0.3114741331217628,0.6910755216176021,0.6230091543424132,0.2883006715151779,0.7106270395044693,0.6524430436550572,0.8078005849172554,1.283245782654635,0.15645560130135022,0.0145398666145235,1.1543773435639972,2,-0.022521501886274997,-0.04977752840750249,0.07444843904523712,0.07839626127388999,-0.03509352899126866,-0.0451438541188402,0.02647904396622147,0.03226761615053697,0.024866640535467055,0.03773423938761944,-0.09367258328739059,-0.1281740561251853,0.11492092160903222,0.1566921796285562,0.0,0.0030646053646500304,-3.7433736379322013e-05,0.0033843798386956614,0.007379973854717337,-0.016651508885812794,5.551115123125783e-17,-0.005535163004978028,5.0306980803327406e-17,-0.0014192961756265485,7.252941000499701,30.775950524389785,False,True,True,False
uplift_pred_ge_10_prob_ge_0.50_signal_ge_20_x12,pred_ge_10_prob_ge_0.50_signal_ge_20,1.2,616,0.015187376725838263,0.6388528716152485,1.0853864633868462,0.32232019351563557,0.6819647853204214,0.6091505939210526,0.28881827588441794,0.7148473414745244,0.6524430436550572,0.8078344420514738,1.278530778836621,0.15645560130135022,0.0145398666145235,1.138669856759725,1,-0.020199296071542583,-0.04745532259277008,0.06553722813761365,0.06948505036626651,-0.024247468597395905,-0.03429779372496744,0.01736830766904074,0.023156879853356238,0.011008080114106478,0.023875678966258862,-0.09315497891815055,-0.12765645175594525,0.11914122357908741,0.16091248159861138,0.0,0.0030646053646500304,-3.5766021608818477e-06,0.0034182369729141016,0.0026649700367031848,-0.021366512703826945,5.551115123125783e-17,-0.005535163004978028,5.0306980803327406e-17,-0.0014192961756265485,6.914579046740402,30.651668224675554,False,True,True,False
uplift_pred_ge_10_prob_ge_0.50_signal_ge_50_x12,pred_ge_10_prob_ge_0.50_signal_ge_50,1.2,612,0.015088757396449704,0.639064706080963,1.0851746289211317,0.322745421563168,0.6812697375029612,0.6090266651710528,0.28881827588441794,0.7148473414745244,0.6524430436550572,0.8078271076355344,1.278530778836621,0.15645560130135022,0.0145398666145235,1.1384830869835925,1,-0.019987461605828094,-0.04724348812705559,0.06532539367189916,0.06927321590055202,-0.023822240549863483,-0.03387256567743502,0.016673259851580524,0.022461832035896023,0.010884151364106587,0.02375175021625897,-0.09315497891815055,-0.12765645175594525,0.11914122357908741,0.16091248159861138,0.0,0.0030646053646500304,-1.0911018100245862e-05,0.0034109025569747375,0.0026649700367031848,-0.021366512703826945,5.551115123125783e-17,-0.005535163004978028,5.0306980803327406e-17,-0.0014192961756265485,6.883713253864515,30.651668224675554,False,True,True,False
uplift_pred_ge_8_prob_ge_0.70_signal_ge_80_x12,pred_ge_8_prob_ge_0.70_signal_ge_80,1.2,771,0.019008875739644972,0.6382180672719966,1.091235713731619,0.31583084546183327,0.6851144310454377,0.6168380646195292,0.28882238946040195,0.7106270395044693,0.6524430436550572,0.807789849883731,1.2816645173356929,0.15645560130135022,0.0145398666145235,1.149505440816643,2,-0.0208341004147945,-0.04809012693602199,0.07138647848238655,0.07533430071103941,-0.030736816651198207,-0.04078714177876974,0.020517953394057042,0.02630652557837254,0.018695550812583006,0.03156314966473539,-0.09315086534216654,-0.12765233817996124,0.11492092160903222,0.1566921796285562,0.0,0.0030646053646500304,-4.816876990365593e-05,0.0033736448051713275,0.005798708535775132,-0.018232774204754998,5.551115123125783e-17,-0.005535163004978028,5.0306980803327406e-17,-0.0014192961756265485,7.007074568229033,30.65068051144567,False,True,True,False
uplift_pred_ge_10_prob_ge_0.50_signal_ge_80_x12,pred_ge_10_prob_ge_0.50_signal_ge_80,1.2,585,0.014423076923076924,0.6399159380208611,1.0835927149858184,0.32489352188135046,0.6794910399868282,0.6075932385987184,0.28920019162649907,0.7148473414745244,0.6524430436550572,0.8078235987488396,1.2779030983002875,0.15645560130135022,0.0145398666145235,1.1366094098155148,1,-0.019136229665929982,-0.04639225618715748,0.0637434797365859,0.06769130196523876,-0.021674140231681016,-0.03172446535925255,0.014894562335447614,0.020683134519763113,0.009450724791772225,0.02231832364392461,-0.09277306317606943,-0.12727453601386413,0.11914122357908741,0.16091248159861138,0.0,0.0030646053646500304,-1.4419904795115457e-05,0.003407393670279868,0.0020372895003697433,-0.021994193240160387,5.551115123125783e-17,-0.005535163004978028,5.0306980803327406e-17,-0.0014192961756265485,6.759682687555976,30.559966203704203,False,True,True,False
uplift_pred_ge_10_prob_ge_0.70_signal_ge_20_x12,pred_ge_10_prob_ge_0.70_signal_ge_20,1.2,608,0.014990138067061143,0.6388181850596073,1.0847808902787406,0.3225219663688945,0.6819647853204214,0.6091505939210526,0.28940344202844054,0.7106270395044693,0.6524430436550572,0.8078290756483993,1.278530778836621,0.15645560130135022,0.0145398666145235,1.1375967864432792,1,-0.02023398262718379,-0.04749000914841128,0.06493165502950804,0.0688794772581609,-0.024045695744136952,-0.03409602087170849,0.01736830766904074,0.023156879853356238,0.011008080114106478,0.023875678966258862,-0.09256981277412796,-0.12707128561192266,0.11492092160903222,0.1566921796285562,0.0,0.0030646053646500304,-8.943005235351187e-06,0.0034128705698396322,0.0026649700367031848,-0.021366512703826945,5.551115123125783e-17,-0.005535163004978028,5.0306980803327406e-17,-0.0014192961756265485,6.9196331253502645,30.511163626152133,False,True,True,False
uplift_pred_ge_10_prob_ge_0.70_signal_ge_50_x12,pred_ge_10_prob_ge_0.70_signal_ge_50,1.2,604,0.014891518737672584,0.6390300195253218,1.084569055813026,0.322947194416427,0.6812697375029612,0.6090266651710528,0.28940344202844054,0.7106270395044693,0.6524430436550572,0.8078217307336277,1.278530778836621,0.15645560130135022,0.0145398666145235,1.1374100166671466,1,-0.0200221481614693,-0.047278174682696794,0.06471982056379355,0.06866764279244642,-0.023620467696604475,-0.03367079282417601,0.016673259851580524,0.022461832035896023,0.010884151364106587,0.02375175021625897,-0.09256981277412796,-0.12707128561192266,0.11492092160903222,0.1566921796285562,0.0,0.0030646053646500304,-1.628792000696322e-05,0.00340552565506802,0.0026649700367031848,-0.021366512703826945,5.551115123125783e-17,-0.005535163004978028,5.0306980803327406e-17,-0.0014192961756265485,6.888767332474378,30.511163626152133,False,True,True,False
uplift_pred_ge_10_prob_ge_0.70_signal_ge_80_x12,pred_ge_10_prob_ge_0.70_signal_ge_80,1.2,578,0.014250493096646943,0.6398101011090498,1.083058292233883,0.32509529473460935,0.6791339015124571,0.6075932385987184,0.28954663715745255,0.7106270395044693,0.6524430436550572,0.8078195509490919,1.2779030983002875,0.15645560130135022,0.0145398666145235,1.135536339499069,1,-0.0192420665777413,-0.046498093098968796,0.0632090569846504,0.06715687921330327,-0.02147236737842212,-0.031522692505993655,0.014537423861076482,0.02032599604539198,0.009450724791772225,0.02231832364392461,-0.09242661764511595,-0.12692809048291065,0.11492092160903222,0.1566921796285562,0.0,0.0030646053646500304,-1.8467704542834973e-05,0.0034033458705321484,0.0020372895003697433,-0.021994193240160387,5.551115123125783e-17,-0.005535163004978028,5.0306980803327406e-17,-0.0014192961756265485,6.7751038806445205,30.47678095668661,False,True,True,False
uplift_pred_ge_12_prob_ge_0.50_signal_ge_20_x12,pred_ge_12_prob_ge_0.50_signal_ge_20,1.2,461,0.011365877712031559,0.6407822734544625,1.077443900478741,0.33042719802652204,0.6742501217760587,0.6040109556531176,0.29177218554210094,0.7148473414745244,0.6524430436550572,0.8078380076548581,1.276768032814512,0.15645560130135022,0.0145398666145235,1.1254494911426245,1,-0.01826989423232861,-0.045525920753556104,0.05759466522950851,0.06154248745816138,-0.016140464086509432,-0.026190789214080967,0.009653644124678062,0.015442216308993562,0.005868441846171413,0.018736040698323797,-0.09020106926046756,-0.12470254209826226,0.11914122357908741,0.16091248159861138,0.0,0.0030646053646500304,-1.0998776556192524e-08,0.003421802576298427,0.0009022240145941662,-0.023129258725935964,5.551115123125783e-17,-0.005535163004978028,5.0306980803327406e-17,-0.0014192961756265485,6.633451434466961,29.942403181291272,False,True,True,False
uplift_pred_ge_12_prob_ge_0.50_signal_ge_50_x12,pred_ge_12_prob_ge_0.50_signal_ge_50,1.2,460,0.011341222879684419,0.6408443661870871,1.0773818077461164,0.33057875392006475,0.6742501217760587,0.6040109556531176,0.29177218554210094,0.7148473414745244,0.6524430436550572,0.8078378663921546,1.276768032814512,0.15645560130135022,0.0145398666145235,1.1254494911426245,1,-0.018207801499704024,-0.04546382802093152,0.057532572496883816,0.06148039472553668,-0.015988908192966722,-0.026039233320538258,0.009653644124678062,0.015442216308993562,0.005868441846171413,0.018736040698323797,-0.09020106926046756,-0.12470254209826226,0.11914122357908741,0.16091248159861138,0.0,0.0030646053646500304,-1.5226148009084284e-07,0.0034216613135948926,0.0009022240145941662,-0.023129258725935964,5.551115123125783e-17,-0.005535163004978028,5.0306980803327406e-17,-0.0014192961756265485,6.624404080355702,29.942403181291272,False,True,True,False
uplift_pred_ge_12_prob_ge_0.50_signal_ge_80_x12,pred_ge_12_prob_ge_0.50_signal_ge_80,1.2,448,0.011045364891518738,0.6412370360890396,1.0765915608376329,0.33157293017271955,0.6735751632361284,0.6031004345376489,0.29201090615517,0.7148473414745244,0.6524430436550572,0.8078346279090773,1.2764345164967448,0.15645560130135022,0.0145398666145235,1.124708986657368,1,-0.0178151315977515,-0.04507115811897899,0.05674232558840031,0.060690147817053175,-0.014994731940311923,-0.02504505706788346,0.008978685584747792,0.014767257769063291,0.004957920730702781,0.017825519582855165,-0.0899623486473985,-0.1244638214851932,0.11914122357908741,0.16091248159861138,0.0,0.0030646053646500304,-3.390744557352221e-06,0.003418422830517631,0.0005687076968270421,-0.023462775043703088,5.551115123125783e-17,-0.005535163004978028,5.0306980803327406e-17,-0.0014192961756265485,6.567189274344876,29.88508382978545,False,True,True,False
uplift_pred_ge_12_prob_ge_0.70_signal_ge_20_x12,pred_ge_12_prob_ge_0.70_signal_ge_20,1.2,455,0.011217948717948718,0.6408498175526114,1.0769405580244256,0.330628970879781,0.6742225502504299,0.6040109556531176,0.2923573516861235,0.7106270395044693,0.6524430436550572,0.8078356161708721,1.276768032814512,0.15645560130135022,0.0145398666145235,1.1245778944302913,1,-0.0182023501341797,-0.045458376655407196,0.05709132277519302,0.061039145003845885,-0.01593869123325048,-0.025989016360822015,0.00962607259904924,0.01541464478336474,0.005868441846171413,0.018736040698323797,-0.08961590311644502,-0.12411737595423972,0.11492092160903222,0.1566921796285562,0.0,0.0030646053646500304,-2.4024827626201173e-06,0.0034194110923123633,0.0009022240145941662,-0.023129258725935964,5.551115123125783e-17,-0.005535163004978028,5.0306980803327406e-17,-0.0014192961756265485,6.623609777508915,29.801898582767862,False,True,True,False
uplift_pred_ge_12_prob_ge_0.70_signal_ge_50_x12,pred_ge_12_prob_ge_0.70_signal_ge_50,1.2,454,0.011193293885601578,0.640911910285236,1.076878465291801,0.3307805267733237,0.6742225502504299,0.6040109556531176,0.2923573516861235,0.7106270395044693,0.6524430436550572,0.8078354749081685,1.276768032814512,0.15645560130135022,0.0145398666145235,1.1245778944302913,1,-0.018140257401555115,-0.04539628392278261,0.057029230042568546,0.06097705227122141,-0.01578713533970777,-0.025837460467279305,0.00962607259904924,0.01541464478336474,0.005868441846171413,0.018736040698323797,-0.08961590311644502,-0.12411737595423972,0.11492092160903222,0.1566921796285562,0.0,0.0030646053646500304,-2.5437454661547676e-06,0.0034192698296088286,0.0009022240145941662,-0.023129258725935964,5.551115123125783e-17,-0.005535163004978028,5.0306980803327406e-17,-0.0014192961756265485,6.614562423397656,29.801898582767862,False,True,True,False
uplift_pred_ge_12_prob_ge_0.70_signal_ge_80_x12,pred_ge_12_prob_ge_0.70_signal_ge_80,1.2,443,0.010922090729783037,0.6412334298310184,1.0761593687394875,0.3317747030259785,0.6734442482361283,0.6031004345376489,0.2923573516861235,0.7106270395044693,0.6524430436550572,0.80783356552725,1.2764345164967448,0.15645560130135022,0.0145398666145235,1.123837389945035,1,-0.017818737855772704,-0.0450747643770002,0.05631013349025493,0.060257955718907796,-0.01479295908705297,-0.024843284214624506,0.008847770584747616,0.014636342769063115,0.004957920730702781,0.017825519582855165,-0.08961590311644502,-0.12411737595423972,0.11492092160903222,0.1566921796285562,0.0,0.0030646053646500304,-4.453126384640349e-06,0.003417360448690343,0.0005687076968270421,-0.023462775043703088,5.551115123125783e-17,-0.005535163004978028,5.0306980803327406e-17,-0.0014192961756265485,6.567714731865511,29.801898582767862,False,True,True,False
uplift_pred_ge_8_prob_ge_0.85_signal_ge_20_x12,pred_ge_8_prob_ge_0.85_signal_ge_20,1.2,791,0.01950197238658777,0.6391023949393045,1.0912332241745983,0.3134633999418786,0.6898284906587822,0.6205325871940139,0.2937878158913195,0.7095575300689855,0.6524430436550572,0.8077353749886497,1.283026758204823,0.15645560130135022,0.0145398666145235,1.1529484521408369,1,-0.01994977274748655,-0.047205799268714044,0.0713839889253658,0.07533181115401866,-0.033104262171152865,-0.0431545872987244,0.02523201300740152,0.03102058519171702,0.022390073387067777,0.03525767223922016,-0.08818543891124897,-0.12268691174904367,0.11385141217354844,0.1556226701930724,0.0,0.0030646053646500304,-0.00010264366498502486,0.0033191699100899585,0.0071609494049051925,-0.016870533335624938,5.551115123125783e-17,-0.005535163004978028,5.0306980803327406e-17,-0.0014192961756265485,6.878221718332867,29.458428952977677,False,True,True,False
uplift_pred_ge_8_prob_ge_0.85_signal_ge_50_x12,pred_ge_8_prob_ge_0.85_signal_ge_50,1.2,776,0.01913214990138067,0.6391394097945485,1.0905957517058718,0.3141257876731748,0.6884069601440763,0.6174481353183155,0.2937878158913195,0.7095575300689855,0.6524430436550571,0.8077109839473364,1.283026758204823,0.15645560130135022,0.0145398666145235,1.1511801915512088,1,-0.01991275789224256,-0.047168784413470055,0.07074651645663921,0.07469433868529207,-0.03244187443985669,-0.042492199567428224,0.023810482492695684,0.029599054677011183,0.019305621511369386,0.03217322036352177,-0.08818543891124897,-0.12268691174904367,0.11385141217354844,0.1556226701930724,-1.1102230246251565e-16,0.0030646053646499194,-0.00012703470629826796,0.0032947788687767154,0.0071609494049051925,-0.016870533335624938,5.551115123125783e-17,-0.005535163004978028,5.0306980803327406e-17,-0.0014192961756265485,6.872828389860852,29.458428952977677,False,True,True,False
uplift_pred_ge_8_prob_ge_0.85_signal_ge_80_x12,pred_ge_8_prob_ge_0.85_signal_ge_80,1.2,718,0.01770216962524655,0.6406760204856824,1.0877579601849816,0.318141812345494,0.683495371759502,0.6112711565779962,0.2943095338365436,0.7095575300689855,0.6524430436550572,0.807716001575042,1.2814454928858807,0.15645560130135022,0.0145398666145235,1.1464550453270823,1,-0.018376147201108695,-0.04563217372233619,0.06790872493574907,0.07185654716440193,-0.02842584976753748,-0.03847617489510902,0.0188988941081214,0.0246874662924369,0.01312864277105008,0.025996241623202465,-0.08766372096602487,-0.12216519380381957,0.11385141217354844,0.1556226701930724,0.0,0.0030646053646500304,-0.00012201707859271771,0.0032997964964822657,0.005579684085962988,-0.018451798654567142,5.551115123125783e-17,-0.005535163004978028,5.0306980803327406e-17,-0.0014192961756265485,6.648933250023993,29.33315894003355,False,True,True,False
uplift_pred_ge_10_prob_ge_0.85_signal_ge_20_x12,pred_ge_10_prob_ge_0.85_signal_ge_20,1.2,568,0.014003944773175542,0.6411587076168379,1.0818207164040232,0.32436489770311827,0.6806126333895333,0.6078017487439269,0.2945831094991497,0.7095575300689855,0.6524430436550572,0.807765621263361,1.278530778836621,0.15645560130135022,0.0145398666145235,1.135472483185733,1,-0.017893460069953182,-0.045149486591180676,0.061971481154790675,0.06591930338344354,-0.0222027644099132,-0.032253089537484736,0.016016155738152626,0.021804727922468126,0.009659234936980732,0.022526833789133116,-0.08739014530341882,-0.12189161814121352,0.11385141217354844,0.1556226701930724,0.0,0.0030646053646500304,-7.239739027364855e-05,0.003349416184801335,0.0026649700367031848,-0.021366512703826945,5.551115123125783e-17,-0.005535163004978028,5.0306980803327406e-17,-0.0014192961756265485,6.57860229153784,29.267470521397428,False,True,True,False
uplift_pred_ge_10_prob_ge_0.85_signal_ge_50_x12,pred_ge_10_prob_ge_0.85_signal_ge_50,1.2,566,0.013954635108481262,0.6412674927934958,1.0817119312273655,0.3246028650370299,0.6803352115357143,0.6078017487439269,0.2945831094991497,0.7095575300689855,0.652443043655057,0.8077635668494388,1.278530778836621,0.15645560130135022,0.0145398666145235,1.1352857134096002,1,-0.01778467489329527,-0.045040701414522766,0.06186269597813299,0.06581051820678585,-0.021964797076001574,-0.03201512220357311,0.015738733884333667,0.021527306068649166,0.009659234936980732,0.022526833789133116,-0.08739014530341882,-0.12189161814121352,0.11385141217354844,0.1556226701930724,-2.220446049250313e-16,0.0030646053646498084,-7.445180419585196e-05,0.0033473617708791314,0.0026649700367031848,-0.021366512703826945,5.551115123125783e-17,-0.005535163004978028,5.0306980803327406e-17,-0.0014192961756265485,6.562751515228306,29.267470521397428,False,True,True,False
uplift_pred_ge_10_prob_ge_0.85_signal_ge_80_x12,pred_ge_10_prob_ge_0.85_signal_ge_80,1.2,542,0.013362919132149901,0.6419356275452051,1.0803131144802411,0.32654753606575965,0.6783360143039917,0.6063683221715925,0.2947263046281617,0.7095575300689855,0.652443043655057,0.8077680645373655,1.2779030983002875,0.15645560130135022,0.0145398666145235,1.1334120362415228,1,-0.017116540141586034,-0.04437256666281353,0.0604638792310086,0.06441170145966146,-0.020020126047271825,-0.03007045117484336,0.013739536652611073,0.019528108836926572,0.00822580836464637,0.021093407216798754,-0.08724695017440681,-0.12174842301220151,0.11385141217354844,0.1556226701930724,-2.220446049250313e-16,0.0030646053646498084,-6.995411626919967e-05,0.0033518594588057837,0.0020372895003697433,-0.021994193240160387,5.551115123125783e-17,-0.005535163004978028,5.0306980803327406e-17,-0.0014192961756265485,6.46539951544922,29.233087851931906,False,True,True,False
uplift_pred_ge_8_prob_ge_0.50_signal_ge_120_x12,pred_ge_8_prob_ge_0.50_signal_ge_120,1.2,660,0.016272189349112426,0.6418639035926947,1.085063639557369,0.321620765766133,0.6813643483851968,0.607970377673802,0.294906535934793,0.7120118144831287,0.6524430436550572,0.8077114933266694,1.2798009230721608,0.15645560130135022,0.0145398666145235,1.1401351230745,2,-0.01718826409409635,-0.044444290615323845,0.06521440430813641,0.06916222653678927,-0.02494689634689845,-0.034997221474469986,0.016767870733816137,0.022556442918131636,0.009827863866855857,0.02269546271900824,-0.0870667188677755,-0.1215681917055702,0.11630569658769163,0.1580769546072156,0.0,0.0030646053646500304,-0.00012652532696533214,0.0032952882481096513,0.003935114272243023,-0.020096368468287107,5.551115123125783e-17,-0.005535163004978028,5.0306980803327406e-17,-0.0014192961756265485,6.4758502070066895,29.189812403346483,False,True,True,False
uplift_pred_ge_8_prob_ge_0.70_signal_ge_120_x12,pred_ge_8_prob_ge_0.70_signal_ge_120,1.2,647,0.015951676528599606,0.64183467500322,1.0843381866398998,0.3220669670467583,0.6813643483851968,0.607210835173802,0.2952529814657464,0.7077915125130736,0.6524430436550572,0.8076960883759985,1.2798009230721608,0.15645560130135022,0.0145398666145235,1.138475988206974,2,-0.01721749268357109,-0.044473519204798584,0.06448895139066724,0.0684367736193201,-0.02450069506627317,-0.034551020193844706,0.016767870733816137,0.022556442918131636,0.00906832136685587,0.021935920219008254,-0.08672027333682208,-0.12122174617461678,0.11208539461763656,0.15385665263716053,0.0,0.0030646053646500304,-0.00014193027763620414,0.0032798832974387793,0.003935114272243023,-0.020096368468287107,5.551115123125783e-17,-0.005535163004978028,5.0306980803327406e-17,-0.0014192961756265485,6.480109021009117,29.1066271563289,False,True,True,False
uplift_pred_ge_10_prob_ge_0.50_signal_ge_120_x12,pred_ge_10_prob_ge_0.50_signal_ge_120,1.2,508,0.01252465483234714,0.6426151805045602,1.0786642720435609,0.32836539671272036,0.6760870243829906,0.6038312349845326,0.29549307952110726,0.7120118144831287,0.6524430436550572,0.8078124044373218,1.2769971932009854,0.15645560130135022,0.0145398666145235,1.1293760730302675,1,-0.016436987182230856,-0.04369301370345835,0.05881503679432831,0.06276285902298118,-0.018202265400311113,-0.02825259052788265,0.011490546731609985,0.017279118915925484,0.005688721177586453,0.018556320029738838,-0.08648017528146124,-0.12098164811925594,0.11630569658769163,0.1580769546072156,0.0,0.0030646053646500304,-2.5614216312863647e-05,0.0033961993587621198,0.0011313844010676366,-0.022900098339462494,5.551115123125783e-17,-0.005535163004978028,5.0306980803327406e-17,-0.0014192961756265485,6.366383801358939,29.048977066317157,False,True,True,False
uplift_pred_ge_10_prob_ge_0.70_signal_ge_120_x12,pred_ge_10_prob_ge_0.70_signal_ge_120,1.2,503,0.01240138067061144,0.6425057771501625,1.0782371402397355,0.32846644478523607,0.6760281545356362,0.6038312349845326,0.2958395250520607,0.7077915125130736,0.6524430436550572,0.8078102844231391,1.2769971932009854,0.15645560130135022,0.0145398666145235,1.128303002713822,1,-0.01654639053662854,-0.043802417057856036,0.05838790499050295,0.06233572721915581,-0.018101217327795405,-0.02815154245536694,0.011431676884255615,0.017220249068571114,0.005688721177586453,0.018556320029738838,-0.08613372975050781,-0.12063520258830251,0.11208539461763656,0.15385665263716053,0.0,0.0030646053646500304,-2.7734230495624068e-05,0.0033940793445793593,0.0011313844010676366,-0.022900098339462494,5.551115123125783e-17,-0.005535163004978028,5.0306980803327406e-17,-0.0014192961756265485,6.382324650575222,28.965791819299575,False,True,True,False
uplift_pred_ge_12_prob_ge_0.85_signal_ge_20_x12,pred_ge_12_prob_ge_0.85_signal_ge_20,1.2,427,0.010527613412228796,0.6427863786462565,1.0745957144408504,0.3317265483019475,0.6735322889677336,0.6030992970304183,0.2971600958267979,0.7095575300689855,0.6524430436550572,0.8078205514924691,1.276768032814512,0.15645560130135022,0.0145398666145235,1.1226578172541526,1,-0.01626578904053455,-0.043521815561762045,0.0547464791916179,0.05869430142027077,-0.014841113811083995,-0.02489143893865553,0.008935811316353015,0.014724383500668514,0.00495678322347215,0.017824382075624534,-0.08481315897577058,-0.11931463181356528,0.11385141217354844,0.1556226701930724,0.0,0.0030646053646500304,-1.746716116557412e-05,0.0034043464139094093,0.0009022240145941662,-0.023129258725935964,5.551115123125783e-17,-0.005535163004978028,5.0306980803327406e-17,-0.0014192961756265485,6.341439010790927,28.648708767893496,False,True,True,False
uplift_pred_ge_12_prob_ge_0.85_signal_ge_50_x12,pred_ge_12_prob_ge_0.85_signal_ge_50,1.2,426,0.010502958579881656,0.6428484713788811,1.074533621708226,0.33187810419549024,0.6735322889677336,0.6030992970304183,0.2971600958267979,0.7095575300689855,0.6524430436550572,0.8078204580277062,1.276768032814512,0.15645560130135022,0.0145398666145235,1.1226578172541526,1,-0.016203696307909965,-0.04345972282913746,0.05468438645899343,0.05863220868764629,-0.01468955791754123,-0.024739883045112765,0.008935811316353015,0.014724383500668514,0.00495678322347215,0.017824382075624534,-0.08481315897577058,-0.11931463181356528,0.11385141217354844,0.1556226701930724,0.0,0.0030646053646500304,-1.756062592850327e-05,0.00340425294914648,0.0009022240145941662,-0.023129258725935964,5.551115123125783e-17,-0.005535163004978028,5.0306980803327406e-17,-0.0014192961756265485,6.332391656679667,28.648708767893496,False,True,True,False
uplift_pred_ge_12_prob_ge_0.85_signal_ge_80_x12,pred_ge_12_prob_ge_0.85_signal_ge_80,1.2,417,0.010281065088757396,0.6430580440926448,1.0739264719879311,0.3326688511586924,0.6721376129055436,0.6021887759149496,0.2971600958267979,0.7095575300689855,0.6524430436550572,0.8078195566131159,1.2764345164967448,0.15645560130135022,0.0145398666145235,1.1219173127688962,1,-0.015994123594146314,-0.04325015011537381,0.054077236738698575,0.05802505896735144,-0.013898810954339091,-0.023949136081910627,0.007541135254163001,0.0133297074384785,0.004046262108003407,0.01691386096015579,-0.08481315897577058,-0.11931463181356528,0.11385141217354844,0.1556226701930724,0.0,0.0030646053646500304,-1.84620405188074e-05,0.003403351534556176,0.0005687076968270421,-0.023462775043703088,5.551115123125783e-17,-0.005535163004978028,5.0306980803327406e-17,-0.0014192961756265485,6.301855417198294,28.648708767893496,False,True,True,False
uplift_pred_ge_15_prob_ge_0.50_signal_ge_20_x12,pred_ge_15_prob_ge_0.50_signal_ge_20,1.2,320,0.007889546351084813,0.6447243966505232,1.0683479681490142,0.3400486559522594,0.6658390345753109,0.5984138300812903,0.29743338367806904,0.7116509256008167,0.6524430436550572,0.8078380076548581,1.2764345164967448,0.15645560130135022,0.0145398666145235,1.1140020220122886,1,-0.014327771036267922,-0.04158379755749542,0.04849873289978168,0.05244655512843455,-0.006519006160772056,-0.01656933128834359,0.0012425569239302714,0.0070311291082457705,0.00027131627434417993,0.013138915126496564,-0.08453987112449945,-0.11904134396229415,0.11594480770537963,0.1577160657249036,0.0,0.0030646053646500304,-1.0998776556192524e-08,0.003421802576298427,0.0005687076968270421,-0.023462775043703088,5.551115123125783e-17,-0.005535163004978028,5.0306980803327406e-17,-0.0014192961756265485,6.059055961801827,28.583089455811944,False,True,True,False
uplift_pred_ge_15_prob_ge_0.50_signal_ge_80_x12,pred_ge_15_prob_ge_0.50_signal_ge_80,1.2,317,0.007815581854043392,0.6448827503125099,1.068110760687063,0.3402809983281177,0.665670120614272,0.5984138300812903,0.29767210429113816,0.7116509256008167,0.6524430436550572,0.807837151110485,1.2764345164967448,0.15645560130135022,0.0145398666145235,1.1137353395559186,1,-0.014169417374281235,-0.04142544389550873,0.048261525437830466,0.05220934766648333,-0.006286663784913771,-0.016336988912485306,0.0010736429628913635,0.006862215147206863,0.00027131627434417993,0.013138915126496564,-0.08430115051143033,-0.11880262334922503,0.11594480770537963,0.1577160657249036,0.0,0.0030646053646500304,-8.675431496518726e-07,0.0034209460319253315,0.0005687076968270421,-0.023462775043703088,5.551115123125783e-17,-0.005535163004978028,5.0306980803327406e-17,-0.0014192961756265485,6.0359827035596725,28.525770104306115,False,True,True,False
uplift_pred_ge_12_prob_ge_0.50_signal_ge_120_x12,pred_ge_12_prob_ge_0.50_signal_ge_120,1.2,404,0.009960552268244575,0.6433385025981766,1.073355577197922,0.3330779003972287,0.672016153312625,0.6018466864630534,0.2976772822053717,0.7120118144831287,0.6524430436550572,0.8078196584482293,1.2764345164967448,0.15645560130135022,0.0145398666145235,1.1201935885069931,1,-0.015713665088614492,-0.04296969160984199,0.05350634194868942,0.05745416417734228,-0.013489761715802795,-0.02354008684337433,0.0074196756612443515,0.01320824784555985,0.0037041726561072297,0.016571771508259614,-0.08429597259719679,-0.11879744543499149,0.11630569658769163,0.1580769546072156,0.0,0.0030646053646500304,-1.8360205405354435e-05,0.003403453369669629,0.0005687076968270421,-0.023462775043703088,5.551115123125783e-17,-0.005535163004978028,5.0306980803327406e-17,-0.0014192961756265485,6.260990612158998,28.5245268321722,False,True,True,False
uplift_pred_ge_15_prob_ge_0.70_signal_ge_20_x12,pred_ge_15_prob_ge_0.70_signal_ge_20,1.2,316,0.007790927021696253,0.6446809054509993,1.0679556609923715,0.3400486559522594,0.6658390345753109,0.5984138300812903,0.29801854982209164,0.7074306236307615,0.6524430436550572,0.807837130252455,1.2764345164967448,0.15645560130135022,0.0145398666145235,1.1131304252999554,1,-0.01437126223579177,-0.041627288757019265,0.04810642574313895,0.05205424797179181,-0.006519006160772056,-0.01656933128834359,0.0012425569239302714,0.0070311291082457705,0.00027131627434417993,0.013138915126496564,-0.08395470498047686,-0.11845617781827156,0.11172450573532444,0.1534957637548484,0.0,0.0030646053646500304,-8.884011797327673e-07,0.0034209251738952506,0.0005687076968270421,-0.023462775043703088,5.551115123125783e-17,-0.005535163004978028,5.0306980803327406e-17,-0.0014192961756265485,6.065392939837481,28.442584857288523,False,True,True,False
uplift_pred_ge_15_prob_ge_0.70_signal_ge_80_x12,pred_ge_15_prob_ge_0.70_signal_ge_80,1.2,314,0.007741617357001972,0.644768108756816,1.0677896038865904,0.3402809983281177,0.665670120614272,0.5984138300812903,0.29801854982209164,0.7074306236307615,0.6524430436550572,0.8078364771854484,1.2764345164967448,0.15645560130135022,0.0145398666145235,1.1128637428435857,1,-0.014284058929975085,-0.04154008545120258,0.047940368637357844,0.05188819086601071,-0.006286663784913771,-0.016336988912485306,0.0010736429628913635,0.006862215147206863,0.00027131627434417993,0.013138915126496564,-0.08395470498047686,-0.11845617781827156,0.11172450573532444,0.1534957637548484,0.0,0.0030646053646500304,-1.5414681863168411e-06,0.0034202721068886666,0.0005687076968270421,-0.023462775043703088,5.551115123125783e-17,-0.005535163004978028,5.0306980803327406e-17,-0.0014192961756265485,6.05268679607399,28.442584857288523,False,True,True,False
uplift_pred_ge_12_prob_ge_0.70_signal_ge_120_x12,pred_ge_12_prob_ge_0.70_signal_ge_120,1.2,400,0.009861932938856016,0.6432794676448071,1.0729788137951248,0.3331789484697444,0.671885238312625,0.6018466864630534,0.2980237277363252,0.7077915125130736,0.6524430436550572,0.8078187635477725,1.2764345164967448,0.15645560130135022,0.0145398666145235,1.1193219917946597,1,-0.015772700041983945,-0.04302872656321144,0.053129578545892286,0.05707740077454515,-0.013388713643287087,-0.023439038770858622,0.007288760661244398,0.013077332845559897,0.0037041726561072297,0.016571771508259614,-0.08394952706624331,-0.11845099990403801,0.11208539461763656,0.15385665263716053,0.0,0.0030646053646500304,-1.9255105862203692e-05,0.0034025584692127797,0.0005687076968270421,-0.023462775043703088,5.551115123125783e-17,-0.005535163004978028,5.0306980803327406e-17,-0.0014192961756265485,6.26959242601867,28.441341585154607,False,True,True,False
uplift_pred_ge_8_prob_ge_0.85_signal_ge_120_x12,pred_ge_8_prob_ge_0.85_signal_ge_120,1.2,603,0.014866863905325444,0.644146301877775,1.081377814674833,0.324073862495574,0.6801232869083026,0.6046897942133019,0.3001771485935326,0.7069336871559306,0.6524430436550572,0.8076609221319622,1.2795818986223486,0.15645560130135022,0.0145398666145235,1.13586396055343,1,-0.014905865809016094,-0.04216189233024359,0.061528579425600416,0.06547640165425328,-0.022493799617457455,-0.03254412474502899,0.015526809256921958,0.021315381441237458,0.006547280406355771,0.019414879258508155,-0.08179610620903588,-0.11629757904683058,0.1112275692604936,0.15299882728001757,0.0,0.0030646053646500304,-0.0001770965216725262,0.003244717053402457,0.003716089822430879,-0.02031539291809925,5.551115123125783e-17,-0.005535163004978028,5.0306980803327406e-17,-0.0014192961756265485,6.143288494303539,27.924282394214462,False,True,True,False
uplift_pred_ge_10_prob_ge_0.85_signal_ge_120_x12,pred_ge_10_prob_ge_0.85_signal_ge_120,1.2,474,0.011686390532544378,0.6445786495358584,1.0759156717789924,0.32972285475445484,0.6754072545744417,0.6026829218163787,0.30059391938515073,0.7069336871559306,0.6524430436550572,0.807776879155935,1.2769971932009854,0.15645560130135022,0.0145398666145235,1.1266170672922917,1,-0.014473518150932674,-0.04172954467216017,0.056066436529759844,0.06001425875841271,-0.01684480735857663,-0.026895132486148166,0.010810776923061094,0.016599349107376593,0.004540408009432562,0.017408006861584946,-0.08137933541741776,-0.11588080825521246,0.1112275692604936,0.15299882728001757,0.0,0.0030646053646500304,-6.113949769970262e-05,0.003360674077375281,0.0011313844010676366,-0.022900098339462494,5.551115123125783e-17,-0.005535163004978028,5.0306980803327406e-17,-0.0014192961756265485,6.080292356164413,27.82421130611281,False,True,True,False
uplift_pred_ge_15_prob_ge_0.85_signal_ge_20_x12,pred_ge_15_prob_ge_0.85_signal_ge_20,1.2,308,0.007593688362919132,0.6456172852454024,1.0668736438376847,0.3400486559522594,0.6658390345753109,0.5984138300812903,0.30111067636183736,0.7074306236307615,0.6524430436550572,0.8078334297780188,1.2764345164967448,0.15645560130135022,0.0145398666145235,1.112838384223907,1,-0.013434882441388685,-0.04069090896261618,0.04702440858845214,0.050972230817105,-0.006519006160772056,-0.01656933128834359,0.0012425569239302714,0.0070311291082457705,0.00027131627434417993,0.013138915126496564,-0.08086257844073114,-0.11536405127852584,0.11172450573532444,0.1534957637548484,0.0,0.0030646053646500304,-4.58887561594068e-06,0.0034172246994590427,0.0005687076968270421,-0.023462775043703088,5.551115123125783e-17,-0.005535163004978028,5.0306980803327406e-17,-0.0014192961756265485,5.928955723685101,27.700132474339647,False,True,True,False
uplift_pred_ge_15_prob_ge_0.85_signal_ge_80_x12,pred_ge_15_prob_ge_0.85_signal_ge_80,1.2,306,0.007544378698224852,0.645704488551219,1.0667075867319034,0.3402809983281177,0.665670120614272,0.5984138300812903,0.30111067636183736,0.7074306236307615,0.6524430436550572,0.8078327856974243,1.2764345164967448,0.15645560130135022,0.0145398666145235,1.112571701767537,1,-0.01334767913557211,-0.040603705656799605,0.04685835148267081,0.05080617371132368,-0.006286663784913771,-0.016336988912485306,0.0010736429628913635,0.006862215147206863,0.00027131627434417993,0.013138915126496564,-0.08086257844073114,-0.11536405127852584,0.11172450573532444,0.1534957637548484,0.0,0.0030646053646500304,-5.2329562103548e-06,0.0034165806188646286,0.0005687076968270421,-0.023462775043703088,5.551115123125783e-17,-0.005535163004978028,5.0306980803327406e-17,-0.0014192961756265485,5.916249579921627,27.700132474339647,False,True,True,False
uplift_pred_ge_15_prob_ge_0.50_signal_ge_120_x12,pred_ge_15_prob_ge_0.50_signal_ge_120,1.2,297,0.007322485207100592,0.6461592907687437,1.0663503425203684,0.34082494977480315,0.6654383022219025,0.5984138300812903,0.3014404589255967,0.7083105542705814,0.6524430436550572,0.807829530072917,1.2764345164967448,0.15645560130135022,0.0145398666145235,1.111547979985023,1,-0.012892876918047413,-0.04014890343927491,0.04650110727113588,0.05044892949978874,-0.005742712338228317,-0.015793037465799853,0.000841824570521843,0.006630396754837342,0.00027131627434417993,0.013138915126496564,-0.08053279587697182,-0.11503426871476652,0.11260443637514439,0.15437569439466836,0.0,0.0030646053646500304,-8.488580717669336e-06,0.003413324994357314,0.0005687076968270421,-0.023462775043703088,5.551115123125783e-17,-0.005535163004978028,5.0306980803327406e-17,-0.0014192961756265485,5.849981652281695,27.620948182503312,False,True,True,False
uplift_pred_ge_15_prob_ge_0.70_signal_ge_120_x12,pred_ge_15_prob_ge_0.70_signal_ge_120,1.2,294,0.007248520710059172,0.6460446492130499,1.0660291857198956,0.34082494977480315,0.6654383022219025,0.5984138300812903,0.3017869044565501,0.7040902523005261,0.6524430436550572,0.8078288486487144,1.2764345164967448,0.15645560130135022,0.0145398666145235,1.1106763832726898,1,-0.013007518473741153,-0.04026354499496865,0.046179950470663034,0.0501277726993159,-0.005742712338228317,-0.015793037465799853,0.000841824570521843,0.006630396754837342,0.00027131627434417993,0.013138915126496564,-0.0801863503460184,-0.1146878231838131,0.1083841344050891,0.15015539242461307,0.0,0.0030646053646500304,-9.170004920289188e-06,0.0034126435701546942,0.0005687076968270421,-0.023462775043703088,5.551115123125783e-17,-0.005535163004978028,5.0306980803327406e-17,-0.0014192961756265485,5.866685744795996,27.53776293548573,False,True,True,False
uplift_pred_ge_12_prob_ge_0.85_signal_ge_120_x12,pred_ge_12_prob_ge_0.85_signal_ge_120,1.2,379,0.009344181459566074,0.6450550937117936,1.0710696716990085,0.33397141459223334,0.6713779826602895,0.6014302361735535,0.30240119873938054,0.7069336871559306,0.6524430436550572,0.8078058513988119,1.2764345164967448,0.15645560130135022,0.0145398666145235,1.1178402824545377,1,-0.013997073974997498,-0.04125310049622499,0.05122043644977592,0.05516825867842878,-0.012596247520798132,-0.022646572648369667,0.006781505008908839,0.012570077193224338,0.0032877223666073485,0.016155321218759733,-0.07957205606318796,-0.11407352890098266,0.1112275692604936,0.15299882728001757,0.0,0.0030646053646500304,-3.216725482280136e-05,0.003389646320252182,0.0005687076968270421,-0.023462775043703088,5.551115123125783e-17,-0.005535163004978028,5.0306980803327406e-17,-0.0014192961756265485,6.010871040790934,27.39026436184818,False,True,True,False
uplift_pred_ge_15_prob_ge_0.85_signal_ge_120_x12,pred_ge_15_prob_ge_0.85_signal_ge_120,1.2,287,0.007075936883629191,0.6470538476875949,1.0650199872453507,0.34082494977480315,0.6654383022219025,0.5984138300812903,0.3048790309962959,0.7040902523005261,0.6524430436550572,0.8078249365727518,1.2764345164967448,0.15645560130135022,0.0145398666145235,1.1103843421966413,1,-0.011998319999196205,-0.0392543465204237,0.0451707519961182,0.04911857422477106,-0.005742712338228317,-0.015793037465799853,0.000841824570521843,0.006630396754837342,0.00027131627434417993,0.013138915126496564,-0.07709422380627262,-0.11159569664406732,0.1083841344050891,0.15015539242461307,0.0,0.0030646053646500304,-1.3082080882909075e-05,0.0034087314941920743,0.0005687076968270421,-0.023462775043703088,5.551115123125783e-17,-0.005535163004978028,5.0306980803327406e-17,-0.0014192961756265485,5.7196383274604745,26.795310552536844,False,True,True,False
uplift_top_demand_score_q97_x115,top_demand_score_q97,1.15,1220,0.03007889546351085,0.6378597545717702,1.0862869068037293,0.3066200314498108,0.6994486941122217,0.6317525769752349,0.3086829277146373,0.6850620355797525,0.6524430436550572,0.8078448048073034,1.2844102528687118,0.15645560130135022,0.0145398666145235,1.1367652816866571,2,-0.021192413115020847,-0.04844843963624834,0.06643767155449676,0.07038549378314962,-0.03994763066322066,-0.04999795579079219,0.03485221646084102,0.04064078864515652,0.03361006316828874,0.046477662020441124,-0.0732903270879312,-0.1077917999257259,0.0893559176843155,0.13112717570383947,0.0,0.0030646053646500304,6.786153668669748e-06,0.003428599728743653,0.008544444068794066,-0.015487038671736064,5.551115123125783e-17,-0.005535163004978028,5.0306980803327406e-17,-0.0014192961756265485,7.0592832848450175,25.88195459936934,False,True,True,False
uplift_top_pred_qty_q97_x115,top_pred_qty_q97,1.15,1220,0.03007889546351085,0.6379033503777551,1.086302344962428,0.3066331683188698,0.6994486941122217,0.6320294012508031,0.3086829277146373,0.6850620355797525,0.6524430436550572,0.8078380186536347,1.2840995318370672,0.15645560130135022,0.0145398666145235,1.1367839183118111,2,-0.02114881730903595,-0.048404843830263444,0.06645310971319551,0.07040093194184838,-0.039934493794161696,-0.04998481892173323,0.03485221646084102,0.04064078864515652,0.03388688744385693,0.04675448629600931,-0.0732903270879312,-0.1077917999257259,0.0893559176843155,0.13112717570383947,0.0,0.0030646053646500304,0.0,0.0034218135750749834,0.00823372303714942,-0.01579775970338071,5.551115123125783e-17,-0.005535163004978028,5.0306980803327406e-17,-0.0014192961756265485,7.052931064901731,25.88195459936934,False,True,True,False
uplift_pred_ge_8_prob_ge_0.50_signal_ge_20_x115,pred_ge_8_prob_ge_0.50_signal_ge_20,1.15,873,0.021523668639053254,0.6397335565828556,1.0771174075734395,0.31789925970712746,0.6856447850635035,0.6176062689845104,0.30938112944283325,0.6850620355797525,0.6524430436550572,0.8078527542714389,1.2815886561858187,0.15645560130135022,0.0145398666145235,1.1385435236454828,1,-0.019318611103935512,-0.04657463762516301,0.057268172324207,0.061215994552859865,-0.028668402405904014,-0.03871872753347555,0.021048307412122824,0.026836879596438323,0.019463755177564268,0.03233135402971665,-0.07259212535973525,-0.10709359819752995,0.0893559176843155,0.13112717570383947,0.0,0.0030646053646500304,1.4735617804184642e-05,0.003436549192879168,0.005722847385901009,-0.01830863535462912,5.551115123125783e-17,-0.005535163004978028,5.0306980803327406e-17,-0.0014192961756265485,6.786256964177573,25.714308958023512,False,True,True,False
uplift_pred_ge_8_prob_ge_0.50_signal_ge_50_x115,pred_ge_8_prob_ge_0.50_signal_ge_50,1.15,855,0.021079881656804734,0.6398835133491179,1.0765312052086946,0.318606251494655,0.684547849385216,0.6131473071576734,0.30938112944283325,0.6850620355797525,0.6524430436550572,0.8078246381485669,1.2815886561858187,0.15645560130135022,0.0145398666145235,1.1372173282032616,1,-0.01916865433767323,-0.046424680858900724,0.056681969959462064,0.06062979218811493,-0.02796141061837648,-0.038011735745948017,0.01995137173383532,0.02573994391815082,0.015004793350727241,0.027872392202879626,-0.07259212535973525,-0.10709359819752995,0.0893559176843155,0.13112717570383947,0.0,0.0030646053646500304,-1.3380505067828175e-05,0.0034084330700071552,0.005722847385901009,-0.01830863535462912,5.551115123125783e-17,-0.005535163004978028,5.0306980803327406e-17,-0.0014192961756265485,6.764407193545689,25.714308958023512,False,True,True,False
uplift_pred_ge_8_prob_ge_0.50_signal_ge_80_x115,pred_ge_8_prob_ge_0.50_signal_ge_80,1.15,791,0.01950197238658777,0.6413146810780174,1.0741813720194293,0.32197898534436065,0.6809795649874852,0.6099963372954611,0.30995145836155313,0.6850620355797525,0.6524430436550572,0.8078134413502372,1.280402707196612,0.15645560130135022,0.0145398666145235,1.133563401142746,1,-0.017737486608773723,-0.04499351313000122,0.05433213677019677,0.058279958998849635,-0.024588676768670825,-0.03463900189624236,0.016383087336104607,0.022171659520420106,0.011853823488514936,0.02472142234066732,-0.07202179644101536,-0.10652326927881006,0.0893559176843155,0.13112717570383947,0.0,0.0030646053646500304,-2.4577303397443906e-05,0.0033972362716775395,0.0045368983966942444,-0.019494584343835886,5.551115123125783e-17,-0.005535163004978028,5.0306980803327406e-17,-0.0014192961756265485,6.555875845533585,25.577366934686058,False,True,True,False
uplift_pred_ge_8_prob_ge_0.70_signal_ge_20_x115,pred_ge_8_prob_ge_0.70_signal_ge_20,1.15,852,0.021005917159763313,0.6396916377255928,1.076271766897905,0.3183094542531539,0.6856447850635035,0.6176062689845104,0.30996357593229135,0.6810175795251163,0.6524430436550572,0.8078422686407187,1.2814007891909558,0.15645560130135022,0.0145398666145235,1.13694471670536,1,-0.019360529961198303,-0.0466165564824258,0.05642253164867239,0.060370353877325256,-0.028258207859877593,-0.03830853298744913,0.021048307412122824,0.026836879596438323,0.019463755177564268,0.03233135402971665,-0.07200967887027715,-0.10651115170807185,0.08531146162967929,0.12708271964920326,0.0,0.0030646053646500304,4.249987084037343e-06,0.0034260635621590207,0.005534980391038058,-0.018496502349492072,5.551115123125783e-17,-0.005535163004978028,5.0306980803327406e-17,-0.0014192961756265485,6.792364840728743,25.57445737741067,False,True,True,False
uplift_pred_ge_8_prob_ge_0.70_signal_ge_50_x115,pred_ge_8_prob_ge_0.70_signal_ge_50,1.15,834,0.020562130177514792,0.6398415944918551,1.0756855645331604,0.3190164460406814,0.684547849385216,0.6131473071576734,0.30996357593229135,0.6810175795251163,0.6524430436550572,0.8078140550215861,1.2814007891909558,0.15645560130135022,0.0145398666145235,1.1356185212631391,1,-0.01921057319493602,-0.046466599716163515,0.0558363292839279,0.05978415151258076,-0.02755121607235006,-0.037601541199921595,0.01995137173383532,0.02573994391815082,0.015004793350727241,0.027872392202879626,-0.07200967887027715,-0.10651115170807185,0.08531146162967929,0.12708271964920326,0.0,0.0030646053646500304,-2.3963632048595862e-05,0.0033978499430263875,0.005534980391038058,-0.018496502349492072,5.551115123125783e-17,-0.005535163004978028,5.0306980803327406e-17,-0.0014192961756265485,6.770515070096858,25.57445737741067,False,True,True,False
uplift_pred_ge_10_prob_ge_0.50_signal_ge_20_x115,pred_ge_10_prob_ge_0.50_signal_ge_20,1.15,616,0.015187376725838263,0.6418872582562323,1.069002156352443,0.3274557874948575,0.6790244198732638,0.6067751602429892,0.3103517792092214,0.6850620355797525,0.6524430436550572,0.8078344557999445,1.277864536327445,0.15645560130135022,0.0145398666145235,1.1238379061599348,1,-0.017164909430558817,-0.04442093595178631,0.049152921103210456,0.05310074333186332,-0.019111874618173985,-0.02916219974574552,0.01442794222188315,0.02021651440619865,0.008632646436043001,0.021500245288195385,-0.07162147559334708,-0.10612294843114178,0.0893559176843155,0.13112717570383947,0.0,0.0030646053646500304,-3.562853690186607e-06,0.003418250721384797,0.0019987275275272776,-0.022032755213002853,5.551115123125783e-17,-0.005535163004978028,5.0306980803327406e-17,-0.0014192961756265485,6.47244726591774,25.481245652624985,False,True,True,False
uplift_pred_ge_10_prob_ge_0.50_signal_ge_50_x115,pred_ge_10_prob_ge_0.50_signal_ge_50,1.15,612,0.015088757396449704,0.6420461341055183,1.068843280503157,0.32777470853050683,0.6782202729982639,0.6065485702429892,0.3103517792092214,0.6850620355797525,0.6524430436550572,0.8078282043216611,1.277864536327445,0.15645560130135022,0.0145398666145235,1.1236978288278352,1,-0.01700603358127284,-0.044262060102500334,0.04899404525392437,0.05294186748257723,-0.01879295358252464,-0.028843278710096176,0.013623795346883294,0.019412367531198793,0.008406056436043086,0.02127365528819547,-0.07162147559334708,-0.10612294843114178,0.0893559176843155,0.13112717570383947,0.0,0.0030646053646500304,-9.814331973556634e-06,0.0034119992431014268,0.0019987275275272776,-0.022032755213002853,5.551115123125783e-17,-0.005535163004978028,5.0306980803327406e-17,-0.0014192961756265485,6.449297921260808,25.481245652624985,False,True,True,False
uplift_pred_ge_8_prob_ge_0.70_signal_ge_80_x115,pred_ge_8_prob_ge_0.70_signal_ge_80,1.15,771,0.019008875739644972,0.6412193994536269,1.0733890941110222,0.32238917989038707,0.6809795649874852,0.6099963372954611,0.3103548643912094,0.6810175795251163,0.6524430436550572,0.8078015399916892,1.280214840201749,0.15645560130135022,0.0145398666145235,1.131964594202623,1,-0.017832768233164153,-0.04508879475439165,0.05353985886178969,0.057487681090442555,-0.024178482222644404,-0.03422880735021594,0.016383087336104607,0.022171659520420106,0.011853823488514936,0.02472142234066732,-0.07161839041135909,-0.10611986324915379,0.08531146162967929,0.12708271964920326,0.0,0.0030646053646500304,-3.647866194544935e-05,0.003385334913129534,0.004349031401831294,-0.019682451338698836,5.551115123125783e-17,-0.005535163004978028,5.0306980803327406e-17,-0.0014192961756265485,6.569759057943774,25.480504867702575,False,True,True,False
uplift_pred_ge_10_prob_ge_0.50_signal_ge_80_x115,pred_ge_10_prob_ge_0.50_signal_ge_80,1.15,585,0.014423076923076924,0.6427375024617985,1.067656845051672,0.3294346826557535,0.6754535056675721,0.6055395175229791,0.31063821601578223,0.6850620355797525,0.6524430436550572,0.807824348602018,1.277393775925195,0.15645560130135022,0.0145398666145235,1.1222925709517773,1,-0.016314665224992586,-0.04357069174622008,0.047807609802439366,0.05175543203109223,-0.017132979457277986,-0.02718330458484952,0.010857028016191483,0.016645600200506983,0.007397003716032913,0.020264602568185297,-0.07133503878678626,-0.10583651162458096,0.0893559176843155,0.13112717570383947,0.0,0.0030646053646500304,-1.367005161667656e-05,0.003408143523458307,0.001527967125277252,-0.022503515615252878,5.551115123125783e-17,-0.005535163004978028,5.0306980803327406e-17,-0.0014192961756265485,6.3485606195478255,25.412469136896476,False,True,True,False
uplift_pred_ge_10_prob_ge_0.70_signal_ge_20_x115,pred_ge_10_prob_ge_0.70_signal_ge_20,1.15,608,0.014990138067061143,0.6418612433395013,1.0685479765213635,0.32760711713480173,0.6790244198732638,0.6067751602429892,0.3107906538172383,0.6810175795251163,0.6524430436550572,0.8078312849026555,1.277864536327445,0.15645560130135022,0.0145398666145235,1.1230331034226002,1,-0.01719092434728975,-0.04444695086851724,0.04869874127213092,0.05264656350078378,-0.018960544978229743,-0.02901087010580128,0.01442794222188315,0.02021651440619865,0.008632646436043001,0.021500245288195385,-0.07118260098533019,-0.10568407382312489,0.08531146162967929,0.12708271964920326,0.0,0.0030646053646500304,-6.733750979148745e-06,0.0034150798240958347,0.0019987275275272776,-0.022032755213002853,5.551115123125783e-17,-0.005535163004978028,5.0306980803327406e-17,-0.0014192961756265485,6.476237824875142,25.375867203732433,False,True,True,False
uplift_pred_ge_10_prob_ge_0.70_signal_ge_50_x115,pred_ge_10_prob_ge_0.70_signal_ge_50,1.15,604,0.014891518737672584,0.6420201191887872,1.0683891006720778,0.327926038170451,0.6782202729982639,0.6065485702429892,0.3107906538172383,0.6810175795251163,0.6524430436550572,0.8078250229255399,1.277864536327445,0.15645560130135022,0.0145398666145235,1.1228930260905008,1,-0.017032048498003882,-0.04428807501923138,0.048539865422845274,0.05248768765149814,-0.018641623942580454,-0.02869194907015199,0.013623795346883294,0.019412367531198793,0.008406056436043086,0.02127365528819547,-0.07118260098533019,-0.10568407382312489,0.08531146162967929,0.12708271964920326,0.0,0.0030646053646500304,-1.299572809476679e-05,0.0034088178469802166,0.0019987275275272776,-0.022032755213002853,5.551115123125783e-17,-0.005535163004978028,5.0306980803327406e-17,-0.0014192961756265485,6.453088480218226,25.375867203732433,False,True,True,False
uplift_pred_ge_10_prob_ge_0.70_signal_ge_80_x115,pred_ge_10_prob_ge_0.70_signal_ge_80,1.15,578,0.014250493096646943,0.6426581247779399,1.0672560279877203,0.32958601229569773,0.6754535056675721,0.6055395175229791,0.31089805016399735,0.6810175795251163,0.6524430436550572,0.8078222000910051,1.277393775925195,0.15645560130135022,0.0145398666145235,1.1214877682144428,1,-0.01639404290885116,-0.04365006943007865,0.0474067927384878,0.051354614967140666,-0.016981649817333744,-0.02703197494490528,0.010857028016191483,0.016645600200506983,0.007397003716032913,0.020264602568185297,-0.07107520463857114,-0.10557667747636584,0.08531146162967929,0.12708271964920326,0.0,0.0030646053646500304,-1.5818562629554833e-05,0.0034059950124454286,0.001527967125277252,-0.022503515615252878,5.551115123125783e-17,-0.005535163004978028,5.0306980803327406e-17,-0.0014192961756265485,6.3601265143642465,25.35008020163328,False,True,True,False
uplift_pred_ge_12_prob_ge_0.50_signal_ge_20_x115,pred_ge_12_prob_ge_0.50_signal_ge_20,1.15,461,0.011365877712031559,0.64350348558273,1.0630452341713639,0.3337016304623223,0.671739156057855,0.6037253942522945,0.3125672114524836,0.6850620355797525,0.6524430436550572,0.8078380214033288,1.276542476810863,0.15645560130135022,0.0145398666145235,1.1139226319471094,1,-0.015548682104061129,-0.04280470862528862,0.04319599892213133,0.04714382115078419,-0.012866031650709153,-0.02291635677828069,0.007142678406474312,0.012931250590789811,0.005582880445348382,0.018450479297500766,-0.06940604335008488,-0.10390751618787958,0.0893559176843155,0.13112717570383947,0.0,0.0030646053646500304,2.749694139048131e-09,0.0034218163247691225,0.0006766680109453471,-0.023354814729584783,5.551115123125783e-17,-0.005535163004978028,5.0306980803327406e-17,-0.0014192961756265485,6.236951414325472,24.949296870086783,False,True,True,False
uplift_pred_ge_12_prob_ge_0.50_signal_ge_50_x115,pred_ge_12_prob_ge_0.50_signal_ge_50,1.15,460,0.011341222879684419,0.6435500551321983,1.0629986646218956,0.3338152973824794,0.671739156057855,0.6037253942522945,0.3125672114524836,0.6850620355797525,0.6524430436550572,0.8078378801406253,1.276542476810863,0.15645560130135022,0.0145398666145235,1.1139226319471094,1,-0.015502112554592773,-0.04275813907582027,0.043149429372663084,0.04709725160131595,-0.01275236473055208,-0.022802689858123615,0.007142678406474312,0.012931250590789811,0.005582880445348382,0.018450479297500766,-0.06940604335008488,-0.10390751618787958,0.0893559176843155,0.13112717570383947,0.0,0.0030646053646500304,-1.3851300939560218e-07,0.003421675062065588,0.0006766680109453471,-0.023354814729584783,5.551115123125783e-17,-0.005535163004978028,5.0306980803327406e-17,-0.0014192961756265485,6.230165898742039,24.949296870086783,False,True,True,False
uplift_pred_ge_12_prob_ge_0.50_signal_ge_80_x115,pred_ge_12_prob_ge_0.50_signal_ge_80,1.15,448,0.011045364891518738,0.6438881981341534,1.0624059794405327,0.3346012193890544,0.670629561807545,0.6028148731368259,0.31274625191228544,0.6850620355797525,0.6524430436550572,0.8078368929859182,1.2762923395725378,0.15645560130135022,0.0145398666145235,1.113367253583167,1,-0.015163969552637657,-0.04241999607386515,0.04255674419130018,0.04650456641995304,-0.011966442723977067,-0.022016767851548602,0.006033084156164326,0.011821656340479825,0.0046723593298797494,0.017539958182032134,-0.06922700289028305,-0.10372847572807775,0.0893559176843155,0.13112717570383947,0.0,0.0030646053646500304,-1.1256677164839246e-06,0.0034206879073584995,0.00042653077262011507,-0.023604951967910015,5.551115123125783e-17,-0.005535163004978028,5.0306980803327406e-17,-0.0014192961756265485,6.18089605105425,24.906307356457415,False,True,True,False
uplift_pred_ge_12_prob_ge_0.70_signal_ge_20_x115,pred_ge_12_prob_ge_0.70_signal_ge_20,1.15,455,0.011217948717948718,0.6435541436563416,1.0626677273306273,0.3338529601022665,0.671739156057855,0.6037253942522945,0.3130060860605005,0.6810175795251163,0.6524430436550572,0.8078364803247489,1.276542476810863,0.15645560130135022,0.0145398666145235,1.1132689344128597,1,-0.015498024030449531,-0.042754050551677025,0.042818492081394766,0.04676631431004763,-0.012714702010764967,-0.022765027138336502,0.007142678406474312,0.012931250590789811,0.005582880445348382,0.018450479297500766,-0.06896716874206799,-0.10346864157986269,0.08531146162967929,0.12708271964920326,0.0,0.0030646053646500304,-1.5383288858306088e-06,0.003420275246189153,0.0006766680109453471,-0.023354814729584783,5.551115123125783e-17,-0.005535163004978028,5.0306980803327406e-17,-0.0014192961756265485,6.229570171606951,24.843918421194232,False,True,True,False
uplift_pred_ge_12_prob_ge_0.70_signal_ge_50_x115,pred_ge_12_prob_ge_0.70_signal_ge_50,1.15,454,0.011193293885601578,0.64360071320581,1.0626211577811588,0.3339666270224235,0.671739156057855,0.6037253942522945,0.3130060860605005,0.6810175795251163,0.6524430436550572,0.8078363390620453,1.276542476810863,0.15645560130135022,0.0145398666145235,1.1132689344128597,1,-0.015451454480981064,-0.04270748100220856,0.0427719225319263,0.04671974476057916,-0.012601035090607948,-0.022651360218179484,0.007142678406474312,0.012931250590789811,0.005582880445348382,0.018450479297500766,-0.06896716874206799,-0.10346864157986269,0.08531146162967929,0.12708271964920326,0.0,0.0030646053646500304,-1.679591589365259e-06,0.003420133983485618,0.0006766680109453471,-0.023354814729584783,5.551115123125783e-17,-0.005535163004978028,5.0306980803327406e-17,-0.0014192961756265485,6.222784656023502,24.843918421194232,False,True,True,False
uplift_pred_ge_12_prob_ge_0.70_signal_ge_80_x115,pred_ge_12_prob_ge_0.70_signal_ge_80,1.15,443,0.010922090729783037,0.6438854934406375,1.0620818353669237,0.33475254902899865,0.670629561807545,0.6028148731368259,0.3130060860605005,0.6810175795251163,0.6524430436550572,0.8078363847924465,1.2762923395725378,0.15645560130135022,0.0145398666145235,1.1127135560489172,1,-0.015166674246153589,-0.04242270076738108,0.042232600117691144,0.04618042234634401,-0.011815113084032824,-0.02186543821160436,0.006033084156164326,0.011821656340479825,0.0046723593298797494,0.017539958182032134,-0.06896716874206799,-0.10346864157986269,0.08531146162967929,0.12708271964920326,0.0,0.0030646053646500304,-1.6338611882327214e-06,0.0034201797138867507,0.00042653077262011507,-0.023604951967910015,5.551115123125783e-17,-0.005535163004978028,5.0306980803327406e-17,-0.0014192961756265485,6.1812901441947306,24.843918421194232,False,True,True,False
uplift_pred_ge_8_prob_ge_0.85_signal_ge_20_x115,pred_ge_8_prob_ge_0.85_signal_ge_20,1.15,791,0.01950197238658777,0.6417899534566005,1.073387226943257,0.3205304148380892,0.6838205793140286,0.6104012242369047,0.3140789342143976,0.6799926329827777,0.6524430436550572,0.8077663057151037,1.2812365208535965,0.15645560130135022,0.0145398666145235,1.1345468526957687,1,-0.017262214230190587,-0.04451824075141808,0.0535379916940244,0.057485813922677265,-0.026037247274942277,-0.03608757240251381,0.019224101662647985,0.025012673846963485,0.01225871042995852,0.025126309282110904,-0.06789432058817091,-0.10239579342596561,0.08428651508734064,0.1260577731068646,0.0,0.0030646053646500304,-7.171293853103222e-05,0.003350100636543951,0.005370712053678783,-0.018660770686851347,5.551115123125783e-17,-0.005535163004978028,5.0306980803327406e-17,-0.0014192961756265485,6.486625269393868,24.58631619885158,False,True,True,False
uplift_pred_ge_8_prob_ge_0.85_signal_ge_50_x115,pred_ge_8_prob_ge_0.85_signal_ge_50,1.15,776,0.01913214990138067,0.6418318122096629,1.072909122591712,0.3210409713927481,0.6834634266218522,0.6095285365583333,0.3140789342143976,0.6799926329827777,0.6524430436550572,0.8077467993702663,1.2812365208535965,0.15645560130135022,0.0145398666145235,1.1332206572535475,1,-0.01722035547712819,-0.044476381998355685,0.05305988734247946,0.057007709571132326,-0.02552669072028335,-0.03557701584785489,0.018866948970471586,0.024655521154787086,0.011386022751387115,0.0242536216035395,-0.06789432058817091,-0.10239579342596561,0.08428651508734064,0.1260577731068646,0.0,0.0030646053646500304,-9.121928336841556e-05,0.003330594291706568,0.005370712053678783,-0.018660770686851347,5.551115123125783e-17,-0.005535163004978028,5.0306980803327406e-17,-0.0014192961756265485,6.4805261504534775,24.58631619885158,False,True,True,False
uplift_pred_ge_8_prob_ge_0.85_signal_ge_80_x115,pred_ge_8_prob_ge_0.85_signal_ge_80,1.15,718,0.01770216962524655,0.6430965240861748,1.0707807789510442,0.3241581894916403,0.6806017637756289,0.6075959592953275,0.31447022267331565,0.6799926329827777,0.6524430436550572,0.8077445473552988,1.28005057186439,0.15645560130135022,0.0145398666145235,1.129676797585453,1,-0.0159556436006163,-0.04321167012184379,0.05093154370181163,0.054879365930464497,-0.022409472621391147,-0.03245979774896268,0.01600528612424823,0.02179385830856373,0.00945344548838134,0.022321044340533724,-0.06750303212925285,-0.10200450496704755,0.08428651508734064,0.1260577731068646,0.0,0.0030646053646500304,-9.347129833592316e-05,0.0033283422767390602,0.004184763064472241,-0.01984671967605789,5.551115123125783e-17,-0.005535163004978028,5.0306980803327406e-17,-0.0014192961756265485,6.29624860762575,24.492363689143488,False,True,True,False
uplift_pred_ge_10_prob_ge_0.85_signal_ge_20_x115,pred_ge_10_prob_ge_0.85_signal_ge_20,1.15,568,0.014003944773175542,0.6436336135853541,1.0663278461153256,0.32900474210678876,0.6781020700100038,0.6055646850182846,0.31467540442027014,0.6799926329827777,0.6524430436550572,0.8077885363893036,1.277864536327445,0.15645560130135022,0.0145398666145235,1.1214398759794404,1,-0.015418554101436999,-0.04267458062266449,0.04647861086609306,0.050426433094745926,-0.01756292000624271,-0.027613245133814246,0.013505592358623142,0.01929416454293864,0.00742217121133848,0.020289770063490864,-0.06729785038229835,-0.10179932322009305,0.08428651508734064,0.1260577731068646,0.0,0.0030646053646500304,-4.9482264331102144e-05,0.0033723313107438813,0.0019987275275272776,-0.022032755213002853,5.551115123125783e-17,-0.005535163004978028,5.0306980803327406e-17,-0.0014192961756265485,6.217990836013524,24.443097375166406,False,True,True,False
uplift_pred_ge_10_prob_ge_0.85_signal_ge_50_x115,pred_ge_10_prob_ge_0.85_signal_ge_50,1.15,566,0.013954635108481262,0.6437152024678474,1.0662462572328324,0.3291832176072224,0.6777115338988928,0.6055646850182846,0.31467540442027014,0.6799926329827777,0.6524430436550572,0.807786309970544,1.277864536327445,0.15645560130135022,0.0145398666145235,1.1212997986473412,1,-0.015336965218943677,-0.04259299174017117,0.04639702198359985,0.050344844212252715,-0.01738444450580906,-0.027434769633380596,0.013115056247512191,0.01890362843182769,0.00742217121133848,0.020289770063490864,-0.06729785038229835,-0.10179932322009305,0.08428651508734064,0.1260577731068646,0.0,0.0030646053646500304,-5.1708683090678775e-05,0.0033701048919843046,0.0019987275275272776,-0.022032755213002853,5.551115123125783e-17,-0.005535163004978028,5.0306980803327406e-17,-0.0014192961756265485,6.206102753781391,24.443097375166406,False,True,True,False
uplift_pred_ge_10_prob_ge_0.85_signal_ge_80_x115,pred_ge_10_prob_ge_0.85_signal_ge_80,1.15,542,0.013362919132149901,0.6442692479329861,1.0651971446724888,0.3306906197653796,0.6753225906675722,0.6045556322982745,0.3147828007670292,0.6799926329827777,0.6524430436550572,0.8077874722091203,1.277393775925195,0.15645560130135022,0.0145398666145235,1.119894540771283,1,-0.014782919753804968,-0.04203894627503246,0.04534790942325628,0.04929573165190915,-0.01587704234765186,-0.025927367475223395,0.01072611301619153,0.01651468520050703,0.006413118491328307,0.01928071734348069,-0.0671904540355393,-0.101691926873334,0.08428651508734064,0.1260577731068646,0.0,0.0030646053646500304,-5.054644451440993e-05,0.0033712671305605735,0.001527967125277252,-0.022503515615252878,5.551115123125783e-17,-0.005535163004978028,5.0306980803327406e-17,-0.0014192961756265485,6.125374376965481,24.417310373067256,False,True,True,False
uplift_pred_ge_8_prob_ge_0.50_signal_ge_120_x115,pred_ge_8_prob_ge_0.50_signal_ge_120,1.15,660,0.016272189349112426,0.644137845188103,1.0687600384803349,0.3269176435620724,0.6786398603880321,0.606187978923802,0.31491797424700263,0.6823446555463318,0.6524430436550572,0.807740667704816,1.2788171445041,0.15645560130135022,0.0145398666145235,1.124936855896016,1,-0.01491432249868807,-0.042170349019915565,0.04891080323110231,0.05285862545975517,-0.019650018550959047,-0.029700343678530583,0.01404338273665151,0.01983195492096701,0.008045465116855888,0.020913063969008272,-0.06705528055556587,-0.10155675339336057,0.0866385376508948,0.12840979567041877,0.0,0.0030646053646500304,-9.735094881868633e-05,0.003324462626256297,0.0029513357041821564,-0.021080147036347974,5.551115123125783e-17,-0.005535163004978028,5.0306980803327406e-17,-0.0014192961756265485,6.144520694318538,24.384853786628195,False,True,True,False
uplift_pred_ge_8_prob_ge_0.70_signal_ge_120_x115,pred_ge_8_prob_ge_0.70_signal_ge_120,1.15,647,0.015951676528599606,0.6441159237459968,1.068215948792233,0.3272522945225414,0.6786398603880321,0.606187978923802,0.3151778083952177,0.6783001994916955,0.6524430436550572,0.8077274640120155,1.2788171445041,0.15645560130135022,0.0145398666145235,1.1236925047453714,1,-0.014936243940794292,-0.042192270462021786,0.04836671354300037,0.05231453577165324,-0.019315367590490073,-0.02936569271806161,0.01404338273665151,0.01983195492096701,0.008045465116855888,0.020913063969008272,-0.0667954464073508,-0.1012969192451455,0.08259408159625847,0.12436533961578244,0.0,0.0030646053646500304,-0.00011055464161924267,0.0033112589334557407,0.0029513357041821564,-0.021080147036347974,5.551115123125783e-17,-0.005535163004978028,5.0306980803327406e-17,-0.0014192961756265485,6.147714804820383,24.322464851365012,False,True,True,False
uplift_pred_ge_10_prob_ge_0.50_signal_ge_120_x115,pred_ge_10_prob_ge_0.50_signal_ge_120,1.15,508,0.01252465483234714,0.6448945187860307,1.0639605128449787,0.33217373966638947,0.6728971183201035,0.6032946381838337,0.3153578819367383,0.6823446555463318,0.6524430436550572,0.8078270412574668,1.2767143471007183,0.15645560130135022,0.0145398666145235,1.1168675683628417,1,-0.014157648900760433,-0.04141367542198793,0.04411127759574618,0.04805909982439904,-0.014393922446642005,-0.02444424757421354,0.008300640668722825,0.014089212853038324,0.005152124376887501,0.018019723229039886,-0.06661537286583019,-0.10111684570362489,0.0866385376508948,0.12840979567041877,0.0,0.0030646053646500304,-1.0977396167843878e-05,0.0034108361789071395,0.0008485383008005609,-0.02318294443972957,5.551115123125783e-17,-0.005535163004978028,5.0306980803327406e-17,-0.0014192961756265485,6.034267953011724,24.27922728385621,False,True,True,False
uplift_pred_ge_10_prob_ge_0.70_signal_ge_120_x115,pred_ge_10_prob_ge_0.70_signal_ge_120,1.15,503,0.01240138067061144,0.6448124662702325,1.0636401639921098,0.3322495257207762,0.6728971183201035,0.6032946381838337,0.31561771608495337,0.6783001994916955,0.6524430436550572,0.8078258016453536,1.2767143471007183,0.15645560130135022,0.0145398666145235,1.1160627656255073,1,-0.014239701416558614,-0.04149572793778611,0.043790928742877266,0.04773875097153013,-0.014318136392255265,-0.0243684615198268,0.008300640668722825,0.014089212853038324,0.005152124376887501,0.018019723229039886,-0.06635553871761513,-0.10085701155540983,0.08259408159625847,0.12436533961578244,0.0,0.0030646053646500304,-1.221700828113459e-05,0.003409596566793849,0.0008485383008005609,-0.02318294443972957,5.551115123125783e-17,-0.005535163004978028,5.0306980803327406e-17,-0.0014192961756265485,6.0462235899239225,24.216838348593026,False,True,True,False
uplift_pred_ge_12_prob_ge_0.85_signal_ge_20_x115,pred_ge_12_prob_ge_0.85_signal_ge_20,1.15,427,0.010527613412228796,0.6450138175505953,1.060909094642946,0.3346827332959525,0.6710877274325449,0.6030992970304183,0.31660814416600636,0.6799926329827777,0.6524430436550572,0.8078233911468651,1.276542476810863,0.15645560130135022,0.0145398666145235,1.1118288765307554,1,-0.01403835013619581,-0.041294376657423304,0.04105985939371348,0.04500768162236635,-0.011884928817078977,-0.021935253944650512,0.006491249781164221,0.01227982196547972,0.00495678322347215,0.017824382075624534,-0.06536511063656214,-0.09986658347435684,0.08428651508734064,0.1260577731068646,0.0,0.0030646053646500304,-1.462750676961555e-05,0.003407186068305368,0.0006766680109453471,-0.023354814729584783,5.551115123125783e-17,-0.005535163004978028,5.0306980803327406e-17,-0.0014192961756265485,6.0168852719405335,23.979026060038446,False,True,True,False
uplift_pred_ge_12_prob_ge_0.85_signal_ge_50_x115,pred_ge_12_prob_ge_0.85_signal_ge_50,1.15,426,0.010502958579881656,0.6450603871000636,1.0608625250934776,0.33479640021610957,0.6710877274325449,0.6030992970304183,0.31660814416600636,0.6799926329827777,0.6524430436550572,0.8078232976821021,1.276542476810863,0.15645560130135022,0.0145398666145235,1.1118288765307554,1,-0.013991780586727454,-0.04124780710795495,0.041013289844245016,0.04496111207289788,-0.011771261896921903,-0.02182158702449344,0.006491249781164221,0.01227982196547972,0.00495678322347215,0.017824382075624534,-0.06536511063656214,-0.09986658347435684,0.08428651508734064,0.1260577731068646,0.0,0.0030646053646500304,-1.4720971532544702e-05,0.0034070926035424387,0.0006766680109453471,-0.023354814729584783,5.551115123125783e-17,-0.005535163004978028,5.0306980803327406e-17,-0.0014192961756265485,6.010099756357102,23.979026060038446,False,True,True,False
uplift_pred_ge_12_prob_ge_0.85_signal_ge_80_x115,pred_ge_12_prob_ge_0.85_signal_ge_80,1.15,417,0.010281065088757396,0.6452612072108772,1.0604071628032563,0.3354297502555952,0.6701510549326132,0.6021887759149496,0.31660814416600636,0.6799926329827777,0.6524430436550572,0.8078241295422679,1.2762923395725378,0.15645560130135022,0.0145398666145235,1.111273498166813,1,-0.013790960475913883,-0.04104698699714138,0.040557927554023765,0.04450574978267663,-0.011137911857436289,-0.021188236985007824,0.005554577281232542,0.011343149465548041,0.004046262108003407,0.01691386096015579,-0.06536511063656214,-0.09986658347435684,0.08428651508734064,0.1260577731068646,0.0,0.0030646053646500304,-1.3889111366793827e-05,0.0034079244637081896,0.00042653077262011507,-0.023604951967910015,5.551115123125783e-17,-0.005535163004978028,5.0306980803327406e-17,-0.0014192961756265485,5.980838833566385,23.979026060038446,False,True,True,False
uplift_pred_ge_15_prob_ge_0.50_signal_ge_20_x115,pred_ge_15_prob_ge_0.50_signal_ge_20,1.15,320,0.007889546351084813,0.6467609839036115,1.0562232849240687,0.3412202223406065,0.665670120614272,0.5984138300812903,0.31681311005445967,0.6819988037007826,0.6524430436550572,0.8078380214033288,1.2762923395725378,0.15645560130135022,0.0145398666145235,1.1053370300993575,1,-0.012291183783179616,-0.03954721030440711,0.03637404967483615,0.040321871903489015,-0.005347439772424967,-0.015397764899996502,0.0010736429628913635,0.006862215147206863,0.00027131627434417993,0.013138915126496564,-0.06516014474810883,-0.09966161758590353,0.08629268580534555,0.12806394382486952,0.0,0.0030646053646500304,2.749694139048131e-09,0.0034218163247691225,0.00042653077262011507,-0.023604951967910015,5.551115123125783e-17,-0.005535163004978028,5.0306980803327406e-17,-0.0014192961756265485,5.762310670069085,23.929811575977293,False,True,True,False
uplift_pred_ge_15_prob_ge_0.50_signal_ge_80_x115,pred_ge_15_prob_ge_0.50_signal_ge_80,1.15,317,0.007815581854043392,0.6469097289459547,1.0560453793276054,0.34142171869890614,0.6654243124324537,0.5984138300812903,0.31699215051426155,0.6819988037007826,0.6524430436550572,0.80783779178922,1.2762923395725378,0.15645560130135022,0.0145398666145235,1.10513701825708,1,-0.012142438740836425,-0.03939846526206392,0.036196144078372905,0.04014396630702577,-0.005145943414125331,-0.015196268541696867,0.0008278347810730668,0.006616406965388566,0.00027131627434417993,0.013138915126496564,-0.06498110428830695,-0.09948257712610165,0.08629268580534555,0.12806394382486952,0.0,0.0030646053646500304,-2.2686441469854657e-07,0.003421586710660285,0.00042653077262011507,-0.023604951967910015,5.551115123125783e-17,-0.005535163004978028,5.0306980803327406e-17,-0.0014192961756265485,5.740637456256617,23.88682206234791,False,True,True,False
uplift_pred_ge_12_prob_ge_0.50_signal_ge_120_x115,pred_ge_12_prob_ge_0.50_signal_ge_120,1.15,404,0.009960552268244575,0.6455557558952726,1.0599789917107496,0.33582531669193444,0.6698470114943147,0.6018466864630534,0.3169960339499367,0.6823446555463318,0.6524430436550572,0.8078248894816091,1.2762923395725378,0.15645560130135022,0.0145398666145235,1.1099807049703858,1,-0.013496411791518503,-0.040752438312746,0.04012975646151706,0.04407757869016993,-0.010742345421097033,-0.020792670548668568,0.0052505338429340576,0.011039106027249557,0.0037041726561072297,0.016571771508259614,-0.0649772208526318,-0.0994786936904265,0.0866385376508948,0.12840979567041877,0.0,0.0030646053646500304,-1.3129172025561076e-05,0.0034086844030494223,0.00042653077262011507,-0.023604951967910015,5.551115123125783e-17,-0.005535163004978028,5.0306980803327406e-17,-0.0014192961756265485,5.937920988947718,23.885889608247478,False,True,True,False
uplift_pred_ge_15_prob_ge_0.70_signal_ge_20_x115,pred_ge_15_prob_ge_0.70_signal_ge_20,1.15,316,0.007790927021696253,0.6467283655039686,1.055929054556587,0.3412202223406065,0.665670120614272,0.5984138300812903,0.3172519846624766,0.6779543476461464,0.6524430436550572,0.8078376981892812,1.2762923395725378,0.15645560130135022,0.0145398666145235,1.1046833325651075,1,-0.012323802182822474,-0.03957982870404997,0.03607981930735438,0.04002764153600724,-0.005347439772424967,-0.015397764899996502,0.0010736429628913635,0.006862215147206863,0.00027131627434417993,0.013138915126496564,-0.06472127014009188,-0.09922274297788658,0.08224822975070933,0.1240194877702333,0.0,0.0030646053646500304,-3.2046435349819546e-07,0.003421493110721485,0.00042653077262011507,-0.023604951967910015,5.551115123125783e-17,-0.005535163004978028,5.0306980803327406e-17,-0.0014192961756265485,5.76706340359582,23.824433127084728,False,True,True,False
uplift_pred_ge_15_prob_ge_0.70_signal_ge_80_x115,pred_ge_15_prob_ge_0.70_signal_ge_80,1.15,314,0.007741617357001972,0.6468237477791843,1.0558045117272508,0.34142171869890614,0.6654243124324537,0.5984138300812903,0.3172519846624766,0.6779543476461464,0.6524430436550572,0.8078376720525388,1.2762923395725378,0.15645560130135022,0.0145398666145235,1.1044833207228302,1,-0.012228419907606813,-0.03948444642883431,0.03595527647801822,0.03990309870667108,-0.005145943414125331,-0.015196268541696867,0.0008278347810730668,0.006616406965388566,0.00027131627434417993,0.013138915126496564,-0.06472127014009188,-0.09922274297788658,0.08224822975070933,0.1240194877702333,0.0,0.0030646053646500304,-3.4660109593520616e-07,0.003421466973979048,0.00042653077262011507,-0.023604951967910015,5.551115123125783e-17,-0.005535163004978028,5.0306980803327406e-17,-0.0014192961756265485,5.753165525642355,23.824433127084728,False,True,True,False
uplift_pred_ge_12_prob_ge_0.70_signal_ge_120_x115,pred_ge_12_prob_ge_0.70_signal_ge_120,1.15,400,0.009861932938856016,0.6455114796802455,1.0596964191586515,0.3359011027463212,0.6698470114943147,0.6018466864630534,0.3172558680981518,0.6783001994916955,0.6524430436550572,0.8078245965141969,1.2762923395725378,0.15645560130135022,0.0145398666145235,1.1093270074361359,1,-0.01354068800654562,-0.040796714527773115,0.03984718390941899,0.04379500613807186,-0.010666559366710293,-0.02071688449428183,0.0052505338429340576,0.011039106027249557,0.0037041726561072297,0.016571771508259614,-0.06471738670441668,-0.09921885954221138,0.08259408159625847,0.12436533961578244,0.0,0.0030646053646500304,-1.3422139437779812e-05,0.0034083914356372036,0.00042653077262011507,-0.023604951967910015,5.551115123125783e-17,-0.005535163004978028,5.0306980803327406e-17,-0.0014192961756265485,5.944372349342475,23.82350067298428,False,True,True,False
uplift_pred_ge_8_prob_ge_0.85_signal_ge_120_x115,pred_ge_8_prob_ge_0.85_signal_ge_120,1.15,603,0.014866863905325444,0.6458833036241968,1.0659956698184327,0.32879325054766084,0.6782817035846256,0.6045556322982745,0.3188709337410574,0.677478116857767,0.6524430436550571,0.8076996649534696,1.2786528761667408,0.15645560130135022,0.0145398666145235,1.1217334840052133,1,-0.013168864062594321,-0.040424890583821815,0.0461464345692002,0.050094256797853065,-0.01777441156537063,-0.027824736692942165,0.013685225933244949,0.019473798117560448,0.006413118491328307,0.01928071734348069,-0.06310232106151109,-0.09760379389930579,0.08177199896233,0.12354325698185398,-1.1102230246251565e-16,0.0030646053646499194,-0.00013835370016512805,0.0032834598749098554,0.002787067366823104,-0.021244415373707026,5.551115123125783e-17,-0.005535163004978028,5.0306980803327406e-17,-0.0014192961756265485,5.890194948126922,23.43570627977917,False,True,True,False
uplift_pred_ge_10_prob_ge_0.85_signal_ge_120_x115,pred_ge_10_prob_ge_0.85_signal_ge_120,1.15,474,0.011686390532544378,0.6463840988874341,1.0618990626465525,0.33320725966900955,0.6721740858706086,0.6025660483315303,0.31918351183477095,0.677478116857767,0.6524430436550572,0.8078024418624461,1.2767143471007183,0.15645560130135022,0.0145398666145235,1.1147983140593598,1,-0.012668068799357002,-0.039924095320584496,0.042049827397319994,0.04599764962597286,-0.013360402444021924,-0.02341072757159346,0.007577608219227927,0.013366180403543426,0.004423534524584105,0.01729113337673649,-0.06278974296779755,-0.09729121580559225,0.08177199896233,0.12354325698185398,0.0,0.0030646053646500304,-3.5576791188596246e-05,0.003386236783886387,0.0008485383008005609,-0.02318294443972957,5.551115123125783e-17,-0.005535163004978028,5.0306980803327406e-17,-0.0014192961756265485,5.817225505613529,23.36065296370294,False,True,True,False
uplift_pred_ge_15_prob_ge_0.85_signal_ge_20_x115,pred_ge_15_prob_ge_0.85_signal_ge_20,1.15,308,0.007593688362919132,0.6474306503497708,1.0551175416905716,0.3412202223406065,0.665670120614272,0.5984138300812903,0.319571079567286,0.6779543476461464,0.6524430436550572,0.8078351115633928,1.2762923395725378,0.15645560130135022,0.0145398666145235,1.104464301758071,1,-0.011621517337020326,-0.03887754385824782,0.03526830644133905,0.03921612866999191,-0.005347439772424967,-0.015397764899996502,0.0010736429628913635,0.006862215147206863,0.00027131627434417993,0.013138915126496564,-0.06240217523528252,-0.09690364807307722,0.08224822975070933,0.1240194877702333,0.0,0.0030646053646500304,-2.9070902418659728e-06,0.0034189064848331174,0.00042653077262011507,-0.023604951967910015,5.551115123125783e-17,-0.005535163004978028,5.0306980803327406e-17,-0.0014192961756265485,5.664735491481561,23.26759383987305,False,True,True,False
uplift_pred_ge_15_prob_ge_0.85_signal_ge_80_x115,pred_ge_15_prob_ge_0.85_signal_ge_80,1.15,306,0.007544378698224852,0.6475260326249865,1.0549929988612357,0.34142171869890614,0.6654243124324537,0.5984138300812903,0.319571079567286,0.6779543476461464,0.6524430436550572,0.8078350944130627,1.2762923395725378,0.15645560130135022,0.0145398666145235,1.1042642899157937,1,-0.011526135061804554,-0.03878216158303205,0.03514376361200311,0.039091585840655974,-0.005145943414125331,-0.015196268541696867,0.0008278347810730668,0.006616406965388566,0.00027131627434417993,0.013138915126496564,-0.06240217523528252,-0.09690364807307722,0.08224822975070933,0.1240194877702333,0.0,0.0030646053646500304,-2.9242405720220077e-06,0.0034188893345029614,0.00042653077262011507,-0.023604951967910015,5.551115123125783e-17,-0.005535163004978028,5.0306980803327406e-17,-0.0014192961756265485,5.650837613528078,23.26759383987305,False,True,True,False
uplift_pred_ge_15_prob_ge_0.50_signal_ge_120_x115,pred_ge_15_prob_ge_0.50_signal_ge_120,1.15,297,0.007322485207100592,0.6479427811579284,1.0547250657025844,0.34191055882103705,0.6651924940400842,0.5984138300812903,0.3198184164901054,0.6807421256265989,0.6524430436550572,0.8078316419059485,1.2762923395725378,0.15645560130135022,0.0145398666145235,1.1034964985789082,1,-0.01110938652886273,-0.038365413050090225,0.03487583045335185,0.03882365268200472,-0.004657103291994424,-0.01470742841956596,0.0005960163887035463,0.0063845885730190455,0.00027131627434417993,0.013138915126496564,-0.0621548383124631,-0.0966563111502578,0.08503600773116182,0.1268072657506858,0.0,0.0030646053646500304,-6.376747686220874e-06,0.0034154368273887625,0.00042653077262011507,-0.023604951967910015,5.551115123125783e-17,-0.005535163004978028,5.0306980803327406e-17,-0.0014192961756265485,5.590114379205816,23.20820562099582,False,True,True,False
uplift_pred_ge_15_prob_ge_0.70_signal_ge_120_x115,pred_ge_15_prob_ge_0.70_signal_ge_120,1.15,294,0.007248520710059172,0.6478567999911579,1.05448419810223,0.34191055882103705,0.6651924940400842,0.5984138300812903,0.3200782506383205,0.6766976695719626,0.6524430436550572,0.8078315049211857,1.2762923395725378,0.15645560130135022,0.0145398666145235,1.1028428010446585,1,-0.01119536769563323,-0.038451394216860724,0.034634962852997386,0.03858278508165025,-0.004657103291994424,-0.01470742841956596,0.0005960163887035463,0.0063845885730190455,0.00027131627434417993,0.013138915126496564,-0.06189500416424798,-0.09639647700204268,0.08099155167652561,0.12276280969604958,0.0,0.0030646053646500304,-6.513732448976128e-06,0.0034152998426260073,0.00042653077262011507,-0.023604951967910015,5.551115123125783e-17,-0.005535163004978028,5.0306980803327406e-17,-0.0014192961756265485,5.6026424485915705,23.145816685732623,False,True,True,False
uplift_pred_ge_12_prob_ge_0.85_signal_ge_120_x115,pred_ge_12_prob_ge_0.85_signal_ge_120,1.15,379,0.009344181459566074,0.6468504523045051,1.0582645625865643,0.3365020424652491,0.6689732685021142,0.6014302361735535,0.32053897135044335,0.677478116857767,0.6524430436550572,0.8078136557602558,1.2762923395725378,0.15645560130135022,0.0145398666145235,1.108215725431044,1,-0.012201715382285983,-0.03945774190351348,0.03841532733733177,0.04236314956598464,-0.010065619647782353,-0.02011594477535389,0.004376790850733614,0.010165363035049113,0.0032877223666073485,0.016155321218759733,-0.06143428345212515,-0.09593575628991985,0.08177199896233,0.12354325698185398,0.0,0.0030646053646500304,-2.4362893378926387e-05,0.003397450681696057,0.00042653077262011507,-0.023604951967910015,5.551115123125783e-17,-0.005535163004978028,5.0306980803327406e-17,-0.0014192961756265485,5.749274485793757,23.035192755504454,False,True,True,False
uplift_top_demand_score_q95_x112,top_demand_score_q95,1.12,2028,0.05,0.6407092671122161,1.0850853920229886,0.3017676919166895,0.7099055113119864,0.6411573459994295,0.32222551697014534,0.6671908520428896,0.6524430436550572,0.807817209905819,1.29541064326201,0.15645560130135022,0.0145398666145235,1.1404530164486497,2,-0.018342900574574994,-0.04559892709580249,0.06523615677375605,0.06918397900240891,-0.044799970196341965,-0.0548502953239135,0.04530903366060579,0.05109760584492129,0.043014832192483365,0.05588243104463575,-0.05974773783242315,-0.09424921067021785,0.0714847341474526,0.11325599216697657,0.0,0.0030646053646500304,-2.080874781573705e-05,0.0034010048272592464,0.01954483446209232,-0.00448664827843781,5.551115123125783e-17,-0.005535163004978028,5.0306980803327406e-17,-0.0014192961756265485,6.644088979357508,22.630235261623007,False,True,True,False
uplift_top_pred_qty_q95_x112,top_pred_qty_q95,1.12,2028,0.05,0.6408717560403507,1.085107664892423,0.3019107129839564,0.7101985804707204,0.6411573459994295,0.32222551697014534,0.6671908520428896,0.6524430436550572,0.8078380186536347,1.2946641300100223,0.15645560130135022,0.0145398666145235,1.1404658623813853,2,-0.018180411646440353,-0.04543643816766785,0.0652584296431904,0.06920625187184326,-0.044656949129075085,-0.05470727425664662,0.04560210281933974,0.05139067500365524,0.043014832192483365,0.05588243104463575,-0.05974773783242315,-0.09424921067021785,0.0714847341474526,0.11325599216697657,0.0,0.0030646053646500304,0.0,0.0034218135750749834,0.018798321210104607,-0.005233161530425523,5.551115123125783e-17,-0.005535163004978028,5.0306980803327406e-17,-0.0014192961756265485,6.620413183336721,22.630235261623007,False,True,True,False
uplift_top_demand_score_q97_x112,top_demand_score_q97,1.12,1220,0.03007889546351085,0.6407886094021922,1.07299937249283,0.3139407542505316,0.691722188373795,0.6227189192929554,0.32229691505709357,0.6671908520428896,0.6524430436550572,0.8078448048073034,1.282701364054953,0.15645560130135022,0.0145398666145235,1.1252806362214385,1,-0.018263558284598913,-0.04551958480582641,0.053150137243597406,0.05709795947225027,-0.03262690786249989,-0.04267723299007142,0.02712571072241432,0.03291428290672982,0.024576405486009256,0.03744400433816164,-0.05967633974547493,-0.09417781258326963,0.0714847341474526,0.11325599216697657,0.0,0.0030646053646500304,6.786153668669748e-06,0.003428599728743653,0.006835555255035208,-0.017195927485494922,5.551115123125783e-17,-0.005535163004978028,5.0306980803327406e-17,-0.0014192961756265485,6.632528241682266,22.613091823567892,False,True,True,False
uplift_top_pred_qty_q97_x112,top_pred_qty_q97,1.12,1220,0.03007889546351085,0.6408293185911097,1.073011723019789,0.31395666074897366,0.691722188373795,0.6227986168381012,0.32229691505709357,0.6671908520428896,0.6524430436550572,0.8078380186536347,1.2824527872296372,0.15645560130135022,0.0145398666145235,1.1252955455215619,1,-0.018222849095681393,-0.04547887561690889,0.053162487770556544,0.05711030999920941,-0.03261100136405781,-0.04266132649162935,0.02712571072241432,0.03291428290672982,0.024656103031155063,0.03752370188330745,-0.05967633974547493,-0.09417781258326963,0.0714847341474526,0.11325599216697657,0.0,0.0030646053646500304,0.0,0.0034218135750749834,0.006586978429719448,-0.017444504310810682,5.551115123125783e-17,-0.005535163004978028,5.0306980803327406e-17,-0.0014192961756265485,6.626596622438743,22.613091823567892,False,True,True,False
uplift_pred_ge_15_prob_ge_0.85_signal_ge_120_x115,pred_ge_15_prob_ge_0.85_signal_ge_120,1.15,287,0.007075936883629191,0.6486136988470665,1.0537272992463214,0.34191055882103705,0.6651924940400842,0.5984138300812903,0.3223973455431298,0.6766976695719626,0.6524430436550572,0.8078286761407136,1.2762923395725378,0.15645560130135022,0.0145398666145235,1.102623770237622,1,-0.010438468839724546,-0.03769449536095204,0.033878063997088814,0.03782588622574168,-0.004657103291994424,-0.01470742841956596,0.0005960163887035463,0.0063845885730190455,0.00027131627434417993,0.013138915126496564,-0.059575909259438675,-0.09407738209723338,0.08099155167652561,0.12276280969604958,0.0,0.0030646053646500304,-9.342512921062252e-06,0.003412471062153921,0.00042653077262011507,-0.023604951967910015,5.551115123125783e-17,-0.005535163004978028,5.0306980803327406e-17,-0.0014192961756265485,5.492356885589933,22.588977398520964,False,True,True,False
uplift_pred_ge_8_prob_ge_0.50_signal_ge_20_x112,pred_ge_8_prob_ge_0.50_signal_ge_20,1.12,873,0.021523668639053254,0.6424190493469955,1.065663773108598,0.3231090207811346,0.6828232163880843,0.6103314969643308,0.32285547643965035,0.6671908520428896,0.6524430436550572,0.807853915576176,1.2804440867086384,0.15645560130135022,0.0145398666145235,1.1267032297884991,1,-0.01663311833979564,-0.04388914486102313,0.04581453785936551,0.049762360088018376,-0.023458641331896846,-0.03350896645946838,0.018226738736703663,0.024015310921019162,0.012188983157384592,0.025056582009536976,-0.05911777836291815,-0.09361925120071285,0.0714847341474526,0.11325599216697657,0.0,0.0030646053646500304,1.5896922541336345e-05,0.0034377104976163197,0.004578277908720674,-0.019453204831809456,5.551115123125783e-17,-0.005535163004978028,5.0306980803327406e-17,-0.0014192961756265485,6.394961510210444,22.478975310491233,False,True,True,False
uplift_pred_ge_8_prob_ge_0.50_signal_ge_50_x112,pred_ge_8_prob_ge_0.50_signal_ge_50,1.12,855,0.021079881656804734,0.6425502928493089,1.0651948112168022,0.3236856268161062,0.6815611378662589,0.6086284345231422,0.32285547643965035,0.6671908520428896,0.6524430436550572,0.8078286373689113,1.2804440867086384,0.15645560130135022,0.0145398666145235,1.1256422734347222,1,-0.016501874837482222,-0.04375790135870972,0.04534557596756961,0.04929339819622247,-0.022882035296925285,-0.03293236042449682,0.016964660214878302,0.0227532323991938,0.010485920716196029,0.023353519568348413,-0.05911777836291815,-0.09361925120071285,0.0714847341474526,0.11325599216697657,0.0,0.0030646053646500304,-9.381284723386507e-06,0.003412432290351597,0.004578277908720674,-0.019453204831809456,5.551115123125783e-17,-0.005535163004978028,5.0306980803327406e-17,-0.0014192961756265485,6.375838395635823,22.478975310491233,False,True,True,False
uplift_pred_ge_8_prob_ge_0.50_signal_ge_80_x112,pred_ge_8_prob_ge_0.50_signal_ge_80,1.12,791,0.01950197238658777,0.6437509745435172,1.06331494466539,0.32643533592156,0.6784904066792653,0.6060367842924603,0.3233117395746262,0.6671908520428896,0.6524430436550572,0.8078135599466663,1.2794953275172731,0.15645560130135022,0.0145398666145235,1.1227191317863097,1,-0.015301193143273939,-0.04255721966450143,0.04346570941615746,0.047413531644810325,-0.020132326191471484,-0.03018265131904302,0.013893929027884666,0.019682501212200165,0.007894270485514165,0.02076186933766655,-0.058661515227942274,-0.09316298806573697,0.0714847341474526,0.11325599216697657,0.0,0.0030646053646500304,-2.445870696843322e-05,0.00339735486810655,0.0036295187173553956,-0.020401964023174735,5.551115123125783e-17,-0.005535163004978028,5.0306980803327406e-17,-0.0014192961756265485,6.200890507159299,22.369421691821273,False,True,True,False
uplift_pred_ge_8_prob_ge_0.70_signal_ge_20_x112,pred_ge_8_prob_ge_0.70_signal_ge_20,1.12,852,0.021005917159763313,0.6423855142611853,1.0649872605681707,0.3234371764179558,0.6828232163880843,0.6103314969643308,0.3233214336312168,0.6632519035375048,0.6524430436550572,0.8078447354650995,1.2802937931127478,0.15645560130135022,0.0145398666145235,1.125424184236401,1,-0.016666653425605804,-0.0439226799468333,0.04513802531893818,0.049085847547591044,-0.023130485695075698,-0.03318081082264723,0.018226738736703663,0.024015310921019162,0.012188983157384592,0.025056582009536976,-0.058651821171351703,-0.0931532940091464,0.06754578564206781,0.10931704366159178,0.0,0.0030646053646500304,6.716811464801964e-06,0.0034285303865397854,0.004427984312830091,-0.01960349842770004,5.551115123125783e-17,-0.005535163004978028,5.0306980803327406e-17,-0.0014192961756265485,6.39984781145137,22.36709404600096,False,True,True,False
uplift_pred_ge_8_prob_ge_0.70_signal_ge_50_x112,pred_ge_8_prob_ge_0.70_signal_ge_50,1.12,834,0.020562130177514792,0.6425167577634986,1.0645182986763748,0.3240137824529273,0.6815611378662589,0.6086284345231422,0.3233214336312168,0.6632519035375048,0.6524430436550572,0.8078196103826276,1.2802937931127478,0.15645560130135022,0.0145398666145235,1.124363227882624,1,-0.0165354099232925,-0.04379143644451999,0.044669063427142275,0.04861688565579514,-0.022553879660104192,-0.03260420478767573,0.016964660214878302,0.0227532323991938,0.010485920716196029,0.023353519568348413,-0.058651821171351703,-0.0931532940091464,0.06754578564206781,0.10931704366159178,0.0,0.0030646053646500304,-1.8408271007075427e-05,0.003403405304067908,0.004427984312830091,-0.01960349842770004,5.551115123125783e-17,-0.005535163004978028,5.0306980803327406e-17,-0.0014192961756265485,6.380724696876765,22.36709404600096,False,True,True,False
uplift_pred_ge_10_prob_ge_0.50_signal_ge_20_x112,pred_ge_10_prob_ge_0.50_signal_ge_20,1.12,616,0.015187376725838263,0.6442808760690031,1.059171572131801,0.3308904269290583,0.6759747901219006,0.6041626437219063,0.3236319962527608,0.6671908520428896,0.6524430436550572,0.8078344557999445,1.2774647908219394,0.15645560130135022,0.0145398666145235,1.1149387358000606,1,-0.014771291617788007,-0.0420273181390155,0.039322336882568365,0.04327015911122123,-0.01567723518397318,-0.025727560311544717,0.011378312470520013,0.017166884654835513,0.006020129914960148,0.018887728767112533,-0.058341258549807706,-0.0928427313876024,0.0714847341474526,0.11325599216697657,0.0,0.0030646053646500304,-3.562853690186607e-06,0.003418250721384797,0.0015989820220216888,-0.02243250071850844,5.551115123125783e-17,-0.005535163004978028,5.0306980803327406e-17,-0.0014192961756265485,6.123680074593006,22.29252466617243,False,True,True,False
uplift_pred_ge_10_prob_ge_0.50_signal_ge_50_x112,pred_ge_10_prob_ge_0.50_signal_ge_50,1.12,612,0.015088757396449704,0.6444079767484318,1.0590444714523723,0.3311455637575777,0.675176073395279,0.6041626437219063,0.3236319962527608,0.6671908520428896,0.6524430436550572,0.8078290992481177,1.2774647908219394,0.15645560130135022,0.0145398666145235,1.1148266739343813,1,-0.014644190938359336,-0.04190021745958683,0.039195236203139805,0.04314305843179267,-0.015422098355453773,-0.025472423483025308,0.010579595743898329,0.016368167928213828,0.006020129914960148,0.018887728767112533,-0.058341258549807706,-0.0928427313876024,0.0714847341474526,0.11325599216697657,0.0,0.0030646053646500304,-8.919405516949475e-06,0.003412894169558034,0.0015989820220216888,-0.02243250071850844,5.551115123125783e-17,-0.005535163004978028,5.0306980803327406e-17,-0.0014192961756265485,6.105160598867476,22.29252466617243,False,True,True,False
uplift_pred_ge_8_prob_ge_0.70_signal_ge_80_x112,pred_ge_8_prob_ge_0.70_signal_ge_80,1.12,771,0.019008875739644972,0.6436747492440049,1.0626811223386645,0.32676349155838114,0.6784904066792653,0.6060367842924603,0.3236344643983512,0.6632519035375048,0.6524430436550572,0.8078049976373581,1.2793450339213828,0.15645560130135022,0.0145398666145235,1.1214400862342113,1,-0.015377418442786173,-0.04263344496401367,0.042831887089431975,0.04677970931808484,-0.019804170554650335,-0.02985449568222187,0.013893929027884666,0.019682501212200165,0.007894270485514165,0.02076186933766655,-0.0583387904042173,-0.092840263242012,0.06754578564206781,0.10931704366159178,0.0,0.0030646053646500304,-3.3021016276557624e-05,0.0033887925587984258,0.003479225121465035,-0.020552257619065095,5.551115123125783e-17,-0.005535163004978028,5.0306980803327406e-17,-0.0014192961756265485,6.211997077087434,22.2919320382345,False,True,True,False
uplift_pred_ge_10_prob_ge_0.50_signal_ge_80_x112,pred_ge_10_prob_ge_0.50_signal_ge_80,1.12,585,0.014423076923076924,0.645002771561155,1.058095323091184,0.3325120666780773,0.6734060331708489,0.6031542380462338,0.3238611456980095,0.6671908520428896,0.6524430436550572,0.807823661250129,1.2770881825001394,0.15645560130135022,0.0145398666145235,1.1137024676335345,1,-0.014049396125636049,-0.04130542264686354,0.03824608784195149,0.04219391007060436,-0.01405559543495416,-0.024105920562525696,0.00880955551946827,0.01459812770378377,0.0050117242392876404,0.017879323091440025,-0.058112109104558995,-0.0926135819423537,0.0714847341474526,0.11325599216697657,0.0,0.0030646053646500304,-1.4357403505638189e-05,0.003407456171569345,0.0012223737002217128,-0.022809109040308417,5.551115123125783e-17,-0.005535163004978028,5.0306980803327406e-17,-0.0014192961756265485,6.018494751403763,22.237503453589614,False,True,True,False
uplift_pred_ge_10_prob_ge_0.70_signal_ge_20_x112,pred_ge_10_prob_ge_0.70_signal_ge_20,1.12,608,0.014990138067061143,0.6442600641356182,1.0588082282669373,0.33101149064101365,0.6759747901219006,0.6041626437219063,0.32398309593917435,0.6632519035375048,0.6524430436550572,0.8078320448181272,1.2774647908219394,0.15645560130135022,0.0145398666145235,1.114294893610193,1,-0.014792103551172886,-0.04204813007240038,0.03895899301770478,0.042906815246357644,-0.015556171472017821,-0.025606496599589357,0.011378312470520013,0.017166884654835513,0.006020129914960148,0.018887728767112533,-0.05799015886339415,-0.09249163170118885,0.06754578564206781,0.10931704366159178,0.0,0.0030646053646500304,-5.973835507488978e-06,0.0034158397395674944,0.0015989820220216888,-0.02243250071850844,5.551115123125783e-17,-0.005535163004978028,5.0306980803327406e-17,-0.0014192961756265485,6.126712521758946,22.208221907058377,False,True,True,False
uplift_pred_ge_10_prob_ge_0.70_signal_ge_50_x112,pred_ge_10_prob_ge_0.70_signal_ge_50,1.12,604,0.014891518737672584,0.6443871648150469,1.058681127587509,0.33126662746953306,0.675176073395279,0.6041626437219063,0.32398309593917435,0.6632519035375048,0.6524430436550572,0.8078266777674683,1.2774647908219394,0.15645560130135022,0.0145398666145235,1.1141828317445137,1,-0.014665002871744215,-0.04192102939297171,0.03883189233827644,0.042779714566929306,-0.015301034643498412,-0.025351359771069948,0.010579595743898329,0.016368167928213828,0.006020129914960148,0.018887728767112533,-0.05799015886339415,-0.09249163170118885,0.06754578564206781,0.10931704366159178,0.0,0.0030646053646500304,-1.1340886166388842e-05,0.0034104726889085946,0.0015989820220216888,-0.02243250071850844,5.551115123125783e-17,-0.005535163004978028,5.0306980803327406e-17,-0.0014192961756265485,6.108193046033417,22.208221907058377,False,True,True,False
uplift_pred_ge_10_prob_ge_0.70_signal_ge_80_x112,pred_ge_10_prob_ge_0.70_signal_ge_80,1.12,578,0.014250493096646943,0.6449392694140682,1.0577746694400227,0.3326331303900326,0.6734060331708489,0.6031542380462338,0.32406901301658153,0.6632519035375048,0.6524430436550572,0.807822121171438,1.2770881825001394,0.15645560130135022,0.0145398666145235,1.1130586254436672,1,-0.014112898272722885,-0.04136892479395038,0.0379254341907902,0.04187325641944306,-0.013934531722998855,-0.02398485685057039,0.00880955551946827,0.01459812770378377,0.0050117242392876404,0.017879323091440025,-0.057904241785986965,-0.09240571462378167,0.06754578564206781,0.10931704366159178,0.0,0.0030646053646500304,-1.589748219665843e-05,0.003405916092878325,0.0012223737002217128,-0.022809109040308417,5.551115123125783e-17,-0.005535163004978028,5.0306980803327406e-17,-0.0014192961756265485,6.027747467256896,22.18759230537907,False,True,True,False
uplift_pred_ge_12_prob_ge_0.50_signal_ge_20_x112,pred_ge_12_prob_ge_0.50_signal_ge_20,1.12,461,0.011365877712031559,0.6456567800487666,1.0544060343869375,0.33597155035977816,0.6712315541719065,0.6014956929024473,0.3254043420473706,0.6671908520428896,0.6524430436550572,0.8078380214033288,1.276407143208674,0.15645560130135022,0.0145398666145235,1.1070065164298002,1,-0.013395387638024503,-0.040651414159252,0.03455679913770493,0.038504621366357794,-0.010596111753253312,-0.020646436880824848,0.006635076520525862,0.012423648704841361,0.0033531790955011465,0.01622077794765353,-0.056568912755197875,-0.09107038559299258,0.0714847341474526,0.11325599216697657,0.0,0.0030646053646500304,2.749694139048131e-09,0.0034218163247691225,0.0005413344087563665,-0.023490148331773764,5.551115123125783e-17,-0.005535163004978028,5.0306980803327406e-17,-0.0014192961756265485,5.923201049080093,21.86696564014185,False,True,True,False
uplift_pred_ge_12_prob_ge_0.50_signal_ge_50_x112,pred_ge_12_prob_ge_0.50_signal_ge_50,1.12,460,0.011341222879684419,0.6456940356883413,1.0543687787473628,0.3360624838959038,0.6712315541719065,0.6014956929024473,0.3254043420473706,0.6671908520428896,0.6524430436550572,0.8078378801406253,1.276407143208674,0.15645560130135022,0.0145398666145235,1.1070065164298002,1,-0.013358131998449818,-0.04061415851967731,0.034519543498130245,0.03846736572678311,-0.010505178217127653,-0.02055550334469919,0.006635076520525862,0.012423648704841361,0.0033531790955011465,0.01622077794765353,-0.056568912755197875,-0.09107038559299258,0.0714847341474526,0.11325599216697657,0.0,0.0030646053646500304,-1.3851300939560218e-07,0.003421675062065588,0.0005413344087563665,-0.023490148331773764,5.551115123125783e-17,-0.005535163004978028,5.0306980803327406e-17,-0.0014192961756265485,5.917772636613347,21.86696564014185,False,True,True,False
uplift_pred_ge_12_prob_ge_0.50_signal_ge_80_x112,pred_ge_12_prob_ge_0.50_signal_ge_80,1.12,448,0.011045364891518738,0.6459988071569116,1.0538946306022727,0.3367228578658454,0.6702894322001266,0.6010861844384146,0.3255475744152121,0.6671908520428896,0.6524430436550572,0.8078374043502015,1.2762070334180138,0.15645560130135022,0.0145398666145235,1.1065622137386466,1,-0.013053360529879487,-0.04030938705110698,0.034045395353040186,0.03799321758169305,-0.00984480424718609,-0.019895129374757625,0.005692954548745965,0.011481526733061465,0.002943670631468387,0.01581126948362077,-0.0564256803873564,-0.0909271532251511,0.0714847341474526,0.11325599216697657,0.0,0.0030646053646500304,-6.143034332328767e-07,0.0034211992716417505,0.00034122461809604765,-0.023690258122434082,5.551115123125783e-17,-0.005535163004978028,5.0306980803327406e-17,-0.0014192961756265485,5.873365259411326,21.83257402923835,False,True,True,False
uplift_pred_ge_12_prob_ge_0.70_signal_ge_20_x112,pred_ge_12_prob_ge_0.70_signal_ge_20,1.12,455,0.011217948717948718,0.6456973065076559,1.0541040289143484,0.3360926140717336,0.6712315541719065,0.6014956929024473,0.3257554417337842,0.6632519035375048,0.6524430436550572,0.8078366805524768,1.276407143208674,0.15645560130135022,0.0145398666145235,1.1064835584024004,1,-0.013354861179135202,-0.0406108877003627,0.03425479366511586,0.03820261589376872,-0.010475048041297896,-0.020525373168869432,0.006635076520525862,0.012423648704841361,0.0033531790955011465,0.01622077794765353,-0.05621781306878432,-0.09071928590657902,0.06754578564206781,0.10931704366159178,0.0,0.0030646053646500304,-1.3381011578772473e-06,0.003420475473917106,0.0005413344087563665,-0.023490148331773764,5.551115123125783e-17,-0.005535163004978028,5.0306980803327406e-17,-0.0014192961756265485,5.917296054905273,21.782662881027797,False,True,True,False
uplift_pred_ge_12_prob_ge_0.70_signal_ge_50_x112,pred_ge_12_prob_ge_0.70_signal_ge_50,1.12,454,0.011193293885601578,0.6457345621472307,1.0540667732747735,0.33618354760785923,0.6712315541719065,0.6014956929024473,0.3257554417337842,0.6632519035375048,0.6524430436550572,0.8078365392897733,1.276407143208674,0.15645560130135022,0.0145398666145235,1.1064835584024004,1,-0.013317605539560406,-0.0405736320607879,0.03421753802554095,0.038165360254193814,-0.010384114505172237,-0.020434439632743773,0.006635076520525862,0.012423648704841361,0.0033531790955011465,0.01622077794765353,-0.05621781306878432,-0.09071928590657902,0.06754578564206781,0.10931704366159178,0.0,0.0030646053646500304,-1.4793638614118976e-06,0.0034203342112135715,0.0005413344087563665,-0.023490148331773764,5.551115123125783e-17,-0.005535163004978028,5.0306980803327406e-17,-0.0014192961756265485,5.91186764243851,21.782662881027797,False,True,True,False
uplift_pred_ge_12_prob_ge_0.70_signal_ge_80_x112,pred_ge_12_prob_ge_0.70_signal_ge_80,1.12,443,0.010922090729783037,0.645996643402099,1.0536353153433855,0.33684392157780074,0.6702894322001266,0.6010861844384146,0.3257554417337842,0.6632519035375048,0.6524430436550572,0.8078369449013078,1.2762070334180138,0.15645560130135022,0.0145398666145235,1.1060392557112466,1,-0.013055524284692144,-0.04031155080591964,0.03378608009415296,0.03773390232280582,-0.00972374053523073,-0.019774065662802265,0.005692954548745965,0.011481526733061465,0.002943670631468387,0.01581126948362077,-0.05621781306878432,-0.09071928590657902,0.06754578564206781,0.10931704366159178,0.0,0.0030646053646500304,-1.0737523269410687e-06,0.0034207398227480423,0.00034122461809604765,-0.023690258122434082,5.551115123125783e-17,-0.005535163004978028,5.0306980803327406e-17,-0.0014192961756265485,5.873680533923698,21.782662881027797,False,True,True,False
uplift_pred_ge_8_prob_ge_0.85_signal_ge_20_x112,pred_ge_8_prob_ge_0.85_signal_ge_20,1.12,791,0.01950197238658777,0.6440641668459914,1.0626796286044518,0.32521394488590394,0.6804555963444924,0.6072971378523735,0.32661372025690183,0.6622536947310531,0.6524430436550572,0.8077856437404874,1.2801623784428608,0.15645560130135022,0.0145398666145235,1.1235058930287276,1,-0.014988000840799653,-0.04224402736202715,0.04283039335521921,0.046778215583872074,-0.021353717227127533,-0.03140404235469907,0.01585911869311174,0.02164769087742724,0.009154624045427329,0.022022222897579713,-0.05535953454566667,-0.08986100738346137,0.06654757683561607,0.10831883485514004,0.0,0.0030646053646500304,-5.237491314724618e-05,0.0033694386619277372,0.0042965696429431155,-0.019734913097587015,5.551115123125783e-17,-0.005535163004978028,5.0306980803327406e-17,-0.0014192961756265485,6.155256154383474,21.57658110315368,False,True,True,False
uplift_pred_ge_8_prob_ge_0.85_signal_ge_50_x112,pred_ge_8_prob_ge_0.85_signal_ge_50,1.12,776,0.01913214990138067,0.6441089319377448,1.0622971451232162,0.32563340273458063,0.6799333008087781,0.6065384976738021,0.32661372025690183,0.6622536947310531,0.6524430436550572,0.8077670899199076,1.2801623784428608,0.15645560130135022,0.0145398666145235,1.122444936674951,1,-0.014943235749046324,-0.04219926227027382,0.042447909873983614,0.04639573210263648,-0.020934259378450837,-0.030984584506022372,0.015336823157397483,0.021125395341712982,0.008395983866855916,0.0212635827190083,-0.05535953454566667,-0.08986100738346137,0.06654757683561607,0.10831883485514004,0.0,0.0030646053646500304,-7.092873372704922e-05,0.003350884841347934,0.0042965696429431155,-0.019734913097587015,5.551115123125783e-17,-0.005535163004978028,5.0306980803327406e-17,-0.0014192961756265485,6.148733561162073,21.57658110315368,False,True,True,False
uplift_pred_ge_8_prob_ge_0.85_signal_ge_80_x112,pred_ge_8_prob_ge_0.85_signal_ge_80,1.12,718,0.01770216962524655,0.6451764489500432,1.0605944702106822,0.32817869923938375,0.6778253606327336,0.6041728865699885,0.32692675102403623,0.6622536947310531,0.6524430436550572,0.807759981004248,1.2792136192514953,0.15645560130135022,0.0145398666145235,1.119609848940475,1,-0.013875718736747866,-0.04113174525797536,0.04074523496144966,0.044693057190102525,-0.01838896287364772,-0.028439288001219254,0.01322888298135294,0.01901745516566844,0.006030372763042302,0.018897971615194686,-0.05504650377853226,-0.08954797661632696,0.06654757683561607,0.10831883485514004,0.0,0.0030646053646500304,-7.803764938674185e-05,0.0033437759256882416,0.0033478104515776153,-0.020683672288952515,5.551115123125783e-17,-0.005535163004978028,5.0306980803327406e-17,-0.0014192961756265485,5.993188716833012,21.50141909538722,False,True,True,False
uplift_pred_ge_10_prob_ge_0.85_signal_ge_20_x112,pred_ge_10_prob_ge_0.85_signal_ge_20,1.12,568,0.014003944773175542,0.6456779603323004,1.057032123942107,0.33212959061860325,0.6750524402586406,0.6030143305537525,0.32709089642159983,0.6622536947310531,0.6524430436550572,0.8077995452263294,1.2774647908219394,0.15645560130135022,0.0145398666145235,1.1130203116556654,1,-0.013374207354490686,-0.04063023387571818,0.03718288869287445,0.041130710921527314,-0.014438071494428217,-0.024488396621999753,0.010455962607260005,0.016244534791575505,0.004871816746806368,0.017739415598958752,-0.054882358380968665,-0.08938383121876337,0.06654757683561607,0.10831883485514004,0.0,0.0030646053646500304,-3.847342730534109e-05,0.0033833401477696423,0.0015989820220216888,-0.02243250071850844,5.551115123125783e-17,-0.005535163004978028,5.0306980803327406e-17,-0.0014192961756265485,5.920114930669651,21.462006044205552,False,True,True,False
uplift_pred_ge_10_prob_ge_0.85_signal_ge_50_x112,pred_ge_10_prob_ge_0.85_signal_ge_50,1.12,566,0.013954635108481262,0.645743231438295,1.0569668528361122,0.33227237101895024,0.6746673342959078,0.6030143305537525,0.32709089642159983,0.6622536947310531,0.6524430436550572,0.8077974293212796,1.2774647908219394,0.15645560130135022,0.0145398666145235,1.1129082497899858,1,-0.01330893624849605,-0.040564962769723545,0.0371176175868797,0.04106543981553257,-0.01429529109408123,-0.024345616221652766,0.010070856644527115,0.015859428828842614,0.004871816746806368,0.017739415598958752,-0.054882358380968665,-0.08938383121876337,0.06654757683561607,0.10831883485514004,0.0,0.0030646053646500304,-4.0589332355067675e-05,0.0033812242427199157,0.0015989820220216888,-0.02243250071850844,5.551115123125783e-17,-0.005535163004978028,5.0306980803327406e-17,-0.0014192961756265485,5.9106044648839475,21.462006044205552,False,True,True,False
uplift_pred_ge_10_prob_ge_0.85_signal_ge_80_x112,pred_ge_10_prob_ge_0.85_signal_ge_80,1.12,542,0.013362919132149901,0.6462281679381051,1.0561275627878377,0.3335168163657782,0.673275118170849,0.60200592487808,0.32717681349900707,0.6622536947310531,0.6524430436550572,0.8077960628047189,1.2770881825001394,0.15645560130135022,0.0145398666145235,1.111784043489139,1,-0.012823999748685977,-0.04008002626991347,0.03627832753860516,0.040226149767258024,-0.013050845747253292,-0.023101170874824828,0.008678640519468317,0.014467212703783816,0.00386341107113386,0.016731009923286244,-0.05479644130356143,-0.08929791414135613,0.06654757683561607,0.10831883485514004,0.0,0.0030646053646500304,-4.1955848915753435e-05,0.00337985772615923,0.0012223737002217128,-0.022809109040308417,5.551115123125783e-17,-0.005535163004978028,5.0306980803327406e-17,-0.0014192961756265485,5.83994575733789,21.441376442526234,False,True,True,False
uplift_pred_ge_8_prob_ge_0.50_signal_ge_120_x112,pred_ge_8_prob_ge_0.50_signal_ge_120,1.12,660,0.016272189349112426,0.6460981893788669,1.0589778778341143,0.33047249433229325,0.6760915563895487,0.6032365471265151,0.3272849522829859,0.6651818938201254,0.6524430436550572,0.8077641459946501,1.2782268773632635,0.15645560130135022,0.0145398666145235,1.1158178955889255,1,-0.012953978307924219,-0.04021000482915171,0.0391286425848818,0.043076464813534665,-0.016095167780738218,-0.026145492908309753,0.011495078738168019,0.017283650922483518,0.005094033319568925,0.01796163217172131,-0.05468830251958262,-0.08918977535737732,0.06947577592468834,0.11124703394421231,0.0,0.0030646053646500304,-7.387265898461948e-05,0.003347940916090364,0.002361068563345725,-0.021670414177184405,5.551115123125783e-17,-0.005535163004978028,5.0306980803327406e-17,-0.0014192961756265485,5.85888456068239,21.41541117337497,False,True,True,False
uplift_pred_ge_8_prob_ge_0.70_signal_ge_120_x112,pred_ge_8_prob_ge_0.70_signal_ge_120,1.12,647,0.015951676528599606,0.646080652225182,1.0585426060836332,0.3307402151006684,0.6760915563895487,0.6032365471265151,0.32749281960155796,0.6612429453147406,0.6524430436550572,0.8077530882333828,1.2782268773632635,0.15645560130135022,0.0145398666145235,1.11482241466841,1,-0.012971515461609129,-0.04022754198283662,0.03869337083440061,0.04264119306305347,-0.01582744701236305,-0.025877772139934585,0.011495078738168019,0.017283650922483518,0.005094033319568925,0.01796163217172131,-0.054480435201010535,-0.08898190803880524,0.06553682741930356,0.10730808543882753,0.0,0.0030646053646500304,-8.493042025192743e-05,0.003336883154823056,0.002361068563345725,-0.021670414177184405,5.551115123125783e-17,-0.005535163004978028,5.0306980803327406e-17,-0.0014192961756265485,5.861439849083856,21.365500025164415,False,True,True,False
uplift_pred_ge_10_prob_ge_0.50_signal_ge_120_x112,pred_ge_10_prob_ge_0.50_signal_ge_120,1.12,508,0.01252465483234714,0.64679316025993,1.0551382573258294,0.3347647107760245,0.6707219108966503,0.6014634568549952,0.32763687843477435,0.6651818938201254,0.6524430436550572,0.8078341551928918,1.2765446394405582,0.15645560130135022,0.0145398666145235,1.1093624655623864,1,-0.012259007426861146,-0.03951503394808864,0.0352890220765969,0.03923684430524976,-0.011802951337006984,-0.02185327646457852,0.006125433245269707,0.011914005429585206,0.0033209430480490854,0.01618854190020147,-0.05433637636779415,-0.08883784920558885,0.06947577592468834,0.11124703394421231,0.0,0.0030646053646500304,-3.863460742881131e-06,0.0034179501143321023,0.0006788306406404487,-0.02335265209988968,5.551115123125783e-17,-0.005535163004978028,5.0306980803327406e-17,-0.0014192961756265485,5.757622345408238,21.330909971157396,False,True,True,False
uplift_pred_ge_10_prob_ge_0.70_signal_ge_120_x112,pred_ge_10_prob_ge_0.70_signal_ge_120,1.12,503,0.01240138067061144,0.6467275182472914,1.0548819782435344,0.3348253396195339,0.6707219108966503,0.6014634568549952,0.32784474575334643,0.6612429453147406,0.6524430436550572,0.8078333932776426,1.2765446394405582,0.15645560130135022,0.0145398666145235,1.1087186233725188,1,-0.012324649439499735,-0.03958067596072723,0.03503274299430181,0.03898056522295468,-0.011742322493497548,-0.021792647621069083,0.006125433245269707,0.011914005429585206,0.0033209430480490854,0.01618854190020147,-0.05412850904922206,-0.08862998188701676,0.06553682741930356,0.10730808543882753,0.0,0.0030646053646500304,-4.625375992106662e-06,0.0034171881990828767,0.0006788306406404487,-0.02335265209988968,5.551115123125783e-17,-0.005535163004978028,5.0306980803327406e-17,-0.0014192961756265485,5.767186854938003,21.28099882294684,False,True,True,False
uplift_pred_ge_12_prob_ge_0.85_signal_ge_20_x112,pred_ge_12_prob_ge_0.85_signal_ge_20,1.12,427,0.010527613412228796,0.6468650456230589,1.0526971227642035,0.33675643262668237,0.6708480131996843,0.6010792426129474,0.3286370882181888,0.6622536947310531,0.6524430436550572,0.8078260018908048,1.276407143208674,0.15645560130135022,0.0145398666145235,1.105331512096717,1,-0.012187122063732181,-0.039443148584959675,0.03284788751497092,0.03679570974362378,-0.009811229486349105,-0.01986155461392064,0.0062515355483037105,0.01204010773261921,0.0029367288060012653,0.01580432765815365,-0.053336166584379674,-0.08783763942217437,0.06654757683561607,0.10831883485514004,0.0,0.0030646053646500304,-1.201676282991393e-05,0.0034097968122450695,0.0005413344087563665,-0.023490148331773764,5.551115123125783e-17,-0.005535163004978028,5.0306980803327406e-17,-0.0014192961756265485,5.747148135172132,21.09074899210318,False,True,True,False
uplift_pred_ge_12_prob_ge_0.85_signal_ge_50_x112,pred_ge_12_prob_ge_0.85_signal_ge_50,1.12,426,0.010502958579881656,0.6469023012626336,1.0526598671246286,0.336847366162808,0.6708480131996843,0.6010792426129474,0.3286370882181888,0.6622536947310531,0.6524430436550572,0.807825908426042,1.276407143208674,0.15645560130135022,0.0145398666145235,1.105331512096717,1,-0.012149866424157496,-0.03940589294538499,0.03281063187539601,0.03675845410404888,-0.009720295950223445,-0.01977062107779498,0.0062515355483037105,0.01204010773261921,0.0029367288060012653,0.01580432765815365,-0.053336166584379674,-0.08783763942217437,0.06654757683561607,0.10831883485514004,0.0,0.0030646053646500304,-1.2110227592732059e-05,0.0034097033474822513,0.0005413344087563665,-0.023490148331773764,5.551115123125783e-17,-0.005535163004978028,5.0306980803327406e-17,-0.0014192961756265485,5.741719722705387,21.09074899210318,False,True,True,False
uplift_pred_ge_12_prob_ge_0.85_signal_ge_80_x112,pred_ge_12_prob_ge_0.85_signal_ge_80,1.12,417,0.010281065088757396,0.6470972144182905,1.0522955772924516,0.337385682559078,0.6700027308807505,0.6006697341489147,0.3286370882181888,0.6622536947310531,0.6524430436550572,0.8078268403407435,1.2762070334180138,0.15645560130135022,0.0145398666145235,1.1048872094055635,1,-0.011954953268500601,-0.039210979789728095,0.032446342043219056,0.03639416427187192,-0.009181979553953445,-0.01923230468152498,0.0054062532293698284,0.011194825413685328,0.0025272203419685058,0.01539481919412089,-0.053336166584379674,-0.08783763942217437,0.06654757683561607,0.10831883485514004,0.0,0.0030646053646500304,-1.1178312891213515e-05,0.00341063526218377,0.00034122461809604765,-0.023690258122434082,5.551115123125783e-17,-0.005535163004978028,5.0306980803327406e-17,-0.0014192961756265485,5.713319485421054,21.09074899210318,False,True,True,False
uplift_pred_ge_15_prob_ge_0.50_signal_ge_20_x112,pred_ge_15_prob_ge_0.50_signal_ge_20,1.12,320,0.007889546351084813,0.6483670842303718,1.0489484749891016,0.3420863164140426,0.665670120614272,0.5984138300812903,0.3288010609289515,0.6647544726005663,0.6524430436550572,0.8078380214033288,1.2762070334180138,0.15645560130135022,0.0145398666145235,1.1001380349515988,1,-0.010685083456419275,-0.03794110997764677,0.029099239739869054,0.03304706196852192,-0.004481345698988892,-0.014531670826560428,0.0010736429628913635,0.006862215147206863,0.00027131627434417993,0.013138915126496564,-0.05317219387361699,-0.08767366671141169,0.06904835470512927,0.11081961272465324,0.0,0.0030646053646500304,2.749694139048131e-09,0.0034218163247691225,0.00034122461809604765,-0.023690258122434082,5.551115123125783e-17,-0.005535163004978028,5.0306980803327406e-17,-0.0014192961756265485,5.528290394584288,21.05137740485425,False,True,True,False
uplift_pred_ge_12_prob_ge_0.50_signal_ge_120_x112,pred_ge_12_prob_ge_0.50_signal_ge_120,1.12,404,0.009960552268244575,0.6473760320804898,1.0519530404184463,0.33774198029484837,0.6688587265249009,0.6005253099823151,0.3289474000453331,0.6651818938201254,0.6524430436550572,0.8078281853077651,1.2762070334180138,0.15645560130135022,0.0145398666145235,1.1038529748484214,1,-0.011676135606301319,-0.03893216212752881,0.03210380516921374,0.036051627397866604,-0.008825681818183106,-0.018876006945754642,0.004262248873520225,0.010050821057835724,0.002382796175368962,0.015250395027521346,-0.05302585475723537,-0.08752732759503007,0.06947577592468834,0.11124703394421231,0.0,0.0030646053646500304,-9.833345869569854e-06,0.0034119802292054136,0.00034122461809604765,-0.023690258122434082,5.551115123125783e-17,-0.005535163004978028,5.0306980803327406e-17,-0.0014192961756265485,5.672693762961041,21.0162398306704,False,True,True,False
uplift_pred_ge_12_prob_ge_0.70_signal_ge_120_x112,pred_ge_12_prob_ge_0.70_signal_ge_120,1.12,400,0.009861932938856016,0.6473406111084681,1.0517269823767679,0.3378026091383578,0.6688587265249009,0.6005253099823151,0.3291552673639052,0.6612429453147406,0.6524430436550572,0.807828005327785,1.2762070334180138,0.15645560130135022,0.0145398666145235,1.1033300168210216,1,-0.011711556578323012,-0.03896758309955051,0.03187774712753533,0.03582556935618819,-0.00876505297467367,-0.018815378102245206,0.004262248873520225,0.010050821057835724,0.002382796175368962,0.015250395027521346,-0.05281798743866328,-0.08731946027645798,0.06553682741930356,0.10730808543882753,0.0,0.0030646053646500304,-1.0013325849711485e-05,0.003411800249225272,0.00034122461809604765,-0.023690258122434082,5.551115123125783e-17,-0.005535163004978028,5.0306980803327406e-17,-0.0014192961756265485,5.677854851276847,20.966328682459846,False,True,True,False
uplift_pred_ge_8_prob_ge_0.85_signal_ge_120_x112,pred_ge_8_prob_ge_0.85_signal_ge_120,1.12,603,0.014866863905325444,0.6474945561277418,1.0567663829045926,0.331972979920764,0.6752183505492013,0.6012280909144609,0.3304473198782297,0.6606054116788689,0.6524430436550572,0.8077292026615278,1.2780954626933763,0.15645560130135022,0.0145398666145235,1.1132551980762835,1,-0.01155761155904933,-0.038813638080276824,0.03691714765536003,0.04086496988401289,-0.01459468219226745,-0.024645007319838985,0.010621872897820683,0.016410445082136182,0.003085577107514781,0.015953175959667165,-0.05152593492433882,-0.08602740776213352,0.06489929378343184,0.10667055180295582,0.0,0.0030646053646500304,-0.00010881599210688098,0.0033129975829681024,0.0022296538934585275,-0.021801828847071603,5.551115123125783e-17,-0.005535163004978028,5.0306980803327406e-17,-0.0014192961756265485,5.655423963729113,20.656093167895754,False,True,True,False
uplift_pred_ge_10_prob_ge_0.85_signal_ge_120_x112,pred_ge_10_prob_ge_0.85_signal_ge_120,1.12,474,0.011686390532544378,0.6479848243410526,1.0534890971670885,0.3355915267781206,0.6705068761744281,0.60099142361095,0.33069738235320045,0.6606054116788689,0.6524430436550572,0.8078142172046459,1.2765446394405582,0.15645560130135022,0.0145398666145235,1.1077070621196006,1,-0.011067343345738445,-0.03832336986696594,0.03363986191785595,0.037587684146508815,-0.010976135334910875,-0.02102646046248241,0.005910398523047422,0.011698970707362921,0.002848909804003874,0.01571650865615626,-0.05127587244936804,-0.08577734528716274,0.06489929378343184,0.10667055180295582,0.0,0.0030646053646500304,-2.380144898883607e-05,0.0033980121260861473,0.0006788306406404487,-0.02335265209988968,5.551115123125783e-17,-0.005535163004978028,5.0306980803327406e-17,-0.0014192961756265485,5.583988387489689,20.596050515034786,False,True,True,False
uplift_top_demand_score_q95_x11,top_demand_score_q95,1.1,2028,0.05,0.6428571508465415,1.0742126992273626,0.3087493703430797,0.7016651252793764,0.632539827377229,0.33149755353448124,0.6552767296849807,0.6524430436550572,0.8078181592152851,1.2921531708516614,0.15645560130135022,0.0145398666145235,1.1302678561006352,1,-0.0161950168402496,-0.04345104336147709,0.05436346397813008,0.05831128620678294,-0.03781829176995177,-0.04786861689752331,0.03706864762799578,0.042857219812311276,0.03439731357028286,0.047264912422435246,-0.05047570126808726,-0.08497717410588196,0.059570611789543704,0.10134186980906768,0.0,0.0030646053646500304,-1.985943834958981e-05,0.0034019541367253936,0.016287362051743637,-0.007744120688786493,5.551115123125783e-17,-0.005535163004978028,5.0306980803327406e-17,-0.0014192961756265485,6.3311269963224674,20.403920926328563,False,True,True,False
uplift_top_pred_qty_q95_x11,top_pred_qty_q95,1.1,2028,0.05,0.6429899132349832,1.0742312599518913,0.3088661512776866,0.7017991341939638,0.632539827377229,0.33149755353448124,0.6552767296849807,0.6524430436550572,0.8078380186536347,1.2915310764750048,0.15645560130135022,0.0145398666145235,1.1302785610445818,1,-0.016062254451807867,-0.04331828097303536,0.05438202470265874,0.0583298469313116,-0.0377015108353449,-0.047751835962916434,0.037202656542583146,0.042991228726898645,0.03439731357028286,0.047264912422435246,-0.05047570126808726,-0.08497717410588196,0.059570611789543704,0.10134186980906768,0.0,0.0030646053646500304,0.0,0.0034218135750749834,0.015665267675087025,-0.008366215065443106,5.551115123125783e-17,-0.005535163004978028,5.0306980803327406e-17,-0.0014192961756265485,6.311782569203259,20.403920926328563,False,True,True,False
uplift_top_demand_score_q97_x11,top_demand_score_q97,1.1,1220,0.03007889546351085,0.6430234734405079,1.0641410162855636,0.31899705814185,0.688536643425,0.6178048761855814,0.33155705194027146,0.6552767296849807,0.6524430436550572,0.8078448048073034,1.2815621048457804,0.15645560130135022,0.0145398666145235,1.1176242059112926,1,-0.01602869424628317,-0.043284720767510665,0.044291781036331024,0.04823960326498389,-0.027570603971181495,-0.03762092909875303,0.02394016577361935,0.029728737957934848,0.01966236237863528,0.03252996123078766,-0.05041620286229703,-0.08491767570009173,0.059570611789543704,0.10134186980906768,0.0,0.0030646053646500304,6.786153668669748e-06,0.003428599728743653,0.005696296045862637,-0.018335186694667494,5.551115123125783e-17,-0.005535163004978028,5.0306980803327406e-17,-0.0014192961756265485,6.306892607840721,20.389634727949293,False,True,True,False
uplift_top_pred_qty_q97_x11,top_pred_qty_q97,1.1,1220,0.03007889546351085,0.6430622582180472,1.064151308391363,0.31901481105988083,0.688536643425,0.6178048761855814,0.33155705194027146,0.6552767296849807,0.6524430436550572,0.8078380186536347,1.2813549574913505,0.15645560130135022,0.0145398666145235,1.117636630328062,1,-0.0159899094687439,-0.043245935989971396,0.044302073142130416,0.04824989537078328,-0.02755285105315064,-0.037603176180722175,0.02394016577361935,0.029728737957934848,0.01966236237863528,0.03252996123078766,-0.05041620286229703,-0.08491767570009173,0.059570611789543704,0.10134186980906768,0.0,0.0030646053646500304,0.0,0.0034218135750749834,0.005489148691432799,-0.01854233404909733,5.551115123125783e-17,-0.005535163004978028,5.0306980803327406e-17,-0.0014192961756265485,6.301241389063707,20.389634727949293,False,True,True,False
uplift_pred_ge_12_prob_ge_0.85_signal_ge_120_x112,pred_ge_12_prob_ge_0.85_signal_ge_120,1.12,379,0.009344181459566074,0.6484117892078758,1.050581497119098,0.3382833609135002,0.6685720252055246,0.5999498122961575,0.3317817499657384,0.6606054116788689,0.6524430436550572,0.8078189095675529,1.2762070334180138,0.15645560130135022,0.0145398666145235,1.102440991216948,1,-0.010640378478915302,-0.0378964050001428,0.03073226186986555,0.034680084098518416,-0.008284301199531274,-0.01833462632710281,0.003975547554143977,0.009764119738459476,0.0018072984892113508,0.014674897341363735,-0.0501915048368301,-0.0846929776746248,0.06489929378343184,0.10667055180295582,0.0,0.0030646053646500304,-1.9109086081825488e-05,0.003402704488993158,0.00034122461809604765,-0.023690258122434082,5.551115123125783e-17,-0.005535163004978028,5.0306980803327406e-17,-0.0014192961756265485,5.521776560437871,20.33568234847599,False,True,True,False
uplift_pred_ge_8_prob_ge_0.50_signal_ge_20_x11,pred_ge_8_prob_ge_0.50_signal_ge_20,1.1,873,0.021523668639053254,0.6444446657646896,1.058028016798704,0.32670468770168504,0.6804487402532458,0.607354197673802,0.3320225197590688,0.6552767296849807,0.6524430436550572,0.807855407224318,1.2796810403905183,0.15645560130135022,0.0145398666145235,1.11880970055051,1,-0.014607501922101473,-0.04186352844332897,0.03817878154947141,0.04212660377812427,-0.019862974411346435,-0.02991329953891797,0.01585226260186512,0.02164083478618062,0.009211683866855891,0.022079282719008275,-0.04995073504349967,-0.08445220788129437,0.059570611789543704,0.10134186980906768,0.0,0.0030646053646500304,1.7388570683340987e-05,0.0034392021457583244,0.0038152315906005985,-0.02021625114992953,5.551115123125783e-17,-0.005535163004978028,5.0306980803327406e-17,-0.0014192961756265485,6.099814747460267,20.277870967052067,False,True,True,False
uplift_pred_ge_8_prob_ge_0.50_signal_ge_50_x11,pred_ge_8_prob_ge_0.50_signal_ge_50,1.1,855,0.021079881656804734,0.6445634337577038,1.0576372152222073,0.3271943699016192,0.6789470362849919,0.606920831423802,0.3320225197590688,0.6552767296849807,0.6524430436550572,0.807835652831785,1.2796810403905183,0.15645560130135022,0.0145398666145235,1.1179255702556958,1,-0.014488733929087338,-0.04174476045031483,0.03778797997297478,0.04173580220162765,-0.019373292211412263,-0.0294236173389838,0.014350558633611232,0.02013913081792673,0.00877831761685588,0.021645916469008264,-0.04995073504349967,-0.08445220788129437,0.059570611789543704,0.10134186980906768,0.0,0.0030646053646500304,-2.3658218496480643e-06,0.0034194477532253353,0.0038152315906005985,-0.02021625114992953,5.551115123125783e-17,-0.005535163004978028,5.0306980803327406e-17,-0.0014192961756265485,6.0825094035904925,20.277870967052067,False,True,True,False
uplift_pred_ge_8_prob_ge_0.50_signal_ge_80_x11,pred_ge_8_prob_ge_0.50_signal_ge_80,1.1,791,0.01950197238658777,0.6455793115732129,1.056070659762697,0.32950023369630005,0.6766649305825184,0.6037075379206137,0.3324027390382154,0.6552767296849807,0.6524430436550572,0.8078232969737548,1.2788904077310472,0.15645560130135022,0.0145398666145235,1.1154896188820187,1,-0.01347285611357818,-0.040728882634805674,0.03622142451346444,0.040169246742117304,-0.017067428416731423,-0.027117753544302958,0.012068452931137785,0.017857025115453284,0.005565024113667549,0.018432622965819934,-0.04957051576435312,-0.08407198860214782,0.059570611789543704,0.10134186980906768,0.0,0.0030646053646500304,-1.4721679879925453e-05,0.003407091895195058,0.0030245989311294963,-0.021006883809400634,5.551115123125783e-17,-0.005535163004978028,5.0306980803327406e-17,-0.0014192961756265485,5.93448875862625,20.1865762848271,False,True,True,False
uplift_pred_ge_8_prob_ge_0.70_signal_ge_20_x11,pred_ge_8_prob_ge_0.70_signal_ge_20,1.1,852,0.021005917159763313,0.6444167198598476,1.0574642563483476,0.32697815073236935,0.6804487402532458,0.607354197673802,0.33241081741870754,0.6514081195457636,0.6524430436550572,0.8078472566822876,1.2795557957272763,0.15645560130135022,0.0145398666145235,1.117743829257095,1,-0.014635447826943482,-0.041891474348170976,0.037615021099115076,0.04156284332776794,-0.019589511380662117,-0.029639836508233652,0.01585226260186512,0.02164083478618062,0.009211683866855891,0.022079282719008275,-0.04956243738386096,-0.08406391022165566,0.05570200165032657,0.09747325966985054,0.0,0.0030646053646500304,9.238028652935881e-06,0.0034310516037279193,0.0036899869273585573,-0.020341495813171573,5.551115123125783e-17,-0.005535163004978028,5.0306980803327406e-17,-0.0014192961756265485,6.103886665161069,20.18463657997684,False,True,True,False
uplift_pred_ge_8_prob_ge_0.70_signal_ge_50_x11,pred_ge_8_prob_ge_0.70_signal_ge_50,1.1,834,0.020562130177514792,0.6445354878528617,1.057073454771851,0.3274678329323035,0.6789470362849919,0.606920831423802,0.33241081741870754,0.6514081195457636,0.6524430436550572,0.8078278188851019,1.2795557957272763,0.15645560130135022,0.0145398666145235,1.1168596989622805,1,-0.014516679833929347,-0.04177270635515684,0.03722421952261845,0.041172041751271315,-0.019099829180727945,-0.02915015430829948,0.014350558633611232,0.02013913081792673,0.00877831761685588,0.021645916469008264,-0.04956243738386096,-0.08406391022165566,0.05570200165032657,0.09747325966985054,0.0,0.0030646053646500304,-1.0199768532781484e-05,0.003411613806542202,0.0036899869273585573,-0.020341495813171573,5.551115123125783e-17,-0.005535163004978028,5.0306980803327406e-17,-0.0014192961756265485,6.086581321291294,20.18463657997684,False,True,True,False
uplift_pred_ge_10_prob_ge_0.50_signal_ge_20_x11,pred_ge_10_prob_ge_0.50_signal_ge_20,1.1,616,0.015187376725838263,0.6460679533733926,1.0526178493180394,0.33326009446583743,0.6742491466459584,0.6029175835007792,0.3326696196033275,0.6552767296849807,0.6524430436550572,0.8078351722202544,1.277198293818269,0.15645560130135022,0.0145398666145235,1.1090059555601446,1,-0.012984214313398468,-0.04024024083462596,0.03276861406880682,0.03671643629745969,-0.01330756764719404,-0.023357892774765576,0.009652668994577729,0.015441241178893228,0.004775069693833012,0.017642668545985396,-0.04930363519924097,-0.08380510803703567,0.059570611789543704,0.10134186980906768,0.0,0.0030646053646500304,-2.8464333803324138e-06,0.003418967141694651,0.0013324850183513703,-0.02269899772217876,5.551115123125783e-17,-0.005535163004978028,5.0306980803327406e-17,-0.0014192961756265485,5.863290162382824,20.122495430119727,False,True,True,False
uplift_pred_ge_10_prob_ge_0.50_signal_ge_50_x11,pred_ge_10_prob_ge_0.50_signal_ge_50,1.1,612,0.015088757396449704,0.6461738706062499,1.0525119320851821,0.33347270848960364,0.6733250727972742,0.6029175835007792,0.3326696196033275,0.6552767296849807,0.6524430436550572,0.8078310260882374,1.277198293818269,0.15645560130135022,0.0145398666145235,1.1089125706720782,1,-0.012878297080541223,-0.04013432360176872,0.03266269683594958,0.03661051906460244,-0.01309495362342783,-0.023145278750999365,0.008728595145893525,0.014517167330209024,0.004775069693833012,0.017642668545985396,-0.04930363519924097,-0.08380510803703567,0.059570611789543704,0.10134186980906768,0.0,0.0030646053646500304,-6.992565397268002e-06,0.0034148210096777154,0.0013324850183513703,-0.02269899772217876,5.551115123125783e-17,-0.005535163004978028,5.0306980803327406e-17,-0.0014192961756265485,5.847857265944881,20.122495430119727,False,True,True,False
uplift_pred_ge_8_prob_ge_0.70_signal_ge_80_x11,pred_ge_8_prob_ge_0.70_signal_ge_80,1.1,771,0.019008875739644972,0.645515790490286,1.055542474490426,0.3297736967269843,0.6766649305825184,0.6037075379206137,0.33267167639131956,0.6514081195457636,0.6524430436550572,0.8078151530403768,1.2787651630678052,0.15645560130135022,0.0145398666145235,1.1144237475886036,1,-0.013536377196505134,-0.04079240371773263,0.0356932392411935,0.03964106146984636,-0.01679396538604716,-0.026844290513618696,0.012068452931137785,0.017857025115453284,0.005565024113667549,0.018432622965819934,-0.049301578411248936,-0.08380305124904364,0.05570200165032657,0.09747325966985054,0.0,0.0030646053646500304,-2.2865613257927464e-05,0.003398947961817056,0.002899354267887455,-0.021132128472642675,5.551115123125783e-17,-0.005535163004978028,5.0306980803327406e-17,-0.0014192961756265485,5.943744233566376,20.122001573504782,False,True,True,False
uplift_pred_ge_10_prob_ge_0.50_signal_ge_80_x11,pred_ge_10_prob_ge_0.50_signal_ge_80,1.1,585,0.014423076923076924,0.6466848426871883,1.0517209751175258,0.33462590046348917,0.6713639967555498,0.6018261873295556,0.3328605774743681,0.6552767296849807,0.6524430436550572,0.8078263349920782,1.2768844535501025,0.15645560130135022,0.0145398666145235,1.1079757320880395,1,-0.012367324999602802,-0.0396233515208303,0.03187173986829328,0.035819562096946145,-0.011941761649542304,-0.02199208677711384,0.006767519104169173,0.012556091288484672,0.003683673522609454,0.01655127237476184,-0.049112677328200405,-0.0836141501659951,0.059570611789543704,0.10134186980906768,0.0,0.0030646053646500304,-1.1683661556460834e-05,0.0034101299135185226,0.0010186447501847606,-0.02301283799034537,5.551115123125783e-17,-0.005535163004978028,5.0306980803327406e-17,-0.0014192961756265485,5.773404988491299,20.076644419634054,False,True,True,False
uplift_pred_ge_10_prob_ge_0.70_signal_ge_20_x11,pred_ge_10_prob_ge_0.70_signal_ge_20,1.1,608,0.014990138067061143,0.6460506100955719,1.0523150627639866,0.33336098089246685,0.6742491466459584,0.6029175835007792,0.3329622026753388,0.6514081195457636,0.6524430436550572,0.8078331276976745,1.277198293818269,0.15645560130135022,0.0145398666145235,1.1084694204019216,1,-0.013001557591219237,-0.04025758411244673,0.03246582751475402,0.036413649743406884,-0.01320668122056462,-0.023257006348136156,0.009652668994577729,0.015441241178893228,0.004775069693833012,0.017642668545985396,-0.04901105212722967,-0.08351252496502437,0.05570200165032657,0.09747325966985054,0.0,0.0030646053646500304,-4.890955960235033e-06,0.0034169226191147484,0.0013324850183513703,-0.02269899772217876,5.551115123125783e-17,-0.005535163004978028,5.0306980803327406e-17,-0.0014192961756265485,5.86581720168778,20.05224313085802,False,True,True,False
uplift_pred_ge_10_prob_ge_0.70_signal_ge_50_x11,pred_ge_10_prob_ge_0.70_signal_ge_50,1.1,604,0.014891518737672584,0.6461565273284291,1.0522091455311293,0.3335735949162331,0.6733250727972742,0.6029175835007792,0.3329622026753388,0.6514081195457636,0.6524430436550572,0.8078289710668253,1.277198293818269,0.15645560130135022,0.0145398666145235,1.1083760355138552,1,-0.012895640358361993,-0.04015166687958949,0.032359910281896775,0.03630773251054964,-0.012994067196798353,-0.02304439232436989,0.008728595145893525,0.014517167330209024,0.004775069693833012,0.017642668545985396,-0.04901105212722967,-0.08351252496502437,0.05570200165032657,0.09747325966985054,0.0,0.0030646053646500304,-9.04758680941864e-06,0.0034127659882655648,0.0013324850183513703,-0.02269899772217876,5.551115123125783e-17,-0.005535163004978028,5.0306980803327406e-17,-0.0014192961756265485,5.850384305249837,20.05224313085802,False,True,True,False
uplift_pred_ge_10_prob_ge_0.70_signal_ge_80_x11,pred_ge_10_prob_ge_0.70_signal_ge_80,1.1,578,0.014250493096646943,0.6466319242312826,1.051453763741558,0.33472678689011864,0.6713639967555498,0.6018261873295556,0.3330338002398448,0.6514081195457636,0.6524430436550572,0.8078247834146661,1.2768844535501025,0.15645560130135022,0.0145398666145235,1.1074391969298165,1,-0.012420243455508517,-0.03967626997673601,0.03160452849232542,0.03555235072097829,-0.011840875222912828,-0.021891200350484363,0.006767519104169173,0.012556091288484672,0.003683673522609454,0.01655127237476184,-0.048939454562723694,-0.0834409274005184,0.05570200165032657,0.09747325966985054,0.0,0.0030646053646500304,-1.3235238968567486e-05,0.003408578336106416,0.0010186447501847606,-0.02301283799034537,5.551115123125783e-17,-0.005535163004978028,5.0306980803327406e-17,-0.0014192961756265485,5.781115585035579,20.035051796125266,False,True,True,False
uplift_pred_ge_12_prob_ge_0.50_signal_ge_20_x11,pred_ge_12_prob_ge_0.50_signal_ge_20,1.1,461,0.011365877712031559,0.6472784274852496,1.0486465678639867,0.33755858554820123,0.6700859314995244,0.6010476860842655,0.33414657443216905,0.6552767296849807,0.6524430436550572,0.8078380269027171,1.2763169208072147,0.15645560130135022,0.0145398666145235,1.1023957727515943,1,-0.011773740201541538,-0.03902976672276903,0.028797332614754145,0.03274515484340701,-0.009009076564830243,-0.01905940169240178,0.00548945384814381,0.01127802603245931,0.0029051722773193456,0.01577277112947173,-0.047826680370399444,-0.08232815320819414,0.059570611789543704,0.10134186980906768,0.0,0.0030646053646500304,8.249082417144393e-09,0.0034218218241574005,0.0004511120072969721,-0.023580370733233158,5.551115123125783e-17,-0.005535163004978028,5.0306980803327406e-17,-0.0014192961756265485,5.686915448796054,19.76786290842758,False,True,True,False
uplift_pred_ge_12_prob_ge_0.50_signal_ge_50_x11,pred_ge_12_prob_ge_0.50_signal_ge_50,1.1,460,0.011341222879684419,0.6473094738515618,1.0486155214976745,0.3376343634949726,0.6700859314995244,0.6010476860842655,0.33414657443216905,0.6552767296849807,0.6524430436550572,0.8078378856400136,1.2763169208072147,0.15645560130135022,0.0145398666145235,1.1023957727515943,1,-0.011742693835229301,-0.038998720356456795,0.028766286248441908,0.03271410847709477,-0.00893329861805886,-0.018983623745630396,0.00548945384814381,0.01127802603245931,0.0029051722773193456,0.01577277112947173,-0.047826680370399444,-0.08232815320819414,0.059570611789543704,0.10134186980906768,0.0,0.0030646053646500304,-1.3301362111750592e-07,0.003421680561453866,0.0004511120072969721,-0.023580370733233158,5.551115123125783e-17,-0.005535163004978028,5.0306980803327406e-17,-0.0014192961756265485,5.682391771740432,19.76786290842758,False,True,True,False
uplift_pred_ge_12_prob_ge_0.50_signal_ge_80_x11,pred_ge_12_prob_ge_0.50_signal_ge_80,1.1,448,0.011045364891518738,0.6475725572617954,1.0482203980434326,0.33819337529704263,0.6695157825727569,0.600546680885264,0.3342659347387036,0.6552767296849807,0.6524430436550572,0.8078387440967139,1.2761501626483311,0.15645560130135022,0.0145398666145235,1.102025520508966,1,-0.011479610424995679,-0.03873563694622317,0.028371162794200044,0.03231898502285291,-0.00837428681598884,-0.018424611943560376,0.004919304921376266,0.010707877105691765,0.0024041670783178093,0.015271765930470194,-0.04770732006386491,-0.08220879290165961,0.059570611789543704,0.10134186980906768,0.0,0.0030646053646500304,7.254430791636679e-07,0.003422539018154147,0.00028435384841341005,-0.02374712889211672,5.551115123125783e-17,-0.005535163004978028,5.0306980803327406e-17,-0.0014192961756265485,5.644058642039538,19.739203232674672,False,True,True,False
uplift_pred_ge_12_prob_ge_0.70_signal_ge_20_x11,pred_ge_12_prob_ge_0.70_signal_ge_20,1.1,455,0.011217948717948718,0.6473121995343241,1.048394896636829,0.3376594719748307,0.6700859314995244,0.6010476860842655,0.3344391575041803,0.6514081195457636,0.6524430436550572,0.8078370525111024,1.2763169208072147,0.15645560130135022,0.0145398666145235,1.1019599743954276,1,-0.011739968152467029,-0.03899599467369452,0.02854566138759651,0.032493483616249375,-0.008908190138200767,-0.018958515265772302,0.00548945384814381,0.01127802603245931,0.0029051722773193456,0.01577277112947173,-0.0475340972983882,-0.0820355701361829,0.05570200165032657,0.09747325966985054,0.0,0.0030646053646500304,-9.661425323104211e-07,0.003420847432542673,0.0004511120072969721,-0.023580370733233158,5.551115123125783e-17,-0.005535163004978028,5.0306980803327406e-17,-0.0014192961756265485,5.681994620317023,19.697610609165885,False,True,True,False
uplift_pred_ge_12_prob_ge_0.70_signal_ge_50_x11,pred_ge_12_prob_ge_0.70_signal_ge_50,1.1,454,0.011193293885601578,0.6473432459006363,1.0483638502705168,0.3377352499216021,0.6700859314995244,0.6010476860842655,0.3344391575041803,0.6514081195457636,0.6524430436550572,0.8078369112483988,1.2763169208072147,0.15645560130135022,0.0145398666145235,1.1019599743954276,1,-0.011708921786154791,-0.038964948307382286,0.028514615021284273,0.03246243724993714,-0.008832412191429384,-0.01888273731900092,0.00548945384814381,0.01127802603245931,0.0029051722773193456,0.01577277112947173,-0.0475340972983882,-0.0820355701361829,0.05570200165032657,0.09747325966985054,0.0,0.0030646053646500304,-1.1074052358450714e-06,0.0034207061698391383,0.0004511120072969721,-0.023580370733233158,5.551115123125783e-17,-0.005535163004978028,5.0306980803327406e-17,-0.0014192961756265485,5.677470943261402,19.697610609165885,False,True,True,False
uplift_pred_ge_12_prob_ge_0.70_signal_ge_80_x11,pred_ge_12_prob_ge_0.70_signal_ge_80,1.1,443,0.010922090729783037,0.6475707541327849,1.04800430199436,0.33829426172367205,0.6695157825727569,0.600546680885264,0.3344391575041803,0.6514081195457636,0.6524430436550572,0.8078382731490992,1.2761501626483311,0.15645560130135022,0.0145398666145235,1.1015897221527995,1,-0.011481413554006226,-0.03873744007523372,0.028155066745127355,0.03210288897378022,-0.00827340038935942,-0.018323725516930955,0.004919304921376266,0.010707877105691765,0.0024041670783178093,0.015271765930470194,-0.0475340972983882,-0.0820355701361829,0.05570200165032657,0.09747325966985054,0.0,0.0030646053646500304,2.5449546448008675e-07,0.0034220680705394635,0.00028435384841341005,-0.02374712889211672,5.551115123125783e-17,-0.005535163004978028,5.0306980803327406e-17,-0.0014192961756265485,5.644321370799848,19.697610609165885,False,True,True,False
uplift_pred_ge_8_prob_ge_0.85_signal_ge_20_x11,pred_ge_8_prob_ge_0.85_signal_ge_20,1.1,791,0.01950197238658777,0.6458155970138528,1.0555412297119156,0.3284587911223262,0.6791450088721286,0.6066966526640037,0.3351543896067784,0.6507793480388826,0.6524430436550572,0.807797441238263,1.27944628350237,0.15645560130135022,0.0145398666145235,1.1161452532507006,1,-0.013236570672938264,-0.04049259719416576,0.03569199446268301,0.03963981669133587,-0.018108870990705295,-0.02815919611827683,0.014548531220747951,0.02033710340506345,0.00855413885705758,0.021421737709209965,-0.046818865195790094,-0.0813203380335848,0.05507323014344556,0.09684448816296953,0.0,0.0030646053646500304,-4.057741537166759e-05,0.003381236159703316,0.003580474702452374,-0.020451008038077756,5.551115123125783e-17,-0.005535163004978028,5.0306980803327406e-17,-0.0014192961756265485,5.900060284271142,19.52587579427077,False,True,True,False
uplift_pred_ge_8_prob_ge_0.85_signal_ge_50_x11,pred_ge_8_prob_ge_0.85_signal_ge_50,1.1,776,0.01913214990138067,0.6458622996647336,1.0552224934775523,0.32881751650034796,0.6780879870467318,0.6061086267265038,0.3351543896067784,0.6507793480388826,0.6524430436550572,0.8077831508182507,1.27944628350237,0.15645560130135022,0.0145398666145235,1.1152611229558864,1,-0.01318986802205746,-0.040445894543284955,0.035373258228319715,0.03932108045697258,-0.01775014561268351,-0.027800470740255045,0.013491509395351153,0.019280081579666652,0.007966112919557622,0.020833711771710006,-0.046818865195790094,-0.0813203380335848,0.05507323014344556,0.09684448816296953,0.0,0.0030646053646500304,-5.48678353839982e-05,0.003366945739690985,0.003580474702452374,-0.020451008038077756,5.551115123125783e-17,-0.005535163004978028,5.0306980803327406e-17,-0.0014192961756265485,5.893255374862374,19.52587579427077,False,True,True,False
uplift_pred_ge_8_prob_ge_0.85_signal_ge_80_x11,pred_ge_8_prob_ge_0.85_signal_ge_80,1.1,718,0.01770216962524655,0.6467672069119845,1.0538035977171072,0.3309530364611532,0.6765271406541118,0.6025653111365116,0.3354152485793904,0.6507793480388826,0.6524430436550572,0.8077752774392886,1.278655650842899,0.15645560130135022,0.0145398666145235,1.112898549843823,1,-0.012284960774806564,-0.03954098729603406,0.033954362467874644,0.03790218469652751,-0.015614625651878267,-0.025664950779449802,0.011930663002731157,0.017719235187046656,0.004422797329565409,0.017290396181717793,-0.04655800622317807,-0.08105947906097277,0.05507323014344556,0.09684448816296953,0.0,0.0030646053646500304,-6.274121434612923e-05,0.003359072360728854,0.002789842042981272,-0.021241640697548858,5.551115123125783e-17,-0.005535163004978028,5.0306980803327406e-17,-0.0014192961756265485,5.76140393335436,19.463240787798714,False,True,True,False
uplift_pred_ge_10_prob_ge_0.85_signal_ge_20_x11,pred_ge_10_prob_ge_0.85_signal_ge_20,1.1,568,0.014003944773175542,0.6472321902594738,1.050834975826628,0.3342927308737915,0.6734082231715872,0.60200592487808,0.3355520364106934,0.6507793480388826,0.6524430436550572,0.8078070456139455,1.277198293818269,0.15645560130135022,0.0145398666145235,1.1074072687731484,1,-0.01181997742731733,-0.039076003948544824,0.03098574057739545,0.03493356280604831,-0.01227493123923995,-0.022325256366811486,0.008811745520206582,0.014600317704522081,0.00386341107113386,0.016731009923286244,-0.046421218391875074,-0.08092269122966977,0.05507323014344556,0.09684448816296953,0.0,0.0030646053646500304,-3.097303968924159e-05,0.003390840535385742,0.0013324850183513703,-0.02269899772217876,5.551115123125783e-17,-0.005535163004978028,5.0306980803327406e-17,-0.0014192961756265485,5.69365254244669,19.43039657848066,False,True,True,False
uplift_pred_ge_10_prob_ge_0.85_signal_ge_50_x11,pred_ge_10_prob_ge_0.85_signal_ge_50,1.1,566,0.013954635108481262,0.6472865828478026,1.050780583238299,0.33441171454074736,0.672893858697903,0.60200592487808,0.3355520364106934,0.6507793480388826,0.6524430436550572,0.8078050557493253,1.277198293818269,0.15645560130135022,0.0145398666145235,1.1073138838850822,1,-0.011765584838988485,-0.03902161136021598,0.030931347989066493,0.03487917021771936,-0.01215594757228411,-0.022206272699855645,0.008297381046522334,0.014085953230837833,0.00386341107113386,0.016731009923286244,-0.046421218391875074,-0.08092269122966977,0.05507323014344556,0.09684448816296953,0.0,0.0030646053646500304,-3.2962904309430385e-05,0.003388850670765553,0.0013324850183513703,-0.02269899772217876,5.551115123125783e-17,-0.005535163004978028,5.0306980803327406e-17,-0.0014192961756265485,5.68572715429194,19.43039657848066,False,True,True,False
uplift_pred_ge_10_prob_ge_0.85_signal_ge_80_x11,pred_ge_10_prob_ge_0.85_signal_ge_80,1.1,542,0.013362919132149901,0.6477060063346467,1.0500811748647367,0.3354631918699066,0.6712330817555499,0.6009145287068564,0.33562363397519945,0.6507793480388826,0.6524430436550572,0.8078026576527113,1.2768844535501025,0.15645560130135022,0.0145398666145235,1.1063770453010433,1,-0.01134616135214439,-0.038602187873371885,0.03023193961550419,0.03417976184415705,-0.011104470243124887,-0.021154795370696422,0.006636604104169219,0.012425176288484718,0.0027720148999101912,0.015639613752062576,-0.04634962082736904,-0.08085109366516374,0.05507323014344556,0.09684448816296953,0.0,0.0030646053646500304,-3.536100092338401e-05,0.0033864525741515994,0.0010186447501847606,-0.02301283799034537,5.551115123125783e-17,-0.005535163004978028,5.0306980803327406e-17,-0.0014192961756265485,5.624614160103069,19.413205243747893,False,True,True,False
uplift_pred_ge_8_prob_ge_0.50_signal_ge_120_x11,pred_ge_8_prob_ge_0.50_signal_ge_120,1.1,660,0.016272189349112426,0.6475847937903982,1.0524564374033007,0.3329127707921912,0.6731689985351215,0.6013016702884229,0.335713749628515,0.6542963460357872,0.6524430436550572,0.8077834550568483,1.277833365936039,0.15645560130135022,0.0145398666145235,1.109738588717532,1,-0.011467373896392852,-0.038723400417620346,0.032607202154068204,0.03655502438272107,-0.013654891320840246,-0.02370521644841178,0.00857252088374083,0.01436109306805633,0.003159156481476688,0.016026755333629072,-0.04625950517405347,-0.08076097801184817,0.0585902281403502,0.10036148615987417,0.0,0.0030646053646500304,-5.456359678635003e-05,0.0033672499782886334,0.0019675571361212896,-0.02206392560440884,5.551115123125783e-17,-0.005535163004978028,5.0306980803327406e-17,-0.0014192961756265485,5.642275692527046,19.3915675194552,False,True,True,False
uplift_pred_ge_8_prob_ge_0.70_signal_ge_120_x11,pred_ge_8_prob_ge_0.70_signal_ge_120,1.1,647,0.015951676528599606,0.6475701794956609,1.052093710944566,0.3331358714325039,0.6731689985351215,0.6013016702884229,0.3358869723939918,0.65042773589657,0.6524430436550572,0.8077725883147495,1.277833365936039,0.15645560130135022,0.0145398666145235,1.108909021283769,1,-0.011481988191130221,-0.038738014712357716,0.03224447569533351,0.03619229792398637,-0.013431790680527578,-0.023482115808099113,0.00857252088374083,0.01436109306805633,0.003159156481476688,0.016026755333629072,-0.046086282408576706,-0.0805877552463714,0.054721618001132954,0.09649287602065693,0.0,0.0030646053646500304,-6.543033888517513e-05,0.0033563832361898083,0.0019675571361212896,-0.02206392560440884,5.551115123125783e-17,-0.005535163004978028,5.0306980803327406e-17,-0.0014192961756265485,5.64440509952826,19.349974895946396,False,True,True,False
uplift_pred_ge_10_prob_ge_0.50_signal_ge_120_x11,pred_ge_10_prob_ge_0.50_signal_ge_120,1.1,508,0.01252465483234714,0.6482154358505179,1.0492567536463966,0.3365400404428268,0.6704821966637896,0.6006080456672775,0.3360070214216721,0.6542963460357872,0.652443043655057,0.8078382616017782,1.2764315010004514,0.15645560130135022,0.0145398666145235,1.1043590636954157,1,-0.010836731836273206,-0.0380927583575007,0.029407518397164045,0.03335534062581691,-0.010027621670204656,-0.02007794679777619,0.005885719012408974,0.011674291196724473,0.0024655318603313825,0.015333130712483767,-0.04596623338089639,-0.08046770621869109,0.0585902281403502,0.10036148615987417,-2.220446049250313e-16,0.0030646053646498084,2.429481434917946e-07,0.003422056523218475,0.0005656922005337073,-0.023465790539996423,5.551115123125783e-17,-0.005535163004978028,5.0306980803327406e-17,-0.0014192961756265485,5.550386645384401,19.32114985094055,False,True,True,False
uplift_pred_ge_10_prob_ge_0.70_signal_ge_120_x11,pred_ge_10_prob_ge_0.70_signal_ge_120,1.1,503,0.01240138067061144,0.6481607341733191,1.049043187744484,0.3365905644790847,0.6704821966637896,0.6006080456672775,0.33618024418714887,0.65042773589657,0.652443043655057,0.8078374979367237,1.2764315010004514,0.15645560130135022,0.0145398666145235,1.1038225285371928,1,-0.010891433513471993,-0.03814746003469949,0.029193952495251363,0.03314177472390423,-0.009977097633946774,-0.02002742276151831,0.005885719012408974,0.011674291196724473,0.0024655318603313825,0.015333130712483767,-0.04579301061541963,-0.08029448345321433,0.054721618001132954,0.09649287602065693,-2.220446049250313e-16,0.0030646053646498084,-5.207169110343912e-07,0.003421292858163949,0.0005656922005337073,-0.023465790539996423,5.551115123125783e-17,-0.005535163004978028,5.0306980803327406e-17,-0.0014192961756265485,5.5583570699925335,19.27955722743175,False,True,True,False
uplift_pred_ge_12_prob_ge_0.85_signal_ge_20_x11,pred_ge_12_prob_ge_0.85_signal_ge_20,1.1,427,0.010527613412228796,0.6482853154638264,1.0472224748450416,0.33821265410395474,0.6697023905273023,0.6006312357947656,0.33684052957451754,0.6507793480388826,0.6524430436550572,0.8078274310017503,1.2763169208072147,0.15645560130135022,0.0145398666145235,1.100999935807358,1,-0.010766852222964696,-0.03802287874419219,0.027373239595809062,0.03132106182446193,-0.008355008009076736,-0.018405333136648272,0.005105912875921659,0.010894485060237158,0.0024887219878194644,0.015356320839971849,-0.04513272522805095,-0.07963419806584565,0.05507323014344556,0.09684448816296953,0.0,0.0030646053646500304,-1.0587651884441662e-05,0.0034112259231905417,0.0004511120072969721,-0.023580370733233158,5.551115123125783e-17,-0.005535163004978028,5.0306980803327406e-17,-0.0014192961756265485,5.5402046872061,19.12101570172869,False,True,True,False
uplift_pred_ge_12_prob_ge_0.85_signal_ge_50_x11,pred_ge_12_prob_ge_0.85_signal_ge_50,1.1,426,0.010502958579881656,0.6483163618301387,1.0471914284787291,0.3382884320507261,0.6697023905273023,0.6006312357947656,0.33684052957451754,0.6507793480388826,0.6524430436550572,0.8078273375369873,1.2763169208072147,0.15645560130135022,0.0145398666145235,1.100999935807358,1,-0.010735805856652347,-0.03799183237787984,0.027342193229496603,0.03129001545814947,-0.008279230062305354,-0.01832955518987689,0.005105912875921659,0.010894485060237158,0.0024887219878194644,0.015356320839971849,-0.04513272522805095,-0.07963419806584565,0.05507323014344556,0.09684448816296953,0.0,0.0030646053646500304,-1.0681116647370814e-05,0.0034111324584276126,0.0004511120072969721,-0.023580370733233158,5.551115123125783e-17,-0.005535163004978028,5.0306980803327406e-17,-0.0014192961756265485,5.535681010150462,19.12101570172869,False,True,True,False
uplift_pred_ge_12_prob_ge_0.85_signal_ge_80_x11,pred_ge_12_prob_ge_0.85_signal_ge_80,1.1,417,0.010281065088757396,0.6484878966462779,1.0468878536185817,0.3387457292080698,0.6692290812533808,0.6001302305957641,0.33684052957451754,0.6507793480388826,0.6524430436550572,0.8078288717961932,1.2761501626483311,0.15645560130135022,0.0145398666145235,1.10062968356473,1,-0.010564271040513162,-0.03782029756174066,0.027038618369349177,0.03098644059800204,-0.007821932904961693,-0.017872258032533228,0.004632603602000129,0.010421175786315628,0.001987716788817928,0.014855315640970312,-0.04513272522805095,-0.07963419806584565,0.05507323014344556,0.09684448816296953,0.0,0.0030646053646500304,-9.146857441466594e-06,0.003412666717633517,0.00028435384841341005,-0.02374712889211672,5.551115123125783e-17,-0.005535163004978028,5.0306980803327406e-17,-0.0014192961756265485,5.510687163714295,19.12101570172869,False,True,True,False
uplift_pred_ge_8_prob_ge_0.85_signal_ge_120_x11,pred_ge_8_prob_ge_0.85_signal_ge_120,1.1,603,0.014866863905325444,0.6487484327477941,1.0506135249620325,0.3341631754492502,0.6728230488128992,0.6003900116657235,0.3383490559578849,0.65042773589657,0.652443043655057,0.8077507579581443,1.277723853711133,0.15645560130135022,0.0145398666145235,1.107603007456997,1,-0.010303734938996945,-0.03755976146022444,0.030764289712799986,0.03471211194145285,-0.012404486663781245,-0.02245481179135278,0.008226571161518592,0.014015143345834091,0.0022474978587773142,0.015115096710929699,-0.043624198844683604,-0.0781256716824783,0.054721618001132954,0.09649287602065693,-2.220446049250313e-16,0.0030646053646498084,-8.726069549036541e-05,0.003334552879584618,0.0018580449112153286,-0.0221734378293148,5.551115123125783e-17,-0.005535163004978028,5.0306980803327406e-17,-0.0014192961756265485,5.472725195065959,18.75880251488918,False,True,True,False
uplift_pred_ge_10_prob_ge_0.85_signal_ge_120_x11,pred_ge_10_prob_ge_0.85_signal_ge_120,1.1,474,0.011686390532544378,0.6492084892514536,1.0478824535141125,0.3372290537779069,0.6702671619415674,0.6001915953777778,0.3385574413536939,0.65042773589657,0.652443043655057,0.807822087983525,1.2764315010004514,0.15645560130135022,0.0145398666145235,1.102979560826428,1,-0.00984367843533751,-0.037099704956565005,0.028033218264879922,0.031981040493532786,-0.009338608335124565,-0.0193889334626961,0.0056706842901868,0.0114592564745023,0.0020490815708316124,0.014916680422983997,-0.043415813448874574,-0.07791728628666927,0.054721618001132954,0.09649287602065693,-2.220446049250313e-16,0.0030646053646498084,-1.5930670109742806e-05,0.0034058829049652406,0.0005656922005337073,-0.023465790539996423,5.551115123125783e-17,-0.005535163004978028,5.0306980803327406e-17,-0.0014192961756265485,5.405691680452261,18.708766970838354,False,True,True,False
uplift_top_demand_score_q95_x108,top_demand_score_q95,1.08,2028,0.05,0.6452874642163062,1.0633400064317364,0.3159161218733769,0.6932381717961185,0.622284803377944,0.34093525532728397,0.643362607327072,0.6524430436550572,0.8078202036146279,1.2888956984413127,0.15645560130135022,0.0145398666145235,1.120082695752621,1,-0.013764703470484863,-0.04102072999171236,0.043490771182503885,0.04743859341115675,-0.03065154023965455,-0.04070186536722609,0.028641694144737828,0.03443026632905333,0.024142289570997844,0.03700988842315023,-0.041037999475284526,-0.07553947231307923,0.04765648943163492,0.08942774745115889,0.0,0.0030646053646500304,-1.781503900677439e-05,0.003403998536068209,0.013029889641394954,-0.011001593099135176,5.551115123125783e-17,-0.005535163004978028,5.0306980803327406e-17,-0.0014192961756265485,5.9770130005586175,18.137828612330477,False,True,True,False
uplift_top_pred_qty_q95_x108,top_pred_qty_q95,1.08,2028,0.05,0.6453925976245237,1.0633548550113594,0.3160085685132321,0.6932396057865221,0.622284803377944,0.34093525532728397,0.643362607327072,0.6524430436550572,0.8078380186536347,1.2883980229399876,0.15645560130135022,0.0145398666145235,1.1200912597077781,1,-0.013659570062267368,-0.04091559658349486,0.04350561976212686,0.04745344199077972,-0.03055909359979936,-0.040609418727370894,0.02864312813514147,0.03443170031945697,0.024142289570997844,0.03700988842315023,-0.041037999475284526,-0.07553947231307923,0.04765648943163492,0.08942774745115889,0.0,0.0030646053646500304,0.0,0.0034218135750749834,0.012532214140069886,-0.011499268600460244,5.551115123125783e-17,-0.005535163004978028,5.0306980803327406e-17,-0.0014192961756265485,5.961694312962469,18.137828612330477,False,True,True,False
uplift_top_demand_score_q97_x108,top_demand_score_q97,1.08,1220,0.03007889546351085,0.6454982142336709,1.0552826600782974,0.32419650604932265,0.6839777623524546,0.6143106998140044,0.34098285405191614,0.643362607327072,0.6524430436550572,0.8078448048073034,1.2804228456366076,0.15645560130135022,0.0145398666145235,1.109967775601147,1,-0.01355395345312016,-0.040809979974347654,0.03543342482906486,0.03938124705771773,-0.02237115606370882,-0.032421481191280355,0.01938128470107392,0.02516985688538942,0.01616818600705827,0.029035784859210656,-0.040990400750652356,-0.07549187358844706,0.04765648943163492,0.08942774745115889,0.0,0.0030646053646500304,6.786153668669748e-06,0.003428599728743653,0.004557036836689843,-0.019474445903840287,5.551115123125783e-17,-0.005535163004978028,5.0306980803327406e-17,-0.0014192961756265485,5.946305219543719,18.126399653627065,False,True,True,False
uplift_top_pred_qty_q97_x108,top_pred_qty_q97,1.08,1220,0.03007889546351085,0.6455350745998318,1.0552908937629368,0.3242161053869423,0.6839777623524546,0.6143106998140044,0.34098285405191614,0.643362607327072,0.6524430436550572,0.8078380186536347,1.2802571277530639,0.15645560130135022,0.0145398666145235,1.1099777151345627,1,-0.013517093086959253,-0.04077311960818675,0.03544165851370429,0.03938948074235715,-0.022351556726089183,-0.03240188185366072,0.01938128470107392,0.02516985688538942,0.01616818600705827,0.029035784859210656,-0.040990400750652356,-0.07549187358844706,0.04765648943163492,0.08942774745115889,0.0,0.0030646053646500304,0.0,0.0034218135750749834,0.0043913189531461505,-0.01964016378738398,5.551115123125783e-17,-0.005535163004978028,5.0306980803327406e-17,-0.0014192961756265485,5.94093440123323,18.126399653627065,False,True,True,False
uplift_pred_ge_8_prob_ge_0.50_signal_ge_20_x108,pred_ge_8_prob_ge_0.50_signal_ge_20,1.08,873,0.021523668639053254,0.6466924372279842,1.0503922604888096,0.330421915722405,0.6769714641331672,0.6065083482679832,0.341355228306954,0.643362607327072,0.6524430436550572,0.8078540766339771,1.278917994072398,0.15645560130135022,0.0145398666145235,1.1109161713125209,1,-0.012359730458806895,-0.03961575698003439,0.030543025239577082,0.034490847468229946,-0.016145746390626492,-0.026196071518198027,0.012374986481786587,0.018163558666102086,0.008365834461037003,0.021233433313189387,-0.04061802649561452,-0.07511949933340922,0.04765648943163492,0.08942774745115889,0.0,0.0030646053646500304,1.605798034243211e-05,0.0034378715554174155,0.003052185272480301,-0.02097929746804983,5.551115123125783e-17,-0.005535163004978028,5.0306980803327406e-17,-0.0014192961756265485,5.772298409718089,18.036988644909297,False,True,True,False
uplift_pred_ge_8_prob_ge_0.50_signal_ge_50_x108,pred_ge_8_prob_ge_0.50_signal_ge_50,1.08,855,0.021079881656804734,0.646798729711699,1.0500796192276125,0.33082467408730176,0.6764230894731891,0.6060111058996797,0.341355228306954,0.643362607327072,0.6524430436550572,0.8078374913827374,1.278917994072398,0.15645560130135022,0.0145398666145235,1.1102088670766697,1,-0.01225343797509204,-0.039509464496319535,0.03023038397837996,0.034178206207032824,-0.01574298802572971,-0.025793313153301245,0.011826611821808442,0.01761518400612394,0.007868592092733495,0.02073619094488588,-0.04061802649561452,-0.07511949933340922,0.04765648943163492,0.08942774745115889,0.0,0.0030646053646500304,-5.27270897276999e-07,0.0034212863041777064,0.003052185272480301,-0.02097929746804983,5.551115123125783e-17,-0.005535163004978028,5.0306980803327406e-17,-0.0014192961756265485,5.756810836553162,18.036988644909297,False,True,True,False
uplift_pred_ge_8_prob_ge_0.50_signal_ge_80_x108,pred_ge_8_prob_ge_0.50_signal_ge_80,1.08,791,0.01950197238658777,0.6476283332885925,1.0488263748600042,0.33268533200933603,0.6740228506390726,0.6024333852957,0.34165940373027126,0.643362607327072,0.6524430436550572,0.8078238347939038,1.2782854879448213,0.15645560130135022,0.0145398666145235,1.108260105977728,1,-0.011423834398198607,-0.0386798609194261,0.02897713961077164,0.032924961839424505,-0.01388233010369544,-0.023932655231266975,0.009426372987692,0.015214945172007499,0.004290871488753845,0.01715847034090623,-0.040313851072297235,-0.07481532391009194,0.04765648943163492,0.08942774745115889,0.0,0.0030646053646500304,-1.4183859730843018e-05,0.0034076297153441404,0.002419679144903597,-0.021611803595626533,5.551115123125783e-17,-0.005535163004978028,5.0306980803327406e-17,-0.0014192961756265485,5.6359316770305545,17.963952899129314,False,True,True,False
uplift_pred_ge_8_prob_ge_0.70_signal_ge_20_x108,pred_ge_8_prob_ge_0.70_signal_ge_20,1.08,852,0.021005917159763313,0.6466700805041108,1.0499412521285245,0.3306406861469524,0.6769714641331672,0.6065083482679832,0.34166586643466496,0.6395643355540224,0.6524430436550572,0.8078457362849287,1.2788177983418045,0.15645560130135022,0.0145398666145235,1.1100634742777886,1,-0.012382087182680301,-0.039638113703907796,0.030092016879291972,0.034039839107944836,-0.01592697596607906,-0.025977301093650595,0.012374986481786587,0.018163558666102086,0.008365834461037003,0.021233433313189387,-0.04030738836790354,-0.07480886120569824,0.04385821765858533,0.0856294756781093,0.0,0.0030646053646500304,7.717631294035243e-06,0.0034295312063690186,0.0029519895418868014,-0.02107949319864333,5.551115123125783e-17,-0.005535163004978028,5.0306980803327406e-17,-0.0014192961756265485,5.775555943878701,17.962401135249113,False,True,True,False
uplift_pred_ge_8_prob_ge_0.70_signal_ge_50_x108,pred_ge_8_prob_ge_0.70_signal_ge_50,1.08,834,0.020562130177514792,0.6467763729878255,1.0496286108673272,0.3310434445118492,0.6764230894731891,0.6060111058996797,0.34166586643466496,0.6395643355540224,0.6524430436550572,0.8078294287033001,1.2788177983418045,0.15645560130135022,0.0145398666145235,1.1093561700419374,1,-0.012275794698965559,-0.03953182122019305,0.029779375618094628,0.03372719784674749,-0.015524217601182277,-0.025574542728753813,0.011826611821808442,0.01761518400612394,0.007868592092733495,0.02073619094488588,-0.04030738836790354,-0.07480886120569824,0.04385821765858533,0.0856294756781093,0.0,0.0030646053646500304,-8.589950334592089e-06,0.0034132236247403913,0.0029519895418868014,-0.02107949319864333,5.551115123125783e-17,-0.005535163004978028,5.0306980803327406e-17,-0.0014192961756265485,5.760068370713791,17.962401135249113,False,True,True,False
uplift_pred_ge_10_prob_ge_0.50_signal_ge_20_x108,pred_ge_10_prob_ge_0.50_signal_ge_20,1.08,616,0.015187376725838263,0.6480299176751043,1.046064126504278,0.3357042573698193,0.6720078609862614,0.6022795418341795,0.34187290818236094,0.643362607327072,0.6524430436550572,0.8078361343632315,1.2769317968145988,0.15645560130135022,0.0145398666145235,1.1030731753202285,1,-0.011022250011686774,-0.03827827653291427,0.026214891255045503,0.030162713483698367,-0.01086340474321218,-0.020913729870783715,0.007411383334880783,0.013199955519196283,0.004137028027233369,0.017004626879385754,-0.04010034662020756,-0.07460181945800226,0.04765648943163492,0.08942774745115889,0.0,0.0030646053646500304,-1.8842904031535213e-06,0.00341992928467183,0.0010659880146810519,-0.022965494725849078,5.551115123125783e-17,-0.005535163004978028,5.0306980803327406e-17,-0.0014192961756265485,5.577417967023749,17.912688215363424,False,True,True,False
uplift_pred_ge_10_prob_ge_0.50_signal_ge_50_x108,pred_ge_10_prob_ge_0.50_signal_ge_50,1.08,612,0.015088757396449704,0.6481146514613902,1.0459793927179923,0.3358743485888322,0.6716766727081738,0.6022795418341795,0.34187290818236094,0.643362607327072,0.6524430436550572,0.8078324631511328,1.2769317968145988,0.15645560130135022,0.0145398666145235,1.1029984674097755,1,-0.010937516225400845,-0.03819354274662834,0.026130157468759796,0.03007797969741266,-0.010693313524199277,-0.020743638651770813,0.007080195056793137,0.012868767241108636,0.004137028027233369,0.017004626879385754,-0.04010034662020756,-0.07460181945800226,0.04765648943163492,0.08942774745115889,0.0,0.0030646053646500304,-5.555502501919385e-06,0.003416258072573064,0.0010659880146810519,-0.022965494725849078,5.551115123125783e-17,-0.005535163004978028,5.0306980803327406e-17,-0.0014192961756265485,5.565071649873373,17.912688215363424,False,True,True,False
uplift_pred_ge_8_prob_ge_0.70_signal_ge_80_x108,pred_ge_8_prob_ge_0.70_signal_ge_80,1.08,771,0.019008875739644972,0.647577516422251,1.0484038266421871,0.33290410243388346,0.6740228506390726,0.6024333852957,0.34187455361275454,0.6395643355540224,0.6524430436550572,0.8078158050143227,1.2781852922142276,0.15645560130135022,0.0145398666145235,1.1074074089429957,1,-0.011474651264540059,-0.03873067778576755,0.028554591392954576,0.03250241362160744,-0.013663559679148007,-0.023713884806719543,0.009426372987692,0.015214945172007499,0.004290871488753845,0.01715847034090623,-0.04009870118981396,-0.07460017402760866,0.04385821765858533,0.0856294756781093,0.0,0.0030646053646500304,-2.221363931198539e-05,0.003399599935762998,0.0023194834143098753,-0.021711999326220255,5.551115123125783e-17,-0.005535163004978028,5.0306980803327406e-17,-0.0014192961756265485,5.64333605698264,17.912293130071475,False,True,True,False
uplift_pred_ge_10_prob_ge_0.50_signal_ge_80_x108,pred_ge_10_prob_ge_0.50_signal_ge_80,1.08,585,0.014423076923076924,0.648540330450627,1.045346627143867,0.3368128690542303,0.6703306778790675,0.6009239533018447,0.3420256744791934,0.643362607327072,0.6524430436550572,0.8078279370854986,1.2766807246000655,0.15645560130135022,0.0145398666145235,1.1022489965425444,1,-0.010511837236164112,-0.037767863757391607,0.025497391894634402,0.029445214123287267,-0.00975479305880117,-0.019805118186372705,0.005734200227686892,0.011522772412002391,0.0027814394948985077,0.015649038347050892,-0.03994758032337509,-0.07444905316116979,0.04765648943163492,0.08942774745115889,0.0,0.0030646053646500304,-1.0081568136088848e-05,0.0034117320069388946,0.0008149158001478085,-0.02321656694038232,5.551115123125783e-17,-0.005535163004978028,5.0306980803327406e-17,-0.0014192961756265485,5.503047184359312,17.87600740697488,False,True,True,False
uplift_pred_ge_10_prob_ge_0.70_signal_ge_20_x108,pred_ge_10_prob_ge_0.70_signal_ge_20,1.08,608,0.014990138067061143,0.6480160430528479,1.0458218972610358,0.3357849665111229,0.6720078609862614,0.6022795418341795,0.34210697463997,0.6395643355540224,0.6524430436550572,0.8078345977841511,1.2769317968145988,0.15645560130135022,0.0145398666145235,1.1026439471936502,1,-0.011036124633943212,-0.038292151155170706,0.02597266201180326,0.029920484240456124,-0.010782695601908587,-0.020833020729480123,0.007411383334880783,0.013199955519196283,0.004137028027233369,0.017004626879385754,-0.03986628016259852,-0.07436775300039322,0.04385821765858533,0.0856294756781093,0.0,0.0030646053646500304,-3.420869483572453e-06,0.003418392705591411,0.0010659880146810519,-0.022965494725849078,5.551115123125783e-17,-0.005535163004978028,5.0306980803327406e-17,-0.0014192961756265485,5.579439598467687,17.85648637595406,False,True,True,False
uplift_pred_ge_10_prob_ge_0.70_signal_ge_50_x108,pred_ge_10_prob_ge_0.70_signal_ge_50,1.08,604,0.014891518737672584,0.6481007768391337,1.04573716347475,0.3359550577301358,0.6716766727081738,0.6022795418341795,0.34210697463997,0.6395643355540224,0.6524430436550572,0.8078309013248607,1.2769317968145988,0.15645560130135022,0.0145398666145235,1.1025692392831972,1,-0.010951390847657394,-0.03820741736888489,0.025887928225517554,0.029835750454170418,-0.010612604382895685,-0.02066292951046722,0.007080195056793137,0.012868767241108636,0.004137028027233369,0.017004626879385754,-0.03986628016259852,-0.07436775300039322,0.04385821765858533,0.0856294756781093,0.0,0.0030646053646500304,-7.117328774008946e-06,0.0034146962463009745,0.0010659880146810519,-0.022965494725849078,5.551115123125783e-17,-0.005535163004978028,5.0306980803327406e-17,-0.0014192961756265485,5.567093281317329,17.85648637595406,False,True,True,False
uplift_pred_ge_10_prob_ge_0.70_signal_ge_80_x108,pred_ge_10_prob_ge_0.70_signal_ge_80,1.08,578,0.014250493096646943,0.6484979956859025,1.0451328580430927,0.33689357819553384,0.6703306778790675,0.6009239533018447,0.3421642526915748,0.6395643355540224,0.6524430436550572,0.8078268367078978,1.2766807246000655,0.15645560130135022,0.0145398666145235,1.101819768415966,1,-0.010554172000888595,-0.03781019852211609,0.025283622793860205,0.02923144502251307,-0.009674083917497633,-0.01972440904506917,0.005734200227686892,0.011522772412002391,0.0027814394948985077,0.015649038347050892,-0.039809002110993696,-0.0743104749487884,0.04385821765858533,0.0856294756781093,0.0,0.0030646053646500304,-1.1181945736904453e-05,0.003410631629338079,0.0008149158001478085,-0.02321656694038232,5.551115123125783e-17,-0.005535163004978028,5.0306980803327406e-17,-0.0014192961756265485,5.509215661594723,17.842733308167844,False,True,True,False
uplift_pred_ge_8_prob_ge_0.85_signal_ge_20_x108,pred_ge_8_prob_ge_0.85_signal_ge_20,1.08,791,0.01950197238658777,0.6477891822273147,1.048402830819379,0.3318251984589179,0.6759746249665006,0.6051509628557792,0.3438607241851216,0.6395643355540224,0.6524430436550572,0.8078076782974014,1.2787301885618798,0.15645560130135022,0.0145398666145235,1.1087846134726733,1,-0.011262985459476349,-0.03851901198070384,0.028553595570146362,0.032501417798799226,-0.01474246365411358,-0.024792788781685116,0.01137814731511999,0.01716671949943549,0.007008449048833021,0.019876047900985405,-0.038112530617446905,-0.0726140034552416,0.04385821765858533,0.0856294756781093,0.0,0.0030646053646500304,-3.0340356233282684e-05,0.0033914732188417007,0.002864379761962077,-0.021167102978568053,5.551115123125783e-17,-0.005535163004978028,5.0306980803327406e-17,-0.0014192961756265485,5.612494839166791,17.43539250668427,False,True,True,False
uplift_pred_ge_8_prob_ge_0.85_signal_ge_50_x108,pred_ge_8_prob_ge_0.85_signal_ge_50,1.08,776,0.01913214990138067,0.6478378224373229,1.0481478418318881,0.33212319136628476,0.6758398610704113,0.6041535128557791,0.3438607241851216,0.6395643355540224,0.6524430436550572,0.8077953768342054,1.2787301885618798,0.15645560130135022,0.0145398666145235,1.108077309236822,1,-0.011214345249468183,-0.03847037177069568,0.028298606582655594,0.03224642881130846,-0.014444470746746707,-0.024494795874318243,0.01124338341903064,0.01703195560334614,0.0060109990488329545,0.01887859790098534,-0.038112530617446905,-0.0726140034552416,0.04385821765858533,0.0856294756781093,0.0,0.0030646053646500304,-4.26418194292566e-05,0.003379171755645727,0.002864379761962077,-0.021167102978568053,5.551115123125783e-17,-0.005535163004978028,5.0306980803327406e-17,-0.0014192961756265485,5.605407613570673,17.43539250668427,False,True,True,False
uplift_pred_ge_8_prob_ge_0.85_signal_ge_80_x108,pred_ge_8_prob_ge_0.85_signal_ge_80,1.08,718,0.01770216962524655,0.6485786495596099,1.0470127252235322,0.3338475742212185,0.6737404168543506,0.6015217266730006,0.34406941136321123,0.6395643355540224,0.6524430436550572,0.8077849547558176,1.2780976824343027,0.15645560130135022,0.0145398666145235,1.1061872507471715,1,-0.010473518127181225,-0.03772954464840872,0.027163489974299626,0.03111131220295249,-0.012720087891812948,-0.022770413019384483,0.009143939202969964,0.014932511387285463,0.0033792128660544707,0.016246811718206855,-0.037903843439357265,-0.07240531627715197,0.04385821765858533,0.0856294756781093,0.0,0.0030646053646500304,-5.306389781711829e-05,0.003368749677257865,0.002231873634384929,-0.0217996091061452,5.551115123125783e-17,-0.005535163004978028,5.0306980803327406e-17,-0.0014192961756265485,5.49746381681303,17.385284501506618,False,True,True,False
uplift_pred_ge_10_prob_ge_0.85_signal_ge_20_x108,pred_ge_10_prob_ge_0.85_signal_ge_20,1.08,568,0.014003944773175542,0.6489613071839693,1.0446378277111488,0.33653036649618256,0.671739156057855,0.6018630915446797,0.34417884162825363,0.6395643355540224,0.6524430436550572,0.807815904494388,1.2769317968145988,0.15645560130135022,0.0145398666145235,1.1017942258906317,1,-0.010090860502821819,-0.03734688702404931,0.024788592461916226,0.02873641469056909,-0.010037295616848907,-0.020087620744420442,0.007142678406474312,0.012931250590789811,0.003720577737733488,0.016588176589885872,-0.03779441317431487,-0.07229588601210957,0.04385821765858533,0.0856294756781093,0.0,0.0030646053646500304,-2.2114159246688914e-05,0.0033996994158282945,0.0010659880146810519,-0.022965494725849078,5.551115123125783e-17,-0.005535163004978028,5.0306980803327406e-17,-0.0014192961756265485,5.441707871074835,17.359009134052176,False,True,True,False
uplift_pred_ge_10_prob_ge_0.85_signal_ge_50_x108,pred_ge_10_prob_ge_0.85_signal_ge_50,1.08,566,0.013954635108481262,0.6490048212546324,1.0445943136404858,0.3366255534297472,0.6714712684047672,0.6018630915446797,0.34417884162825363,0.6395643355540224,0.6524430436550572,0.8078140158872608,1.2769317968145988,0.15645560130135022,0.0145398666145235,1.1017195179801786,1,-0.010047346432158655,-0.03730337295338615,0.024745078391253283,0.028692900619906148,-0.009942108683284268,-0.019992433810855803,0.006874790753386595,0.012663362937702094,0.003720577737733488,0.016588176589885872,-0.03779441317431487,-0.07229588601210957,0.04385821765858533,0.0856294756781093,0.0,0.0030646053646500304,-2.4002766373931728e-05,0.0033978108087010517,0.0010659880146810519,-0.022965494725849078,5.551115123125783e-17,-0.005535163004978028,5.0306980803327406e-17,-0.0014192961756265485,5.435367560551022,17.359009134052176,False,True,True,False
uplift_pred_ge_10_prob_ge_0.85_signal_ge_80_x108,pred_ge_10_prob_ge_0.85_signal_ge_80,1.08,542,0.013362919132149901,0.6493572613685938,1.044034786941636,0.33748270217936416,0.6701996403790674,0.600507503012345,0.34423611967985845,0.6395643355540224,0.6524430436550572,0.8078108279368069,1.2766807246000655,0.15645560130135022,0.0145398666145235,1.1009700471129473,1,-0.00969490631819725,-0.036950932839424744,0.02418555169240344,0.028133373921056304,-0.009084959933667314,-0.01913528506123885,0.005603162727686795,0.011391734912002294,0.0023649892053988486,0.015232588057551233,-0.03773713512271004,-0.07223860796050474,0.04385821765858533,0.0856294756781093,0.0,0.0030646053646500304,-2.7190716827774075e-05,0.0033946228582472093,0.0008149158001478085,-0.02321656694038232,5.551115123125783e-17,-0.005535163004978028,5.0306980803327406e-17,-0.0014192961756265485,5.384014521648709,17.345256066265964,False,True,True,False
uplift_pred_ge_8_prob_ge_0.50_signal_ge_120_x108,pred_ge_8_prob_ge_0.50_signal_ge_120,1.08,660,0.016272189349112426,0.6492719107190343,1.0459349969724872,0.3354530866578458,0.6708454755664718,0.6005508875946736,0.34430821220251095,0.6428453806662175,0.6524430436550572,0.8077922332885143,1.2774398545088148,0.15645560130135022,0.0145398666145235,1.1036592818461386,1,-0.00978025696775675,-0.037036283488984245,0.026085761723254608,0.030033583951907472,-0.011114575455185682,-0.021164900582757218,0.006248997915091148,0.012037570099406647,0.0024083737877274025,0.015275972639879787,-0.03766504260005754,-0.07216651543785224,0.04713926277078051,0.08891052079030448,0.0,0.0030646053646500304,-4.578536512034326e-05,0.00337602820995464,0.001574045708897076,-0.022457437031633054,5.551115123125783e-17,-0.005535163004978028,5.0306980803327406e-17,-0.0014192961756265485,5.396450720178728,17.3279458868318,False,True,True,False
uplift_pred_ge_8_prob_ge_0.70_signal_ge_120_x108,pred_ge_8_prob_ge_0.70_signal_ge_120,1.08,647,0.015951676528599606,0.6492602192832446,1.0456448158054996,0.3356315671700959,0.6708454755664718,0.6005508875946736,0.34444679041489235,0.639047108893168,0.6524430436550572,0.8077820589079322,1.2774398545088148,0.15645560130135022,0.0145398666145235,1.1029956278991282,1,-0.009791948403546469,-0.03704797492477396,0.025795580556267073,0.029743402784919937,-0.01093609494293557,-0.020986420070507106,0.006248997915091148,0.012037570099406647,0.0024083737877274025,0.015275972639879787,-0.03752646438767615,-0.07202793722547085,0.04334099099773092,0.08511224901725489,0.0,0.0030646053646500304,-5.595974570249407e-05,0.0033658538293724893,0.001574045708897076,-0.022457437031633054,5.551115123125783e-17,-0.005535163004978028,5.0306980803327406e-17,-0.0014192961756265485,5.398154245779674,17.29467178802476,False,True,True,False
uplift_pred_ge_8_prob_ge_0.85_signal_ge_120_x108,pred_ge_8_prob_ge_0.85_signal_ge_120,1.08,603,0.014866863905325444,0.6502028218849512,1.0444606670194727,0.33645341038349297,0.6704619345942495,0.6001344373051738,0.34641645726600684,0.639047108893168,0.6524430436550572,0.8077635020335552,1.27735224472889,0.15645560130135022,0.0145398666145235,1.1019508168377103,1,-0.008849345801839936,-0.03610537232306743,0.024611431770240166,0.02855925399889303,-0.010114251729538504,-0.02016457685711004,0.005865456942868885,0.011654029127184384,0.0019919234982276324,0.014859522350380017,-0.03555679753656166,-0.07005827037435636,0.04334099099773092,0.08511224901725489,0.0,0.0030646053646500304,-7.451662007951221e-05,0.003347296954995471,0.0014864359289723517,-0.02254504681155778,5.551115123125783e-17,-0.005535163004978028,5.0306980803327406e-17,-0.0014192961756265485,5.260810322209845,16.821733883178982,False,True,True,False
uplift_top_demand_score_q95_x105,top_demand_score_q95,1.05,2028,0.05,0.6496305969816731,1.0470309672382974,0.32702704656964665,0.6813313403966406,0.6131034479142248,0.3556271089162181,0.625491423790209,0.6524430436550572,0.8078237905025989,1.2840094898257894,0.15645560130135022,0.0145398666145235,1.1048049552305996,1,-0.009421570705117954,-0.03667759722634545,0.027181731989064817,0.03112955421771768,-0.01954061554338482,-0.029590940670956356,0.016734862745259926,0.022523434929575425,0.014960934107278612,0.027828532959430996,-0.02634614588635037,-0.06084761872414507,0.029785305894771907,0.07155656391429588,0.0,0.0030646053646500304,-1.4228151035799996e-05,0.0034075854240391834,0.008143681025871707,-0.015887801714658423,5.551115123125783e-17,-0.005535163004978028,5.0306980803327406e-17,-0.0014192961756265485,5.344187572854266,14.610158716926655,False,True,True,False
uplift_top_pred_qty_q95_x105,top_pred_qty_q95,1.05,2028,0.05,0.6496963053618091,1.0470402476005618,0.3270848257195562,0.6815360521224589,0.6131034479142248,0.3556271089162181,0.625491423790209,0.6524430436550572,0.8078380186536347,1.2836984426374611,0.15645560130135022,0.0145398666145235,1.104810307702573,1,-0.009355862324981978,-0.03661188884620947,0.027191012351329258,0.031138834579982122,-0.019482836393475256,-0.02953316152104679,0.0169395744710783,0.0227281466553938,0.014960934107278612,0.027828532959430996,-0.02634614588635037,-0.06084761872414507,0.029785305894771907,0.07155656391429588,0.0,0.0030646053646500304,0.0,0.0034218135750749834,0.007832633837543401,-0.01619884890298673,5.551115123125783e-17,-0.005535163004978028,5.0306980803327406e-17,-0.0014192961756265485,5.334613393106666,14.610158716926655,False,True,True,False
uplift_top_demand_score_q93_x105,top_demand_score_q93,1.05,2840,0.07001972386587771,0.6502331467390636,1.0507745373973005,0.32427362340448207,0.6895179646323808,0.61533576660646,0.3556271089162181,0.625491423790209,0.6524430436550572,0.8077928227184722,1.2906046901425507,0.15645560130135022,0.015538634264006129,1.1094937031850427,1,-0.008819020947727463,-0.03607504746895496,0.03092530214806799,0.034873124376720854,-0.022294038708549402,-0.03234436383612094,0.024921486981000163,0.030710059165315662,0.017193252799513892,0.030060851651666276,-0.02634614588635037,-0.06084761872414507,0.029785305894771907,0.07155656391429588,0.0,0.0030646053646500304,-4.5195935162500867e-05,0.0033766176399124825,0.014738881342633015,-0.009292601397897116,5.551115123125783e-17,-0.005535163004978028,0.0009987676494826788,-0.00042052852614391997,5.256391774628978,14.610158716926655,False,True,True,False
uplift_top_pred_qty_q93_x105,top_pred_qty_q93,1.05,2840,0.07001972386587771,0.6503868649674618,1.0507896985211815,0.32432612998110255,0.6876789450740054,0.61533576660646,0.3556271089162181,0.625491423790209,0.6524430436550572,0.8078380186536347,1.2900587513605293,0.15645560130135022,0.01562784563548228,1.1095022011805953,1,-0.008665302719329304,-0.0359213292405568,0.030940463271948992,0.03488828550060186,-0.02224153213192892,-0.032291857259500456,0.023082467422624764,0.028871039606940263,0.017193252799513892,0.030060851651666276,-0.02634614588635037,-0.06084761872414507,0.029785305894771907,0.07155656391429588,0.0,0.0030646053646500304,0.0,0.0034218135750749834,0.014192942560611543,-0.009838540179918587,5.551115123125783e-17,-0.005535163004978028,0.0010879790209588295,-0.0003313171546677693,5.233993932129728,14.610158716926655,False,True,True,False
uplift_top_demand_score_q90_x103,top_demand_score_q90,1.03,4056,0.1,0.6544730684885115,1.0409875270653954,0.33183003239083136,0.6835425557711268,0.6127545891367592,0.36599503999398564,0.6135773014323003,0.6524430436550572,0.8077902324203022,1.2909316368723132,0.15645560130135022,0.015216837827575998,1.1005532658062007,1,-0.00457909919827959,-0.031835125719507085,0.02113829181616289,0.025086114044815755,-0.014737629722200107,-0.024787954849771643,0.018946078119746135,0.024734650304061634,0.014612075329813012,0.027479674181965397,-0.015978214808582858,-0.05047968764637756,0.017871183536863233,0.059642441556387205,0.0,0.0030646053646500304,-4.778623333245857e-05,0.003374027341742525,0.015065828072395426,-0.008965654668134704,5.551115123125783e-17,-0.005535163004978028,0.000676971213052548,-0.0007423249625740508,4.638604928248594,12.12070848389343,False,True,True,False
uplift_top_pred_qty_q90_x103,top_pred_qty_q90,1.03,4056,0.1,0.654581070667406,1.0409994179749293,0.33185523308352544,0.6835425557711268,0.6127545891367592,0.36599503999398564,0.6135773014323003,0.6524430436550572,0.8078380186536347,1.2902981889526668,0.15645560130135022,0.015216837827575998,1.1005632783428714,1,-0.004471097019385084,-0.03172712354061258,0.021150182725696798,0.025098004954349662,-0.014712429029506036,-0.02476275415707757,0.018946078119746135,0.024734650304061634,0.014612075329813012,0.027479674181965397,-0.015978214808582858,-0.05047968764637756,0.017871183536863233,0.059642441556387205,0.0,0.0030646053646500304,0.0,0.0034218135750749834,0.014432380152749058,-0.009599102587781072,5.551115123125783e-17,-0.005535163004978028,0.000676971213052548,-0.0007423249625740508,4.6228682402990735,12.12070848389343,False,True,True,False
coverage_router_base_recomputed,no_uplift,1.0,0,0.0,0.6590521676867911,1.0198492352492323,0.34656766211303147,0.6645964776513806,0.5981425138069462,0.3819732548025686,0.595706117895437,0.6524430436550572,0.8078380186536347,1.2758658087999175,0.15645560130135022,0.0145398666145235,1.0793420543605639,0,0.0,-0.027256026521227494,-2.220446049250313e-16,0.003947822228652642,0.0,-0.010050325127571536,0.0,0.005788572184315499,0.0,0.012867598852152384,1.1102230246251565e-16,-0.03450147283779459,0.0,0.04177125801952397,0.0,0.0030646053646500304,0.0,0.0034218135750749834,-2.220446049250313e-16,-0.024031482740530352,5.551115123125783e-17,-0.005535163004978028,5.0306980803327406e-17,-0.0014192961756265485,3.9713975078907846,8.284169614149436,True,True,False,False
uplift_top_demand_score_q95_x12,top_demand_score_q95,1.2,2028,0.05,0.634935589719266,1.1285761632054925,0.2758788956830054,0.7437355161747836,0.669352634596848,0.2864741437467254,0.7148473414745244,0.6524430436550572,0.8078168780602438,1.308440532903405,0.15645560130135022,0.0145398666145235,1.1811936578407065,3,-0.024116577967525088,-0.05137260448875258,0.10872692795625993,0.1126747501849128,-0.07068876643002608,-0.08073909155759762,0.07913903852340298,0.08492761070771848,0.07121012078990185,0.08407771964205424,-0.09549911105584308,-0.13000058389363778,0.11914122357908741,0.16091248159861138,0.0,0.0030646053646500304,-2.1140593390867046e-05,0.0034006729816841164,0.032574724103487274,0.008543241362957144,5.551115123125783e-17,-0.005535163004978028,5.0306980803327406e-17,-0.0014192961756265485,7.485354964766988,31.214519217093212,False,False,False,False
uplift_top_pred_qty_q95_x12,top_pred_qty_q95,1.2,2028,0.05,0.6351871421359627,1.1286132846545498,0.2760895779374772,0.7433992500600902,0.6716582498662864,0.2864741437467254,0.7148473414745244,0.6524430436550572,0.8078380186536347,1.3071963441500924,0.15645560130135022,0.0145398666145235,1.1812150677285993,3,-0.023865025550828367,-0.05112105207205586,0.10876404940531725,0.11271187163397012,-0.07047808417555429,-0.08052840930312583,0.07880277240870959,0.08459134459302509,0.07351573605934025,0.08638333491149264,-0.09549911105584308,-0.13000058389363778,0.11914122357908741,0.16091248159861138,0.0,0.0030646053646500304,0.0,0.0034218135750749834,0.031330535350174715,0.007299052609644585,5.551115123125783e-17,-0.005535163004978028,5.0306980803327406e-17,-0.0014192961756265485,7.448701983086213,31.214519217093212,False,False,False,False
uplift_top_demand_score_q93_x12,top_demand_score_q93,1.2,2840,0.07001972386587771,0.6385881614622725,1.1435504438415043,0.2655287011308727,0.7738905788658176,0.6854632123068183,0.2864741437467254,0.7148473414745244,0.6524430436550572,0.8078324276469787,1.3348213341704511,0.15645560130135022,0.016498443869228063,1.1999486496584788,3,-0.020464006224518605,-0.0477200327457461,0.12370120859227174,0.1276490308209246,-0.08103896098215879,-0.09108928610973033,0.10929410121443695,0.11508267339875244,0.08732069849987212,0.1001882973520245,-0.09549911105584308,-0.13000058389363778,0.11914122357908741,0.16091248159861138,0.0,0.0030646053646500304,-5.591006655980557e-06,0.003416222568419003,0.05895552537053339,0.03492404263000326,5.551115123125783e-17,-0.005535163004978028,0.001958577254704613,0.0005392810790780141,6.953149204464001,31.214519217093212,False,False,False,False
uplift_top_pred_qty_q93_x12,top_pred_qty_q93,1.2,2840,0.07001972386587771,0.6391202960696024,1.143611088337029,0.2657097782083371,0.7719391459774347,0.6854632123068183,0.2864741437467254,0.7148473414745244,0.6524430436550572,0.8078380186536347,1.3326375790423648,0.15645560130135022,0.017289051651933007,1.1999826416406882,3,-0.01993187161718868,-0.04718789813841617,0.12376185308779641,0.12770967531644928,-0.0808578839046944,-0.09090820903226593,0.1073426683260541,0.1131312405103696,0.08732069849987212,0.1001882973520245,-0.09549911105584308,-0.13000058389363778,0.11914122357908741,0.16091248159861138,0.0,0.0030646053646500304,0.0,0.0034218135750749834,0.05677177024244706,0.03274028750191693,5.551115123125783e-17,-0.005535163004978028,0.0027491850374095576,0.0013298888617829588,6.875613395942293,31.214519217093212,False,False,False,False
uplift_top_demand_score_q90_x12,top_demand_score_q90,1.2,4056,0.1,0.6460403082623056,1.1607711806903187,0.25779879611478634,0.7923751831816566,0.7083388565096103,0.2864741437467254,0.7148473414745244,0.6524430436550572,0.8077689751321255,1.3763046626158888,0.15645560130135022,0.019528104256729687,1.2207501306648092,4,-0.013011859424485461,-0.040267885945712956,0.14092194544108616,0.14486976766973902,-0.08876886599824513,-0.09881919112581666,0.12777870553027593,0.13356727771459143,0.1101963427026641,0.12306394155481648,-0.09549911105584308,-0.13000058389363778,0.11914122357908741,0.16091248159861138,0.0,0.0030646053646500304,-6.904352150916004e-05,0.0033527700535658234,0.10043885381597106,0.07640737107544093,5.551115123125783e-17,-0.005535163004978028,0.004988237642206237,0.0035689414665796386,5.8673182522876655,31.214519217093212,False,False,False,False
uplift_top_pred_qty_q90_x12,top_pred_qty_q90,1.2,4056,0.1,0.6466229407458113,1.1608504534205462,0.257966800732747,0.7914296565124685,0.7083433892746753,0.2864741437467254,0.7148473414745244,0.6524430436550572,0.8078380186536347,1.3720816764849142,0.15645560130135022,0.01991889565904827,1.2208168809092796,4,-0.01242922694097981,-0.039685253462207304,0.1410012181713136,0.14494904039996648,-0.08860086138028445,-0.09865118650785598,0.12683317886108791,0.1326217510454034,0.11020087546772916,0.12306847431988155,-0.09549911105584308,-0.13000058389363778,0.11914122357908741,0.16091248159861138,0.0,0.0030646053646500304,0.0,0.0034218135750749834,0.09621586768499646,0.07218438494446633,5.551115123125783e-17,-0.005535163004978028,0.00537902904452482,0.003959732868898221,5.782424542956686,31.214519217093212,False,False,False,False
uplift_top_demand_score_q97_x12,top_demand_score_q97,1.2,1220,0.03007889546351085,0.6341869744625799,1.108432797321895,0.29527437795833306,0.7086916625631494,0.6427126551886375,0.28659314055830587,0.7148473414745244,0.6524430436550572,0.8078448048073034,1.2872584008916432,0.15645560130135022,0.0145398666145235,1.1559063574620214,2,-0.024865193224211213,-0.05212121974543871,0.08858356207266249,0.09253138430131536,-0.051293284154698415,-0.06134360928226995,0.04409518491176878,0.04988375709608428,0.04457014138169135,0.05743774023384374,-0.09538011424426263,-0.12988158708205733,0.11914122357908741,0.16091248159861138,0.0,0.0030646053646500304,6.786153668669748e-06,0.003428599728743653,0.011392592091725495,-0.012638890648804635,5.551115123125783e-17,-0.005535163004978028,5.0306980803327406e-17,-0.0014192961756265485,7.594433548266928,31.18594682033467,False,False,False,False
uplift_top_pred_qty_q97_x12,top_pred_qty_q97,1.2,1220,0.03007889546351085,0.6342353812970104,1.1084533815334934,0.2952828987784202,0.7086916625631494,0.6435113528895303,0.28659314055830587,0.7148473414745244,0.6524430436550572,0.8078380186536347,1.2868441061827838,0.15645560130135022,0.0145398666145235,1.1559312062955602,2,-0.024816786389780687,-0.05207281291100818,0.08860414628426083,0.0925519685129137,-0.051284763334611294,-0.06133508846218283,0.04409518491176878,0.04988375709608428,0.045368839082584156,0.05823643793473654,-0.09538011424426263,-0.12988158708205733,0.11914122357908741,0.16091248159861138,0.0,0.0030646053646500304,0.0,0.0034218135750749834,0.010978297382866042,-0.013053185357664088,5.551115123125783e-17,-0.005535163004978028,5.0306980803327406e-17,-0.0014192961756265485,7.587380327157367,31.18594682033467,False,False,False,False
uplift_top_demand_score_q95_x115,top_demand_score_q95,1.15,2028,0.05,0.6379997986311292,1.1013944312164274,0.2916450481008973,0.721886128855394,0.652474594335992,0.30859368010595195,0.6850620355797525,0.6524430436550572,0.8078168780602438,1.3002968518775329,0.15645560130135022,0.0145398666145235,1.155730756970671,2,-0.02105236905566188,-0.048308395576889374,0.0815451959671949,0.08549301819584776,-0.05492261401213416,-0.0649729391397057,0.057289651204013414,0.06307822338832891,0.05433208052904581,0.0671996793811982,-0.07337957469661655,-0.10788104753441125,0.0893559176843155,0.13112717570383947,0.0,0.0030646053646500304,-2.1140593390867046e-05,0.0034006729816841164,0.024431043077615122,0.00039956033708499206,5.551115123125783e-17,-0.005535163004978028,5.0306980803327406e-17,-0.0014192961756265485,7.038877866325927,25.90338389693824,False,False,False,False
uplift_top_pred_qty_q95_x115,top_pred_qty_q95,1.15,2028,0.05,0.638207562156962,1.1014222723032205,0.29182794202502577,0.722821179823095,0.652474594335992,0.30859368010595195,0.6850620355797525,0.6524430436550572,0.8078380186536347,1.2993637103125488,0.15645560130135022,0.0145398666145235,1.1557468143865905,2,-0.02084460552982914,-0.048100632051056635,0.081573037053988,0.08552085928264086,-0.054739720088005706,-0.06479004521557724,0.05822470217171438,0.06401327435602988,0.05433208052904581,0.0671996793811982,-0.07337957469661655,-0.10788104753441125,0.0893559176843155,0.13112717570383947,0.0,0.0030646053646500304,0.0,0.0034218135750749834,0.023497901512631092,-0.0005335812278990382,5.551115123125783e-17,-0.005535163004978028,5.0306980803327406e-17,-0.0014192961756265485,7.008605238432784,25.90338389693824,False,False,False,False
uplift_top_demand_score_q93_x115,top_demand_score_q93,1.15,2840,0.07001972386587771,0.6404355424566707,1.112625141693436,0.2837013029391884,0.7453832861893347,0.6623096460387623,0.30859368010595195,0.6850620355797525,0.6524430436550572,0.8078316628799285,1.3200824528278177,0.15645560130135022,0.01644050644164985,1.169797000834,2,-0.01861662523012042,-0.045872651751347915,0.09277590644420353,0.09672372867285639,-0.06286635917384309,-0.07291668430141462,0.08078680853795406,0.08657538072226956,0.06416713223181614,0.07703473108396852,-0.07337957469661655,-0.10788104753441125,0.0893559176843155,0.13112717570383947,0.0,0.0030646053646500304,-6.355773706223644e-06,0.0034154578013687598,0.04421664402789993,0.0201851612873698,5.551115123125783e-17,-0.005535163004978028,0.0019006398271263995,0.0004813436514998007,6.683972614414685,25.90338389693824,False,False,False,False
uplift_top_pred_qty_q93_x115,top_pred_qty_q93,1.15,2840,0.07001972386587771,0.6408671818627714,1.1126706250650797,0.28385350302201895,0.7435907544900409,0.6623096460387623,0.30859368010595195,0.6850620355797525,0.6524430436550572,0.8078380186536347,1.318444636481753,0.15645560130135022,0.01697039580025282,1.1698224948206573,2,-0.018184985824019728,-0.04544101234524722,0.0928213898158472,0.09676921204450006,-0.06271415909101252,-0.07276448421858406,0.07899427683866023,0.08478284902297573,0.06416713223181614,0.07703473108396852,-0.07337957469661655,-0.10788104753441125,0.0893559176843155,0.13112717570383947,0.0,0.0030646053646500304,0.0,0.0034218135750749834,0.042578827681835296,0.018547344941305166,5.551115123125783e-17,-0.005535163004978028,0.002430529185729372,0.001011233010102773,6.621079673642094,25.90338389693824,False,False,False,False
uplift_top_demand_score_q90_x115,top_demand_score_q90,1.15,4056,0.1,0.645830719593937,1.125540694330047,0.2778176797186598,0.7593595505490877,0.6798349140025645,0.30859368010595195,0.6850620355797525,0.6524430436550572,0.8077689751321255,1.3511949491618958,0.15645560130135022,0.018197684729555026,1.185398111588748,2,-0.013221448092854082,-0.04047747461408158,0.10569145908081445,0.10963928130946732,-0.06874998239437169,-0.07880030752194322,0.09476307289770702,0.10055164508202252,0.0816924001956183,0.09455999904777068,-0.07337957469661655,-0.10788104753441125,0.0893559176843155,0.13112717570383947,0.0,0.0030646053646500304,-6.904352150916004e-05,0.0033527700535658234,0.07532914036197802,0.05129765762144789,5.551115123125783e-17,-0.005535163004978028,0.0036578181150315765,0.0022385219394049777,5.897856816468804,25.90338389693824,False,False,False,False
uplift_top_pred_qty_q90_x115,top_pred_qty_q90,1.15,4056,0.1,0.6462778671129077,1.1256001488777176,0.2779436831821303,0.7593595505490877,0.6801646838469542,0.30859368010595195,0.6850620355797525,0.6524430436550572,0.8078380186536347,1.3480277095636648,0.15645560130135022,0.01864865184495581,1.1854481742721008,2,-0.012774300573883401,-0.040030327095110896,0.1057509136284851,0.10969873585713796,-0.06862397893090116,-0.0786743040584727,0.09476307289770702,0.10055164508202252,0.082022170040008,0.09488976889216039,-0.07337957469661655,-0.10788104753441125,0.0893559176843155,0.13112717570383947,0.0,0.0030646053646500304,0.0,0.0034218135750749834,0.07216190076374707,0.048130418023216937,5.551115123125783e-17,-0.005535163004978028,0.004108785230432359,0.0026894890548057604,5.832704233016601,25.90338389693824,False,False,False,False
uplift_top_demand_score_q93_x112,top_demand_score_q93,1.12,2840,0.07001972386587771,0.6425105091429761,1.0940699604045956,0.29533210811853683,0.7293764256912061,0.6482119919322681,0.32222551697014534,0.6671908520428896,0.6524430436550572,0.8078261646600886,1.3112391240222376,0.15645560130135022,0.01629566287270431,1.151706011539313,2,-0.016541658543814952,-0.043797685065042447,0.07422072515536304,0.07816854738401591,-0.05123555399449464,-0.06128587912206618,0.06477994803982545,0.07056852022414095,0.05006947812532192,0.0629370769774743,-0.05974773783242315,-0.09424921067021785,0.0714847341474526,0.11325599216697657,0.0,0.0030646053646500304,-1.1853993546084851e-05,0.0034099595815288986,0.0353733152223199,0.011341832481789771,5.551115123125783e-17,-0.005535163004978028,0.0017557962581808608,0.00033650008255426203,6.381635165464375,22.630235261623007,False,False,False,False
uplift_top_pred_qty_q93_x112,top_pred_qty_q93,1.12,2840,0.07001972386587771,0.6428702095451035,1.0941063471019106,0.29545640421514946,0.7276670420776917,0.6482119919322681,0.32222551697014534,0.6671908520428896,0.6524430436550572,0.8078380186536347,1.3099288709453858,0.15645560130135022,0.016680708662361744,1.1517264067286388,2,-0.016181958141687547,-0.04343798466291504,0.07425711185267803,0.07820493408133089,-0.05111125789788201,-0.06116158302545355,0.0630705644263111,0.06885913661062659,0.05006947812532192,0.0629370769774743,-0.05974773783242315,-0.09424921067021785,0.0714847341474526,0.11325599216697657,0.0,0.0030646053646500304,0.0,0.0034218135750749834,0.03406306214546806,0.01003157940493793,5.551115123125783e-17,-0.005535163004978028,0.0021408420478382945,0.0007215458722116957,6.329224250781578,22.630235261623007,False,False,False,False
uplift_top_demand_score_q90_x112,top_demand_score_q90,1.12,4056,0.1,0.6467365707366215,1.1044024025138843,0.29058717104134757,0.7410520587695463,0.6626556321402296,0.32222551697014534,0.6671908520428896,0.6524430436550572,0.8077693773184484,1.3361291210895005,0.15645560130135022,0.017520362783786814,1.164186900143111,2,-0.012315596950169594,-0.03957162347139709,0.08455316726465179,0.08850098949330465,-0.0559804910716839,-0.06603081619925544,0.07645558111816564,0.08224415330248114,0.06451311833328344,0.07738071718543582,-0.05974773783242315,-0.09424921067021785,0.0714847341474526,0.11325599216697657,0.0,0.0030646053646500304,-6.864133518624804e-05,0.0033531722398887354,0.060263312289582815,0.036231829549052685,5.551115123125783e-17,-0.005535163004978028,0.0029804961692633646,0.0015611999936367658,5.76586784266239,22.630235261623007,False,False,False,False
uplift_top_pred_qty_q90_x112,top_pred_qty_q90,1.12,4056,0.1,0.6470972064981313,1.1044499661520208,0.2906879738121239,0.7410520587695463,0.6631382770444367,0.32222551697014534,0.6671908520428896,0.6524430436550572,0.8078380186536347,1.3335953294109153,0.15645560130135022,0.017791153492656715,1.1642269502897935,2,-0.011954961188659796,-0.03921098770988729,0.0846007309027883,0.08854855313144117,-0.05587968830090756,-0.0659300134284791,0.07645558111816564,0.08224415330248114,0.06499576323749057,0.07786336208964295,-0.05974773783242315,-0.09424921067021785,0.0714847341474526,0.11325599216697657,0.0,0.0030646053646500304,0.0,0.0034218135750749834,0.057729520610997564,0.033698037870467434,5.551115123125783e-17,-0.005535163004978028,0.003251286878133265,0.001831990702506666,5.713320639444751,22.630235261623007,False,False,False,False
uplift_top_demand_score_q93_x11,top_demand_score_q93,1.1,2840,0.07001972386587771,0.6442756531637395,1.0816998395453685,0.3033480590703519,0.7168718918618988,0.638825048343856,0.33149755353448124,0.6552767296849807,0.6524430436550572,0.8078139562665883,1.3053435714851842,0.15645560130135022,0.016237725445126094,1.1396453520095216,2,-0.01477651452305162,-0.042032541044279115,0.06185060429613598,0.06579842652478884,-0.04321960304267958,-0.05326992817025111,0.05227541421051818,0.05806398639483368,0.04068253453690984,0.05355013338906223,-0.05047570126808726,-0.08497717410588196,0.059570611789543704,0.10134186980906768,0.0,0.0030646053646500304,-2.4062387046441813e-05,0.0033977511880285416,0.029477762685266473,0.005446279944736343,5.551115123125783e-17,-0.005535163004978028,0.001697858830602644,0.0002785626549760452,6.124441089149977,20.403920926328563,False,False,False,False
uplift_top_pred_qty_q93_x11,top_pred_qty_q93,1.1,2840,0.07001972386587771,0.6445834522551936,1.0817301617931308,0.3034530722235929,0.714945299943601,0.638825048343856,0.33149755353448124,0.6552767296849807,0.6524430436550572,0.8078380186536347,1.304251693921141,0.15645560130135022,0.016593802520994422,1.1396623480006265,2,-0.014468715431597445,-0.04172474195282494,0.06188092654389821,0.06582874877255107,-0.04311458988943856,-0.053164915017010095,0.050348822292220374,0.05613739447653587,0.04068253453690984,0.05355013338906223,-0.05047570126808726,-0.08497717410588196,0.059570611789543704,0.10134186980906768,0.0,0.0030646053646500304,0.0,0.0034218135750749834,0.02838588512122331,0.004354402380693179,5.551115123125783e-17,-0.005535163004978028,0.0020539359064709727,0.0006346397308443739,6.079592565694802,20.403920926328563,False,False,False,False
uplift_top_demand_score_q90_x11,top_demand_score_q90,1.1,4056,0.1,0.6477542599116263,1.0903102079697755,0.29937463492902494,0.7290230354879472,0.6508224958520112,0.33149755353448124,0.6552767296849807,0.6524430436550572,0.807773067839165,1.3260852357079032,0.15645560130135022,0.017135033206018505,1.1500460925126865,2,-0.011297907775164817,-0.03855393429639231,0.07046097272054297,0.07440879494919583,-0.04719302718400653,-0.057243352311578066,0.06442655783656659,0.07021513002088209,0.05267998204506508,0.06554758089721746,-0.05047570126808726,-0.08497717410588196,0.059570611789543704,0.10134186980906768,0.0,0.0030646053646500304,-6.495081446966644e-05,0.003356862760605317,0.05021942690798542,0.02618794416745529,5.551115123125783e-17,-0.005535163004978028,0.0025951665914950555,0.0011758704158684567,5.617583269697446,20.403920926328563,False,False,False,False
uplift_top_pred_qty_q90_x11,top_pred_qty_q90,1.1,4056,0.1,0.6480594777556681,1.0903498443348894,0.29945863723800525,0.7290230354879472,0.6515267116608348,0.33149755353448124,0.6552767296849807,0.6524430436550572,0.8078380186536347,1.3239737426424159,0.15645560130135022,0.017375736058347305,1.150079467634922,2,-0.010992689931123012,-0.038248716452350506,0.0705006090856568,0.07444843131430967,-0.04710902487502622,-0.05715935000259775,0.06442655783656659,0.07021513002088209,0.05338419785388859,0.06625179670604098,-0.05047570126808726,-0.08497717410588196,0.059570611789543704,0.10134186980906768,0.0,0.0030646053646500304,0.0,0.0034218135750749834,0.04810793384249812,0.02407645110196799,5.551115123125783e-17,-0.005535163004978028,0.0028358694438238557,0.001416573268197257,5.573110852404802,20.403920926328563,False,False,False,False
uplift_top_demand_score_q93_x108,top_demand_score_q93,1.08,2840,0.07001972386587771,0.6463581654445825,1.0693297186861412,0.31156521298719314,0.7065333770196198,0.6286192865796475,0.34093525532728397,0.643362607327072,0.6524430436550572,0.8078050907282999,1.2994480189481308,0.15645560130135022,0.01600597573481323,1.12758469247973,1,-0.012694002242208624,-0.03995002876343612,0.049480483436908695,0.05342830566556156,-0.03500244912583833,-0.045052774253409866,0.04193689936823919,0.04772547155255469,0.030476772772701333,0.04334437162485372,-0.041037999475284526,-0.07553947231307923,0.04765648943163492,0.08942774745115889,0.0,0.0030646053646500304,-3.292792533482469e-05,0.0033888856497401587,0.023582210148213045,-0.00044927259231708483,5.551115123125783e-17,-0.005535163004978028,0.00146610912028978,4.6812944663181255e-05,5.821004193245483,18.137828612330477,False,False,False,False
uplift_top_pred_qty_q93_x108,top_pred_qty_q93,1.08,2840,0.07001972386587771,0.6466045788584198,1.069353976484351,0.3116492235097859,0.7044353620028886,0.6286192865796475,0.34093525532728397,0.643362607327072,0.6524430436550572,0.8078380186536347,1.2985745168968963,0.15645560130135022,0.01633308409689245,1.1275982892726137,1,-0.01244758882837127,-0.039703615349598764,0.04950474123511839,0.05345256346377125,-0.03491843860324556,-0.044968763730817096,0.03983888435150795,0.04562745653582345,0.030476772772701333,0.04334437162485372,-0.041037999475284526,-0.07553947231307923,0.04765648943163492,0.08942774745115889,0.0,0.0030646053646500304,0.0,0.0034218135750749834,0.022708708096978558,-0.001322774643551572,5.551115123125783e-17,-0.005535163004978028,0.0017932174823690004,0.0003739213067424016,5.785100000942824,18.137828612330477,False,False,False,False
uplift_top_demand_score_q90_x108,top_demand_score_q90,1.08,4056,0.1,0.6491081351466201,1.076218013425667,0.30837386628095487,0.7157680712063481,0.6395609883007654,0.34093525532728397,0.643362607327072,0.6524430436550572,0.8077749516371424,1.3160413503263062,0.15645560130135022,0.01669413837538565,1.1359052848822622,1,-0.009944032540170955,-0.03720005906139845,0.056368778176434375,0.06031660040508724,-0.038193795832076605,-0.04824412095964814,0.051171593554967476,0.056960165739282975,0.04141847449381919,0.054286073345971575,-0.041037999475284526,-0.07553947231307923,0.04765648943163492,0.08942774745115889,0.0,0.0030646053646500304,-6.306701649227975e-05,0.0033587465585827037,0.04017554152638847,0.01614405878585834,5.551115123125783e-17,-0.005535163004978028,0.0021542717608622006,0.0007349755852356019,5.420313989449934,18.137828612330477,False,False,False,False
uplift_top_pred_qty_q90_x108,top_pred_qty_q90,1.08,4056,0.1,0.649357935073194,1.0762497225177579,0.30844106812813915,0.7157680712063481,0.6402524001857921,0.34093525532728397,0.643362607327072,0.6524430436550572,0.8078380186536347,1.3143521558739162,0.15645560130135022,0.01678440194500895,1.1359319849800504,1,-0.009694232613597142,-0.03695025913482464,0.05640048726852531,0.060348309497178176,-0.03812659398489232,-0.048176919112463856,0.051171593554967476,0.056960165739282975,0.04210988637884594,0.054977485230998324,-0.041037999475284526,-0.07553947231307923,0.04765648943163492,0.08942774745115889,0.0,0.0030646053646500304,0.0,0.0034218135750749834,0.03848634707399845,0.01445486433346832,5.551115123125783e-17,-0.005535163004978028,0.0022445353304855007,0.0008252391548589019,5.383916358082283,18.137828612330477,False,False,False,False
uplift_top_demand_score_q90_x105,top_demand_score_q90,1.05,4056,0.1,0.6519122211952804,1.055079721609504,0.32226411385627274,0.6966026196523706,0.6230296841090521,0.3556271089162181,0.625491423790209,0.6524430436550572,0.8077766323519988,1.3009755222539103,0.15645560130135022,0.01577828491818778,1.114694073436625,1,-0.007139946491510729,-0.034395973012738223,0.035230486360271485,0.03917830858892435,-0.024303548256758734,-0.03435387338433027,0.032006142000989946,0.037794714185305445,0.024887170302105965,0.03775476915425835,-0.02634614588635037,-0.06084761872414507,0.029785305894771907,0.07155656391429588,0.0,0.0030646053646500304,-6.138630163587955e-05,0.003360427273439104,0.0251097134539926,0.0010782307134624691,5.551115123125783e-17,-0.005535163004978028,0.0012384183036643296,-0.00018087787196226918,5.01173864788694,14.610158716926655,False,False,False,False
uplift_top_pred_qty_q90_x105,top_pred_qty_q90,1.05,4056,0.1,0.6520788942456521,1.0550995397920608,0.3223061150107629,0.6966026196523706,0.6237018901083837,0.3556271089162181,0.625491423790209,0.6524430436550572,0.8078380186536347,1.2999197757211667,0.15645560130135022,0.01580837277472888,1.114710760997743,1,-0.006973273441138961,-0.034229299962366455,0.03525030454282829,0.03919812677148116,-0.024261547102268577,-0.03431187222984011,0.032006142000989946,0.037794714185305445,0.025559376301437564,0.03842697515358995,-0.02634614588635037,-0.06084761872414507,0.029785305894771907,0.07155656391429588,0.0,0.0030646053646500304,0.0,0.0034218135750749834,0.024053966921248948,2.248418071881808e-05,5.551115123125783e-17,-0.005535163004978028,0.0012685061602054296,-0.00015079001542116915,4.98745319540679,14.610158716926655,False,False,False,False
