{
  "run_id": "20260402_overnight",
  "winner_action": "promote_phase7_candidate",
  "reason_or_selected": "tail_full_lr005_l63_g027_n800_s2028",
  "baseline_mainline": "p57_covact_lr005_l63_hard_g025 + sep098_oct093",
  "final_calibrated_summary": [
    {
      "candidate_key": "lightgbm_sep098_oct093",
      "track": "current_calibrated_mainline",
      "variant_key": "lightgbm_sep098_oct093",
      "seed": -1.0,
      "lr": -1.0,
      "num_leaves": -1.0,
      "qty_gate": -1.0,
      "n_estimators": -1.0,
      "global_ratio": 1.0188056903185592,
      "global_wmape": 0.852616457852175,
      "4_25_under_wape": 0.42363024313025066,
      "4_25_sku_p50": 0.5986382444937415,
      "ice_4_25_sku_p50": 0.506851106864445,
      "blockbuster_under_wape": 0.5506903273325982,
      "blockbuster_sku_p50": 0.4047904535181246,
      "top20_true_volume_capture": 0.6213059722144356,
      "rank_corr_positive_skus": 0.7365244419144066,
      "1_3_ratio": 1.3801092607212884,
      "anchor_passes": 4,
      "tail_gain_like": false,
      "allocation_gain_like": false,
      "potential_gate_like": false,
      "replacement_gate_like": false
    },
    {
      "candidate_key": "style_category_priors_lr003_l63_g027_n800_s2026",
      "track": "cov_activity_priors",
      "variant_key": "style_category_priors",
      "seed": 2026.0,
      "lr": 0.03,
      "num_leaves": 63.0,
      "qty_gate": 0.27,
      "n_estimators": 800.0,
      "global_ratio": 1.0305954795534766,
      "global_wmape": 0.7820781936835977,
      "4_25_under_wape": 0.39061006901719436,
      "4_25_sku_p50": 0.628880796797642,
      "ice_4_25_sku_p50": 0.562337792802436,
      "blockbuster_under_wape": 0.4817085876848458,
      "blockbuster_sku_p50": 0.47927692506057445,
      "top20_true_volume_capture": 0.6388201880957529,
      "rank_corr_positive_skus": 0.763129256920512,
      "1_3_ratio": 1.3377844034585766,
      "anchor_passes": 4,
      "tail_gain_like": true,
      "allocation_gain_like": true,
      "potential_gate_like": true,
      "replacement_gate_like": true
    },
    {
      "candidate_key": "style_category_priors_lr003_l63_g027_n800_s2027",
      "track": "cov_activity_priors",
      "variant_key": "style_category_priors",
      "seed": 2027.0,
      "lr": 0.03,
      "num_leaves": 63.0,
      "qty_gate": 0.27,
      "n_estimators": 800.0,
      "global_ratio": 1.0258378901633067,
      "global_wmape": 0.7729421709614248,
      "4_25_under_wape": 0.3898045702544194,
      "4_25_sku_p50": 0.627022566104388,
      "ice_4_25_sku_p50": 0.5734835073864616,
      "blockbuster_under_wape": 0.4779028601497316,
      "blockbuster_sku_p50": 0.4798688404113735,
      "top20_true_volume_capture": 0.6360279096567937,
      "rank_corr_positive_skus": 0.7628690023768359,
      "1_3_ratio": 1.3463106032450578,
      "anchor_passes": 4,
      "tail_gain_like": true,
      "allocation_gain_like": true,
      "potential_gate_like": true,
      "replacement_gate_like": true
    },
    {
      "candidate_key": "style_category_priors_lr003_l63_g027_n800_s2028",
      "track": "cov_activity_priors",
      "variant_key": "style_category_priors",
      "seed": 2028.0,
      "lr": 0.03,
      "num_leaves": 63.0,
      "qty_gate": 0.27,
      "n_estimators": 800.0,
      "global_ratio": 1.0264355259814804,
      "global_wmape": 0.7751291866675718,
      "4_25_under_wape": 0.3911859210216636,
      "4_25_sku_p50": 0.623781692124959,
      "ice_4_25_sku_p50": 0.5597879225022687,
      "blockbuster_under_wape": 0.47655737324953545,
      "blockbuster_sku_p50": 0.4787536125107174,
      "top20_true_volume_capture": 0.6404728488428946,
      "rank_corr_positive_skus": 0.762904000660209,
      "1_3_ratio": 1.3429661217921098,
      "anchor_passes": 4,
      "tail_gain_like": true,
      "allocation_gain_like": true,
      "potential_gate_like": true,
      "replacement_gate_like": true
    },
    {
      "candidate_key": "style_category_priors_lr005_l63_g025_n800_s2026",
      "track": "cov_activity_priors",
      "variant_key": "style_category_priors",
      "seed": 2026.0,
      "lr": 0.05,
      "num_leaves": 63.0,
      "qty_gate": 0.25,
      "n_estimators": 800.0,
      "global_ratio": 1.0340521642228453,
      "global_wmape": 0.7147743412573688,
      "4_25_under_wape": 0.3599437811399185,
      "4_25_sku_p50": 0.652920318699516,
      "ice_4_25_sku_p50": 0.5918303397589666,
      "blockbuster_under_wape": 0.42699029884825596,
      "blockbuster_sku_p50": 0.5498309690011367,
      "top20_true_volume_capture": 0.6479141844123641,
      "rank_corr_positive_skus": 0.7966362302576329,
      "1_3_ratio": 1.3051165302797028,
      "anchor_passes": 4,
      "tail_gain_like": true,
      "allocation_gain_like": true,
      "potential_gate_like": true,
      "replacement_gate_like": true
    },
    {
      "candidate_key": "style_category_priors_lr005_l63_g025_n800_s2027",
      "track": "cov_activity_priors",
      "variant_key": "style_category_priors",
      "seed": 2027.0,
      "lr": 0.05,
      "num_leaves": 63.0,
      "qty_gate": 0.25,
      "n_estimators": 800.0,
      "global_ratio": 1.0363330472256655,
      "global_wmape": 0.7090808282935723,
      "4_25_under_wape": 0.3565821714834724,
      "4_25_sku_p50": 0.6614624883864615,
      "ice_4_25_sku_p50": 0.5986719234477101,
      "blockbuster_under_wape": 0.42163001690049295,
      "blockbuster_sku_p50": 0.5402420305550055,
      "top20_true_volume_capture": 0.647574451879815,
      "rank_corr_positive_skus": 0.7977272304558045,
      "1_3_ratio": 1.3102749084261605,
      "anchor_passes": 4,
      "tail_gain_like": true,
      "allocation_gain_like": true,
      "potential_gate_like": true,
      "replacement_gate_like": true
    },
    {
      "candidate_key": "style_category_priors_lr005_l63_g025_n800_s2028",
      "track": "cov_activity_priors",
      "variant_key": "style_category_priors",
      "seed": 2028.0,
      "lr": 0.05,
      "num_leaves": 63.0,
      "qty_gate": 0.25,
      "n_estimators": 800.0,
      "global_ratio": 1.027686539186738,
      "global_wmape": 0.7151823841650757,
      "4_25_under_wape": 0.3600255780553548,
      "4_25_sku_p50": 0.6552713965362206,
      "ice_4_25_sku_p50": 0.6001070947177007,
      "blockbuster_under_wape": 0.4401406318950465,
      "blockbuster_sku_p50": 0.5282526011735951,
      "top20_true_volume_capture": 0.648019416597044,
      "rank_corr_positive_skus": 0.7969800829047105,
      "1_3_ratio": 1.3090251327953621,
      "anchor_passes": 4,
      "tail_gain_like": true,
      "allocation_gain_like": true,
      "potential_gate_like": true,
      "replacement_gate_like": true
    },
    {
      "candidate_key": "style_category_priors_lr005_l63_g027_n800_s2026",
      "track": "cov_activity_priors",
      "variant_key": "style_category_priors",
      "seed": 2026.0,
      "lr": 0.05,
      "num_leaves": 63.0,
      "qty_gate": 0.27,
      "n_estimators": 800.0,
      "global_ratio": 1.0172701160838082,
      "global_wmape": 0.7001379964964078,
      "4_25_under_wape": 0.3599437811399185,
      "4_25_sku_p50": 0.652920318699516,
      "ice_4_25_sku_p50": 0.5918303397589666,
      "blockbuster_under_wape": 0.4284052773995997,
      "blockbuster_sku_p50": 0.5498309690011367,
      "top20_true_volume_capture": 0.6472681896047858,
      "rank_corr_positive_skus": 0.7963954766047041,
      "1_3_ratio": 1.2992575590205977,
      "anchor_passes": 4,
      "tail_gain_like": true,
      "allocation_gain_like": true,
      "potential_gate_like": true,
      "replacement_gate_like": true
    },
    {
      "candidate_key": "style_category_priors_lr005_l63_g027_n800_s2027",
      "track": "cov_activity_priors",
      "variant_key": "style_category_priors",
      "seed": 2027.0,
      "lr": 0.05,
      "num_leaves": 63.0,
      "qty_gate": 0.27,
      "n_estimators": 800.0,
      "global_ratio": 1.0190970415529241,
      "global_wmape": 0.693170865362185,
      "4_25_under_wape": 0.35668748082163293,